H_cfc,H_matamagic,2
H_matamagic,H_cfc,2
H_nowplaying,H_mjtunes,2
H_mjtunes,H_nowplaying,2
H_,H_red,2
H_red,H_,2
H_spurs,H_nba,2
H_nba,H_spurs,2
H_angelinvestor,H_entrepreneur,2
H_entrepreneur,H_angelinvestor,2
H_splapa,H_closer,2
H_splapa,H_killerinstinct,2
H_closer,H_splapa,2
H_closer,H_killerinstinct,2
H_killerinstinct,H_splapa,2
H_killerinstinct,H_closer,2
H_lynndebate,H_romneyrally,2
H_romneyrally,H_lynndebate,2
H_duval,H_obama,2
H_obama,H_duval,2
H_imwearingblue,H_istillloveeastview,2
H_istillloveeastview,H_imwearingblue,2
H_exists,H_truelove,2
H_truelove,H_exists,2
H_btwftr,H_fuckingawesome,2
H_fuckingawesome,H_btwftr,2
H_poundinggrape,H_pennycan,2
H_pennycan,H_poundinggrape,2
H_p,H_sfgchamps,2
H_sfgchamps,H_p,2
H_streakin,H_keepitrollin,2
H_keepitrollin,H_streakin,2
H_silentnight,H_recapo,2
H_recapo,H_silentnight,2
H_excited,H_esherrugby,2
H_excited,H_refereeing,2
H_esherrugby,H_excited,2
H_esherrugby,H_refereeing,2
H_refereeing,H_excited,2
H_refereeing,H_esherrugby,2
H_accents,H_cuties,2
H_cuties,H_accents,2
H_lovethem,H_obsessed,2
H_obsessed,H_lovethem,2
H_giants,H_nfl,2
H_giants,H_nyg,2
H_nfl,H_giants,2
H_nfl,H_nyg,2
H_nyg,H_giants,2
H_nyg,H_nfl,2
H_ufcengland,H_asu,2
H_ufcengland,H_warkingsbu,2
H_asu,H_ufcengland,2
H_asu,H_warkingsbu,2
H_warkingsbu,H_ufcengland,2
H_warkingsbu,H_asu,2
H_halloween,H_letmeloveyou,2
H_letmeloveyou,H_halloween,2
H_tears,H_lovestory,2
H_tears,H_noah,2
H_lovestory,H_tears,2
H_lovestory,H_noah,2
H_noah,H_tears,2
H_noah,H_lovestory,2
H_giants,H_niners,2
H_niners,H_giants,2
H_getsome,H_dabears,2
H_dabears,H_getsome,2
H_obamafailed,H_romney,2
H_romney,H_obamafailed,2
H_dallasgop,H_tyrf,2
H_dallasgop,H_txcot,2
H_dallasgop,H_mittromney,2
H_dallasgop,H_florida,2
H_dallasgop,H_tcot,2
H_dallasgop,H_strikeforce,2
H_tyrf,H_dallasgop,2
H_tyrf,H_txcot,2
H_tyrf,H_mittromney,2
H_tyrf,H_florida,2
H_tyrf,H_tcot,2
H_tyrf,H_strikeforce,2
H_txcot,H_dallasgop,2
H_txcot,H_tyrf,2
H_txcot,H_mittromney,2
H_txcot,H_florida,2
H_txcot,H_tcot,2
H_txcot,H_strikeforce,2
H_mittromney,H_dallasgop,2
H_mittromney,H_tyrf,2
H_mittromney,H_txcot,2
H_mittromney,H_florida,2
H_mittromney,H_tcot,2
H_mittromney,H_strikeforce,2
H_florida,H_dallasgop,2
H_florida,H_tyrf,2
H_florida,H_txcot,2
H_florida,H_mittromney,2
H_florida,H_tcot,2
H_florida,H_strikeforce,2
H_tcot,H_dallasgop,2
H_tcot,H_tyrf,2
H_tcot,H_txcot,2
H_tcot,H_mittromney,2
H_tcot,H_florida,2
H_tcot,H_strikeforce,2
H_strikeforce,H_dallasgop,2
H_strikeforce,H_tyrf,2
H_strikeforce,H_txcot,2
H_strikeforce,H_mittromney,2
H_strikeforce,H_florida,2
H_strikeforce,H_tcot,2
H_classic,H_soundsexciting,2
H_soundsexciting,H_classic,2
H_halloween,H_halloweenfacts,2
H_halloweenfacts,H_halloween,2
H_meta,H_classy,2
H_classy,H_meta,2
H_miami,H_vtech,2
H_vtech,H_miami,2
H_knickstape,H_gonewyork,2
H_gonewyork,H_knickstape,2
H_sky,H_finder,2
H_sky,H_risolutore,2
H_finder,H_sky,2
H_finder,H_risolutore,2
H_risolutore,H_sky,2
H_risolutore,H_finder,2
H_lebron,H_wade,2
H_wade,H_lebron,2
H_,H_reggie,2
H_,H_lgm,2
H_,H_kid,2
H_reggie,H_,2
H_reggie,H_lgm,2
H_reggie,H_kid,2
H_lgm,H_,2
H_lgm,H_reggie,2
H_lgm,H_kid,2
H_kid,H_,2
H_kid,H_reggie,2
H_kid,H_lgm,2
H_altitude,H_paceit,2
H_paceit,H_altitude,2
H_realtalk,H_girltime,2
H_girltime,H_realtalk,2
H_vicepogi,H_ggv,2
H_ggv,H_vicepogi,2
H_vegvegveg,H_lean,2
H_lean,H_vegvegveg,2
H_fact,H_nerd,2
H_nerd,H_fact,2
H_hailstate,H_cmaawards,2
H_hailstate,H_bulldogbash,2
H_cmaawards,H_hailstate,2
H_cmaawards,H_bulldogbash,2
H_bulldogbash,H_hailstate,2
H_bulldogbash,H_cmaawards,2
H_sleep,H_goodnight,2
H_sleep,H_insidejoke,2
H_goodnight,H_sleep,2
H_goodnight,H_insidejoke,2
H_insidejoke,H_sleep,2
H_insidejoke,H_goodnight,2
H_excusememr,H_tragickingdom,2
H_tragickingdom,H_excusememr,2
H_tn,H_ndtv,2
H_ndtv,H_tn,2
H_nokidding,H_blownaway,2
H_blownaway,H_nokidding,2
H_everything,H_boom,2
H_everything,H_point,2
H_boom,H_everything,2
H_boom,H_point,2
H_point,H_everything,2
H_point,H_boom,2
H_cantwait,H_monday,2
H_monday,H_cantwait,2
H_nuffsaid,H_love,2
H_nuffsaid,H_comeback,2
H_love,H_nuffsaid,2
H_love,H_comeback,2
H_comeback,H_nuffsaid,2
H_comeback,H_love,2
H_shoptilwedrop,H_yay,2
H_yay,H_shoptilwedrop,2
H_sun,H_par,2
H_sun,H_fun,2
H_par,H_sun,2
H_par,H_fun,2
H_fun,H_sun,2
H_fun,H_par,2
H_excitedthough,H_justkidding,2
H_justkidding,H_excitedthough,2
H_achiversparadise,H_onthereal,2
H_onthereal,H_achiversparadise,2
H_easyontheears,H_nicesurprise,2
H_nicesurprise,H_easyontheears,2
H_mickymouse,H_wordlesswednesday,2
H_wordlesswednesday,H_mickymouse,2
H_c,H_gcard,2
H_gcard,H_c,2
H_loudandproud,H_studentsection,2
H_loudandproud,H_bruinfam,2
H_studentsection,H_loudandproud,2
H_studentsection,H_bruinfam,2
H_bruinfam,H_loudandproud,2
H_bruinfam,H_studentsection,2
H_dwts,H_gh,2
H_gh,H_dwts,2
H_timetowin,H_herewego,2
H_herewego,H_timetowin,2
H_tebaklagu,H_duet,2
H_tebaklagu,H_barat,2
H_duet,H_tebaklagu,2
H_duet,H_barat,2
H_barat,H_tebaklagu,2
H_barat,H_duet,2
H_slamdunkchampion,H_sctopten,2
H_sctopten,H_slamdunkchampion,2
H_skatenight,H_saab,6
H_saab,H_skatenight,6
H_du,H_duhast,2
H_du,H_duhastmich,2
H_duhast,H_du,2
H_duhast,H_duhastmich,2
H_duhastmich,H_du,2
H_duhastmich,H_duhast,2
H_rtesoccer,H_coybig,2
H_rtesoccer,H_winningmentality,2
H_coybig,H_rtesoccer,2
H_coybig,H_winningmentality,2
H_winningmentality,H_rtesoccer,2
H_winningmentality,H_coybig,2
H_losangeles,H_hardsummer,2
H_hardsummer,H_losangeles,2
H_itscold,H_missyallboyz,2
H_missyallboyz,H_itscold,2
H_mmm,H_socomx,2
H_socomx,H_mmm,2
H_iwish,H_justkidding,2
H_justkidding,H_iwish,2
H_watchthethrone,H_np,2
H_np,H_watchthethrone,2
H_nascar,H_fb,2
H_fb,H_nascar,2
H_congrats,H_nowaynicki,2
H_nowaynicki,H_congrats,2
H_chelsea,H_manchesterunited,2
H_manchesterunited,H_chelsea,2
H_students,H_stressfree,2
H_stressfree,H_students,2
H_china,H_deltaview,2
H_china,H_monday,2
H_deltaview,H_china,2
H_deltaview,H_monday,2
H_monday,H_china,2
H_monday,H_deltaview,2
H_np,H_mmg,2
H_mmg,H_np,2
H_or,H_ne,2
H_or,H_peace,2
H_ne,H_or,2
H_ne,H_peace,2
H_peace,H_or,2
H_peace,H_ne,2
H_dunfermlinewolves,H_itsyourtime,2
H_itsyourtime,H_dunfermlinewolves,2
H_player,H_cheersforthenetboys,2
H_cheersforthenetboys,H_player,2
H_beavercentral,H_pride,2
H_pride,H_beavercentral,2
H_littlepariskitchen,H_lyon,2
H_lyon,H_littlepariskitchen,2
H_lovemesomeog,H_spoiledgf,2
H_lovemesomeog,H_sosweet,2
H_spoiledgf,H_lovemesomeog,2
H_spoiledgf,H_sosweet,2
H_sosweet,H_lovemesomeog,2
H_sosweet,H_spoiledgf,2
H_lakings,H_isthatpossible,2
H_lakings,H_nhl,2
H_isthatpossible,H_lakings,2
H_isthatpossible,H_nhl,2
H_nhl,H_lakings,2
H_nhl,H_isthatpossible,2
H_convergys,H_bpo,2
H_convergys,H_youcount,2
H_convergys,H_tvc,2
H_bpo,H_convergys,2
H_bpo,H_youcount,2
H_bpo,H_tvc,2
H_youcount,H_convergys,2
H_youcount,H_bpo,2
H_youcount,H_tvc,2
H_tvc,H_convergys,2
H_tvc,H_bpo,2
H_tvc,H_youcount,2
H_vnzmas,H_vnzma,2
H_vnzma,H_vnzmas,2
H_letsgetthatwin,H_gameday,2
H_gameday,H_letsgetthatwin,2
H_days,H_gh,2
H_gh,H_days,2
H_ramadan,H_mubarak,2
H_ramadan,H_muslims,2
H_mubarak,H_ramadan,2
H_mubarak,H_muslims,2
H_muslims,H_ramadan,2
H_muslims,H_mubarak,2
H_excitedmuch,H_biggelontv,2
H_biggelontv,H_excitedmuch,2
H_yardofcocktail,H_liquid,2
H_yardofcocktail,H_punk,2
H_liquid,H_yardofcocktail,2
H_liquid,H_punk,2
H_punk,H_yardofcocktail,2
H_punk,H_liquid,2
H_jbmeetdanica,H_amazing,2
H_amazing,H_jbmeetdanica,2
H_happybirthdaykendallschmidt,H_btronpcas,2
H_btronpcas,H_happybirthdaykendallschmidt,2
H_sale,H_fashion,2
H_fashion,H_sale,2
H_meego,H_maemo,2
H_maemo,H_meego,2
H_throwback,H_iamhappyagain,2
H_iamhappyagain,H_throwback,2
H_freshtodeath,H_blessed,2
H_blessed,H_freshtodeath,2
H_gtchat,H_plusinvites,2
H_plusinvites,H_gtchat,2
H_samcro,H_entourage,2
H_entourage,H_samcro,2
H_cbsbigbrother,H_teamjorchel,6
H_cbsbigbrother,H_bb,6
H_teamjorchel,H_cbsbigbrother,6
H_teamjorchel,H_bb,6
H_bb,H_cbsbigbrother,6
H_bb,H_teamjorchel,6
H_loveabitofbiff,H_rwc,2
H_rwc,H_loveabitofbiff,2
H_nobama,H_fight,2
H_fight,H_nobama,2
H_yesreally,H_n,2
H_n,H_yesreally,2
H_l,H_ctv,2
H_ctv,H_l,2
H_ltotheltotheoyd,H_fb,2
H_fb,H_ltotheltotheoyd,2
H_dominos,H_pizzasweats,2
H_pizzasweats,H_dominos,2
H_video,H_love,2
H_video,H_art,2
H_love,H_video,2
H_love,H_art,2
H_art,H_video,2
H_art,H_love,2
H_bradyrules,H_patriots,2
H_patriots,H_bradyrules,2
H_,H_dexter,2
H_dexter,H_,2
H_omg,H_believe,2
H_omg,H_myworldtour,2
H_believe,H_omg,2
H_believe,H_myworldtour,2
H_myworldtour,H_omg,2
H_myworldtour,H_believe,2
H_newnickname,H_skiing,2
H_newnickname,H_raggedtalk,2
H_skiing,H_newnickname,2
H_skiing,H_raggedtalk,2
H_raggedtalk,H_newnickname,2
H_raggedtalk,H_skiing,2
H_thehelp,H_hothouse,2
H_hothouse,H_thehelp,2
H_longoverdue,H_lookingfoward,2
H_lookingfoward,H_longoverdue,2
H_,H_legend,2
H_legend,H_,2
H_dexter,H_icanhonestlysay,2
H_icanhonestlysay,H_dexter,2
H_goonerpower,H_gooners,2
H_gooners,H_goonerpower,2
H_goodanswer,H_jeopardy,4
H_jeopardy,H_goodanswer,4
H_jetsnation,H_jets,2
H_jetsnation,H_nfl,2
H_jetsnation,H_nyc,2
H_jets,H_jetsnation,2
H_jets,H_nfl,2
H_jets,H_nyc,2
H_nfl,H_jetsnation,2
H_nfl,H_jets,2
H_nfl,H_nyc,2
H_nyc,H_jetsnation,2
H_nyc,H_jets,2
H_nyc,H_nfl,2
H_b,H_backwoodslivin,2
H_b,H_lovethisplace,2
H_backwoodslivin,H_b,2
H_backwoodslivin,H_lovethisplace,2
H_lovethisplace,H_b,2
H_lovethisplace,H_backwoodslivin,2
H_wirecall,H_wiunion,6
H_wirecall,H_teaparty,2
H_wirecall,H_tcot,4
H_wirecall,H_tpx,2
H_wirecall,H_gop,2
H_wiunion,H_wirecall,6
H_wiunion,H_teaparty,2
H_wiunion,H_tcot,2
H_wiunion,H_tpx,2
H_wiunion,H_gop,2
H_teaparty,H_wirecall,2
H_teaparty,H_wiunion,2
H_teaparty,H_tcot,8
H_teaparty,H_tpx,2
H_teaparty,H_gop,6
H_tcot,H_wirecall,4
H_tcot,H_wiunion,2
H_tcot,H_teaparty,8
H_tcot,H_tpx,2
H_tcot,H_gop,6
H_tpx,H_wirecall,2
H_tpx,H_wiunion,2
H_tpx,H_teaparty,2
H_tpx,H_tcot,2
H_tpx,H_gop,2
H_gop,H_wirecall,2
H_gop,H_wiunion,2
H_gop,H_teaparty,6
H_gop,H_tcot,6
H_gop,H_tpx,2
H_notreally,H_getfucked,2
H_notreally,H_gaa,2
H_getfucked,H_notreally,2
H_getfucked,H_gaa,2
H_gaa,H_notreally,2
H_gaa,H_getfucked,2
H_dexter,H_entourage,2
H_entourage,H_dexter,2
H_aurora,H_wx,2
H_wx,H_aurora,2
H_wirec,H_wiunion,2
H_wiunion,H_wirec,2
H_alzheimers,H_fight,2
H_fight,H_alzheimers,2
H_syfy,H_legend,2
H_legend,H_syfy,2
H_millwall,H_itfc,2
H_itfc,H_millwall,2
H_afleaglestigers,H_goeagles,2
H_goeagles,H_afleaglestigers,2
H_pirategang,H_gang,2
H_gang,H_pirategang,2
H_advengers,H_lowkey,2
H_lowkey,H_advengers,2
H_,H_orlrank,2
H_orlrank,H_,2
H_catholic,H_celebrate,2
H_celebrate,H_catholic,2
H_gobigorange,H_truevolfan,4
H_truevolfan,H_gobigorange,4
H_gsu,H_jsu,4
H_gsu,H_ulm,4
H_gsu,H_tech,2
H_gsu,H_ull,4
H_jsu,H_gsu,4
H_jsu,H_ulm,4
H_jsu,H_tech,2
H_jsu,H_ull,4
H_ulm,H_gsu,4
H_ulm,H_jsu,4
H_ulm,H_tech,2
H_ulm,H_ull,4
H_tech,H_gsu,2
H_tech,H_jsu,2
H_tech,H_ulm,2
H_tech,H_ull,2
H_ull,H_gsu,4
H_ull,H_jsu,4
H_ull,H_ulm,4
H_ull,H_tech,2
H_nufc,H_mfc,2
H_mfc,H_nufc,2
H_needstostop,H_itssoearly,2
H_needstostop,H_butilovethemsomuch,2
H_needstostop,H_maybenextyear,2
H_needstostop,H_eyeswithpride,2
H_itssoearly,H_needstostop,2
H_itssoearly,H_butilovethemsomuch,2
H_itssoearly,H_maybenextyear,2
H_itssoearly,H_eyeswithpride,2
H_butilovethemsomuch,H_needstostop,2
H_butilovethemsomuch,H_itssoearly,2
H_butilovethemsomuch,H_maybenextyear,2
H_butilovethemsomuch,H_eyeswithpride,2
H_maybenextyear,H_needstostop,2
H_maybenextyear,H_itssoearly,2
H_maybenextyear,H_butilovethemsomuch,2
H_maybenextyear,H_eyeswithpride,2
H_eyeswithpride,H_needstostop,2
H_eyeswithpride,H_itssoearly,2
H_eyeswithpride,H_butilovethemsomuch,2
H_eyeswithpride,H_maybenextyear,2
H_clover,H_okami,2
H_okami,H_clover,2
H_avfc,H_utv,2
H_utv,H_avfc,2
H_infinity,H_hustlehardwednesdays,2
H_hustlehardwednesdays,H_infinity,2
H_nascar,H_nscs,2
H_nscs,H_nascar,2
H_clippers,H_suns,2
H_clippers,H_nba,4
H_clippers,H_gsw,2
H_clippers,H_kings,2
H_clippers,H_lakers,2
H_suns,H_clippers,2
H_suns,H_nba,2
H_suns,H_gsw,2
H_suns,H_kings,2
H_suns,H_lakers,2
H_nba,H_clippers,4
H_nba,H_suns,2
H_nba,H_gsw,2
H_nba,H_kings,2
H_nba,H_lakers,2
H_gsw,H_clippers,2
H_gsw,H_suns,2
H_gsw,H_nba,2
H_gsw,H_kings,2
H_gsw,H_lakers,2
H_kings,H_clippers,2
H_kings,H_suns,2
H_kings,H_nba,2
H_kings,H_gsw,2
H_kings,H_lakers,2
H_lakers,H_clippers,2
H_lakers,H_suns,2
H_lakers,H_nba,2
H_lakers,H_gsw,2
H_lakers,H_kings,2
H_juvederm,H_madison,2
H_juvederm,H_botox,2
H_madison,H_juvederm,2
H_madison,H_botox,2
H_botox,H_juvederm,2
H_botox,H_madison,2
H_bhafc,H_misstheamex,2
H_misstheamex,H_bhafc,2
H_freepizza,H_dontmissit,2
H_dontmissit,H_freepizza,2
H_,H_believe,2
H_,H_happybirthdaymykidrauhl,2
H_believe,H_,2
H_believe,H_happybirthdaymykidrauhl,2
H_happybirthdaymykidrauhl,H_,2
H_happybirthdaymykidrauhl,H_believe,2
H_thekandifactory,H_viggle,2
H_viggle,H_thekandifactory,2
H_gsu,H_latech,2
H_gsu,H_letzgetit,2
H_gsu,H_teamlcf,2
H_jsu,H_latech,2
H_jsu,H_letzgetit,2
H_jsu,H_teamlcf,2
H_latech,H_gsu,2
H_latech,H_jsu,2
H_latech,H_letzgetit,2
H_latech,H_ulm,2
H_latech,H_teamlcf,2
H_latech,H_ull,2
H_letzgetit,H_gsu,2
H_letzgetit,H_jsu,2
H_letzgetit,H_latech,2
H_letzgetit,H_ulm,2
H_letzgetit,H_teamlcf,2
H_letzgetit,H_ull,2
H_ulm,H_latech,2
H_ulm,H_letzgetit,2
H_ulm,H_teamlcf,2
H_teamlcf,H_gsu,2
H_teamlcf,H_jsu,2
H_teamlcf,H_latech,2
H_teamlcf,H_letzgetit,2
H_teamlcf,H_ulm,2
H_teamlcf,H_ull,2
H_ull,H_latech,2
H_ull,H_letzgetit,2
H_ull,H_teamlcf,2
H_cfc,H_mufc,4
H_mufc,H_cfc,4
H_thaoshow,H_gfyh,2
H_gfyh,H_thaoshow,2
H_hockey,H_fig,2
H_hockey,H_midland,2
H_fig,H_hockey,2
H_fig,H_midland,2
H_midland,H_hockey,2
H_midland,H_fig,2
H_openchampionship,H_yumyum,2
H_yumyum,H_openchampionship,2
H_goodnight,H_greatkickoff,2
H_greatkickoff,H_goodnight,2
H_may,H_starwars,2
H_starwars,H_may,2
H_pricewise,H_horseracing,6
H_pricewise,H_goodwood,2
H_horseracing,H_pricewise,6
H_horseracing,H_goodwood,2
H_goodwood,H_pricewise,2
H_goodwood,H_horseracing,2
H_wmfchicago,H_chicago,2
H_chicago,H_wmfchicago,2
H_howlyes,H_gostate,2
H_gostate,H_howlyes,2
H_best,H_totalylmove,2
H_best,H_ythelnot,2
H_totalylmove,H_best,2
H_totalylmove,H_ythelnot,2
H_ythelnot,H_best,2
H_ythelnot,H_totalylmove,2
H_bdnews,H_bangladesh,2
H_bangladesh,H_bdnews,2
H_ckt,H_shariq,2
H_ckt,H_update,2
H_shariq,H_ckt,2
H_shariq,H_update,2
H_update,H_ckt,2
H_update,H_shariq,2
H_love,H_mcilroy,2
H_mcilroy,H_love,2
H_homecoming,H_savage,2
H_savage,H_homecoming,2
H_hatembomb,H_premierpunditry,2
H_premierpunditry,H_hatembomb,2
H_interestinggilfriend,H_interestingfactoftheday,2
H_interestingfactoftheday,H_interestinggilfriend,2
H_stateofloveandtrust,H_edshow,2
H_edshow,H_stateofloveandtrust,2
H_swfc,H_operationptl,2
H_operationptl,H_swfc,2
H_nacamam,H_bestlunche,2
H_bestlunche,H_nacamam,2
H_iparty,H_,6
H_,H_iparty,6
H_julyfestival,H_newmarket,2
H_julyfestival,H_racing,2
H_julyfestival,H_jedward,2
H_newmarket,H_julyfestival,2
H_newmarket,H_racing,2
H_newmarket,H_jedward,2
H_racing,H_julyfestival,2
H_racing,H_newmarket,2
H_racing,H_jedward,2
H_jedward,H_julyfestival,2
H_jedward,H_newmarket,2
H_jedward,H_racing,2
H_utp,H_pufc,2
H_pufc,H_utp,2
H_indonesiasayshbdforjustinbieber,H_stillkidrauhl,2
H_stillkidrauhl,H_indonesiasayshbdforjustinbieber,2
H_overachiever,H_whoops,2
H_overachiever,H_dontmindme,2
H_whoops,H_overachiever,2
H_whoops,H_dontmindme,2
H_dontmindme,H_overachiever,2
H_dontmindme,H_whoops,2
H_state,H_ulol,2
H_state,H_sunbelt,2
H_ulol,H_state,2
H_ulol,H_sunbelt,2
H_sunbelt,H_state,2
H_sunbelt,H_ulol,2
H_v,H_gc,2
H_gc,H_v,2
H_entrepreneurship,H_education,2
H_education,H_entrepreneurship,2
H_,H_emaw,2
H_emaw,H_,2
H_,H_beast,2
H_,H_damnright,2
H_beast,H_,2
H_beast,H_damnright,2
H_damnright,H_,2
H_damnright,H_beast,2
H_shakeandbakejays,H_bootstoasses,2
H_bootstoasses,H_shakeandbakejays,2
H_tbt,H_takemeback,2
H_takemeback,H_tbt,2
H_mysoulisnative,H_jointhetribe,2
H_jointhetribe,H_mysoulisnative,2
H_nufc,H_uel,2
H_uel,H_nufc,2
H_mata,H_lukaku,2
H_lukaku,H_mata,2
H_goduke,H_tulsaita,2
H_tulsaita,H_goduke,2
H_nfl,H_espn,2
H_espn,H_nfl,2
H_nfl,H_mlb,2
H_mlb,H_nfl,2
H_jets,H_rockies,2
H_jets,H_cardinals,2
H_jets,H_texans,2
H_rockies,H_jets,2
H_rockies,H_cardinals,2
H_rockies,H_texans,2
H_cardinals,H_jets,2
H_cardinals,H_rockies,2
H_cardinals,H_texans,2
H_texans,H_jets,2
H_texans,H_rockies,2
H_texans,H_cardinals,2
H_whaa,H_liamneesonisbosstho,2
H_liamneesonisbosstho,H_whaa,2
H_callmecrazy,H_justsayin,2
H_callmecrazy,H_donthateme,2
H_justsayin,H_callmecrazy,2
H_justsayin,H_donthateme,2
H_donthateme,H_callmecrazy,2
H_donthateme,H_justsayin,2
H_hornets,H_spurs,2
H_spurs,H_hornets,2
H_dook,H_overratededucation,2
H_overratededucation,H_dook,2
H_sarcasm,H_linsanity,2
H_linsanity,H_sarcasm,2
H_nfl,H_bills,6
H_bills,H_nfl,6
H_eewww,H_getoffmytv,2
H_getoffmytv,H_eewww,2
H_tech,H_,2
H_,H_tech,2
H_itsbeentolong,H_missherlots,2
H_itsbeentolong,H_mybaby,2
H_missherlots,H_itsbeentolong,2
H_missherlots,H_mybaby,2
H_mybaby,H_itsbeentolong,2
H_mybaby,H_missherlots,2
H_shame,H_cfc,2
H_cfc,H_shame,2
H_bulls,H_bucks,2
H_bucks,H_bulls,2
H_new,H_swag,2
H_new,H_shit,2
H_swag,H_new,2
H_swag,H_shit,2
H_shit,H_new,2
H_shit,H_swag,2
H_damn,H_comeonman,2
H_comeonman,H_damn,2
H_nycdoe,H_uft,2
H_uft,H_nycdoe,2
H_youjustruinedmylife,H_fuckyou,2
H_fuckyou,H_youjustruinedmylife,2
H_mardigras,H_nola,2
H_nola,H_mardigras,2
H_truestory,H_fantasybasketball,2
H_fantasybasketball,H_truestory,2
H_catholicfail,H_catholicproblems,2
H_catholicproblems,H_catholicfail,2
H_teammelo,H_knicksnation,2
H_knicksnation,H_teammelo,2
H_umesvolleyball,H_umes,2
H_umes,H_umesvolleyball,2
H_pakistan,H_news,4
H_news,H_pakistan,4
H_sandy,H_october,2
H_october,H_sandy,2
H_what,H_notokay,2
H_notokay,H_what,2
H_valorproblems,H_letsgetoursecondcarsout,2
H_valorproblems,H_richkidproblems,2
H_letsgetoursecondcarsout,H_valorproblems,2
H_letsgetoursecondcarsout,H_richkidproblems,2
H_richkidproblems,H_valorproblems,2
H_richkidproblems,H_letsgetoursecondcarsout,2
H_boring,H_blag,2
H_blag,H_boring,2
H_,H_wtf,2
H_,H_wth,2
H_wtf,H_,2
H_wtf,H_wth,2
H_wth,H_,2
H_wth,H_wtf,2
H_skyfall,H_damnyou,2
H_damnyou,H_skyfall,2
H_nufc,H_wufc,2
H_wufc,H_nufc,2
H_sockersweek,H_chicagomagicpsg,2
H_chicagomagicpsg,H_sockersweek,2
H_twostreaks,H_braves,2
H_braves,H_twostreaks,2
H_friday,H_tokadventures,2
H_tokadventures,H_friday,2
H_stonecold,H_jasonmorgan,2
H_jasonmorgan,H_stonecold,2
H_norwich,H_shopping,2
H_norwich,H_addicted,2
H_shopping,H_norwich,2
H_shopping,H_addicted,2
H_addicted,H_norwich,2
H_addicted,H_shopping,2
H_nufc,H_safc,8
H_safc,H_nufc,8
H_wow,H_iwantone,2
H_iwantone,H_wow,2
H_sports,H_newyork,2
H_newyork,H_sports,2
H_gop,H_nfl,2
H_nfl,H_gop,2
H_teaparty,H_,2
H_,H_teaparty,2
H_p,H_wirecall,8
H_wirecall,H_p,8
H_darkpassenger,H_dexter,2
H_darkpassenger,H_depressing,2
H_dexter,H_darkpassenger,2
H_dexter,H_depressing,2
H_depressing,H_darkpassenger,2
H_depressing,H_dexter,2
H_getmehome,H_gettincrazy,2
H_gettincrazy,H_getmehome,2
H_wtc,H_terror,2
H_wtc,H_nyj,2
H_terror,H_wtc,2
H_terror,H_nyj,2
H_nyj,H_wtc,2
H_nyj,H_terror,2
H_drugs,H_cannabis,2
H_cannabis,H_drugs,2
H_hate,H_jealousy,2
H_jealousy,H_hate,2
H_havoc,H_damn,2
H_damn,H_havoc,2
H_shoutfore,H_hadtohurt,2
H_shoutfore,H_players,2
H_hadtohurt,H_shoutfore,2
H_hadtohurt,H_players,2
H_players,H_shoutfore,2
H_players,H_hadtohurt,2
H_saeng,H_rugby,2
H_rugby,H_saeng,2
H_rouseykaufman,H_strikeforce,2
H_strikeforce,H_rouseykaufman,2
H_pgatour,H_ouch,2
H_ouch,H_pgatour,2
H_wwfc,H_epl,2
H_epl,H_wwfc,2
H_dohertyindisguise,H_wwfc,2
H_wwfc,H_dohertyindisguise,2
H_thatmakessense,H_noitdoesnt,2
H_noitdoesnt,H_thatmakessense,2
H_indvafg,H_wt,2
H_wt,H_indvafg,2
H_nufc,H_everton,2
H_everton,H_nufc,2
H_nufc,H_ftm,2
H_safc,H_ftm,4
H_ftm,H_nufc,2
H_ftm,H_safc,4
H_hatedbyall,H_champions,2
H_hatedbyall,H_targetonourbacks,2
H_champions,H_hatedbyall,2
H_champions,H_targetonourbacks,2
H_targetonourbacks,H_hatedbyall,2
H_targetonourbacks,H_champions,2
H_wtf,H_pt,2
H_pt,H_wtf,2
H_done,H_imatmybreakingpoint,2
H_done,H_canttakethisanymore,2
H_imatmybreakingpoint,H_done,2
H_imatmybreakingpoint,H_canttakethisanymore,2
H_canttakethisanymore,H_done,2
H_canttakethisanymore,H_imatmybreakingpoint,2
H_jets,H_gotexans,2
H_gotexans,H_jets,2
H_mufc,H_mcfc,2
H_mcfc,H_mufc,2
H_livewireathletics,H_livewire,2
H_livewire,H_livewireathletics,2
H_madden,H_connectedcareers,2
H_connectedcareers,H_madden,2
H_orioles,H_stayhungry,2
H_stayhungry,H_orioles,2
H_nationals,H_redskins,2
H_redskins,H_nationals,2
H_highstreet,H_shopping,2
H_highstreet,H_fashion,2
H_shopping,H_highstreet,2
H_shopping,H_fashion,2
H_fashion,H_highstreet,2
H_fashion,H_shopping,2
H_playersnews,H_nba,2
H_nba,H_playersnews,2
H_football,H_nfl,4
H_nfl,H_football,4
H_,H_nba,2
H_nba,H_,2
H_chicago,H_whenwillitend,2
H_chicago,H_localnews,2
H_whenwillitend,H_chicago,2
H_whenwillitend,H_localnews,2
H_localnews,H_chicago,2
H_localnews,H_whenwillitend,2
H_georgia,H_olemiss,2
H_olemiss,H_georgia,2
H_football,H_nfceast,2
H_nfl,H_nfceast,2
H_nfceast,H_football,2
H_nfceast,H_nfl,2
H_ladsontour,H_banjoooooooooooooooooo,2
H_banjoooooooooooooooooo,H_ladsontour,2
H_heckyeah,H_endofwatch,2
H_endofwatch,H_heckyeah,2
H_lovesgotaholdonme,H_sat,2
H_lovesgotaholdonme,H_haroldwashingonculcntr,2
H_sat,H_lovesgotaholdonme,2
H_sat,H_haroldwashingonculcntr,2
H_haroldwashingonculcntr,H_lovesgotaholdonme,2
H_haroldwashingonculcntr,H_sat,2
H_httr,H_redskins,2
H_redskins,H_httr,2
H_longharryimagine,H_imagine,2
H_imagine,H_longharryimagine,2
H_blackhawks,H_oilers,2
H_oilers,H_blackhawks,2
H_november,H_damn,2
H_november,H_sexy,2
H_november,H_photoaday,2
H_november,H_challenge,2
H_damn,H_november,2
H_damn,H_sexy,2
H_damn,H_photoaday,2
H_damn,H_challenge,2
H_sexy,H_november,2
H_sexy,H_damn,2
H_sexy,H_photoaday,2
H_sexy,H_challenge,2
H_photoaday,H_november,2
H_photoaday,H_damn,2
H_photoaday,H_sexy,2
H_photoaday,H_challenge,2
H_challenge,H_november,2
H_challenge,H_damn,2
H_challenge,H_sexy,2
H_challenge,H_photoaday,2
H_iwillcry,H_please,2
H_please,H_iwillcry,2
H_leadership,H_el,2
H_el,H_leadership,2
H_alfc,H_uwcl,2
H_uwcl,H_alfc,2
H_,H_ssu,2
H_ssu,H_,2
H_gallery,H_art,2
H_gallery,H_kanata,2
H_art,H_gallery,2
H_art,H_kanata,2
H_kanata,H_gallery,2
H_kanata,H_art,2
H_kpoptv,H_,2
H_kpoptv,H_askllcoolj,2
H_kpoptv,H_llcooljhangout,2
H_,H_kpoptv,2
H_,H_askllcoolj,2
H_,H_llcooljhangout,2
H_askllcoolj,H_kpoptv,2
H_askllcoolj,H_,2
H_askllcoolj,H_llcooljhangout,2
H_llcooljhangout,H_kpoptv,2
H_llcooljhangout,H_,2
H_llcooljhangout,H_askllcoolj,2
H_overdoser,H_thonglor,2
H_thonglor,H_overdoser,2
H_jager,H_beer,2
H_beer,H_jager,2
H_penygraig,H_md,2
H_md,H_penygraig,2
H_gacky,H_rank,2
H_gacky,H_beer,2
H_rank,H_gacky,2
H_rank,H_beer,2
H_beer,H_gacky,2
H_beer,H_rank,2
H_entertainment,H_oc,2
H_oc,H_entertainment,2
H_vikes,H_cards,2
H_vikes,H_gameoftheweek,2
H_cards,H_vikes,2
H_cards,H_gameoftheweek,2
H_gameoftheweek,H_vikes,2
H_gameoftheweek,H_cards,2
H_yyt,H_tims,2
H_tims,H_yyt,2
H_shermanoff,H_arefreshersreadyforbane,2
H_arefreshersreadyforbane,H_shermanoff,2
H_nyfw,H_jasonwu,2
H_jasonwu,H_nyfw,2
H_teamuapb,H_movienight,2
H_movienight,H_teamuapb,2
H_redbox,H_latepass,2
H_latepass,H_redbox,2
H_style,H_fashion,2
H_fashion,H_style,2
H_design,H_art,2
H_design,H_photography,2
H_design,H_fashion,4
H_art,H_design,2
H_art,H_photography,2
H_art,H_fashion,2
H_photography,H_design,2
H_photography,H_art,2
H_photography,H_fashion,2
H_fashion,H_design,4
H_fashion,H_art,2
H_fashion,H_photography,2
H_wahh,H_getmeouttahere,2
H_getmeouttahere,H_wahh,2
H_gsu,H_beatappstate,2
H_beatappstate,H_gsu,2
H_worldisending,H_wtf,2
H_wtf,H_worldisending,2
H_nyfw,H_fashionweek,2
H_nyfw,H_design,2
H_nyfw,H_mbfw,2
H_nyfw,H_fashion,2
H_fashionweek,H_nyfw,2
H_fashionweek,H_design,2
H_fashionweek,H_mbfw,2
H_fashionweek,H_fashion,2
H_design,H_nyfw,2
H_design,H_fashionweek,2
H_design,H_mbfw,2
H_mbfw,H_nyfw,2
H_mbfw,H_fashionweek,2
H_mbfw,H_design,2
H_mbfw,H_fashion,2
H_fashion,H_nyfw,2
H_fashion,H_fashionweek,2
H_fashion,H_mbfw,2
H_ufc,H_mma,6
H_mma,H_ufc,6
H_ocra,H_israel,2
H_ocra,H_teaparty,2
H_ocra,H_ccot,2
H_ocra,H_tcot,2
H_ocra,H_bcot,2
H_ocra,H_breitbart,2
H_ocra,H_sgp,2
H_ocra,H_twisters,2
H_ocra,H_gop,2
H_ocra,H_tlot,2
H_ocra,H_nra,2
H_israel,H_ocra,2
H_israel,H_teaparty,2
H_israel,H_ccot,2
H_israel,H_tcot,2
H_israel,H_bcot,2
H_israel,H_breitbart,2
H_israel,H_sgp,2
H_israel,H_twisters,2
H_israel,H_gop,2
H_israel,H_tlot,2
H_israel,H_nra,2
H_teaparty,H_ocra,2
H_teaparty,H_israel,2
H_teaparty,H_ccot,2
H_teaparty,H_bcot,2
H_teaparty,H_breitbart,2
H_teaparty,H_sgp,2
H_teaparty,H_twisters,2
H_teaparty,H_tlot,2
H_teaparty,H_nra,2
H_ccot,H_ocra,2
H_ccot,H_israel,2
H_ccot,H_teaparty,2
H_ccot,H_tcot,2
H_ccot,H_bcot,2
H_ccot,H_breitbart,2
H_ccot,H_sgp,2
H_ccot,H_twisters,2
H_ccot,H_gop,2
H_ccot,H_tlot,2
H_ccot,H_nra,2
H_tcot,H_ocra,2
H_tcot,H_israel,2
H_tcot,H_ccot,2
H_tcot,H_bcot,2
H_tcot,H_breitbart,2
H_tcot,H_sgp,2
H_tcot,H_twisters,2
H_tcot,H_tlot,2
H_tcot,H_nra,2
H_bcot,H_ocra,2
H_bcot,H_israel,2
H_bcot,H_teaparty,2
H_bcot,H_ccot,2
H_bcot,H_tcot,2
H_bcot,H_breitbart,2
H_bcot,H_sgp,2
H_bcot,H_twisters,2
H_bcot,H_gop,2
H_bcot,H_tlot,2
H_bcot,H_nra,2
H_breitbart,H_ocra,2
H_breitbart,H_israel,2
H_breitbart,H_teaparty,2
H_breitbart,H_ccot,2
H_breitbart,H_tcot,2
H_breitbart,H_bcot,2
H_breitbart,H_sgp,2
H_breitbart,H_twisters,2
H_breitbart,H_gop,2
H_breitbart,H_tlot,2
H_breitbart,H_nra,2
H_sgp,H_ocra,2
H_sgp,H_israel,2
H_sgp,H_teaparty,2
H_sgp,H_ccot,2
H_sgp,H_tcot,2
H_sgp,H_bcot,2
H_sgp,H_breitbart,2
H_sgp,H_twisters,2
H_sgp,H_gop,2
H_sgp,H_tlot,2
H_sgp,H_nra,2
H_twisters,H_ocra,2
H_twisters,H_israel,2
H_twisters,H_teaparty,2
H_twisters,H_ccot,2
H_twisters,H_tcot,2
H_twisters,H_bcot,2
H_twisters,H_breitbart,2
H_twisters,H_sgp,2
H_twisters,H_gop,2
H_twisters,H_tlot,2
H_twisters,H_nra,2
H_gop,H_ocra,2
H_gop,H_israel,2
H_gop,H_ccot,2
H_gop,H_bcot,2
H_gop,H_breitbart,2
H_gop,H_sgp,2
H_gop,H_twisters,2
H_gop,H_tlot,2
H_gop,H_nra,2
H_tlot,H_ocra,2
H_tlot,H_israel,2
H_tlot,H_teaparty,2
H_tlot,H_ccot,2
H_tlot,H_tcot,2
H_tlot,H_bcot,2
H_tlot,H_breitbart,2
H_tlot,H_sgp,2
H_tlot,H_twisters,2
H_tlot,H_gop,2
H_tlot,H_nra,2
H_nra,H_ocra,2
H_nra,H_israel,2
H_nra,H_teaparty,2
H_nra,H_ccot,2
H_nra,H_tcot,2
H_nra,H_bcot,2
H_nra,H_breitbart,2
H_nra,H_sgp,2
H_nra,H_twisters,2
H_nra,H_gop,2
H_nra,H_tlot,2
H_channel,H_spotify,2
H_spotify,H_channel,2
H_pennstate,H_dizzyinhappyvalley,2
H_dizzyinhappyvalley,H_pennstate,2
H_bucks,H_bemilwaukee,2
H_bucks,H_smh,2
H_bucks,H_thunde,2
H_bucks,H_buckspride,2
H_bemilwaukee,H_bucks,2
H_bemilwaukee,H_smh,2
H_bemilwaukee,H_thunde,2
H_bemilwaukee,H_buckspride,2
H_smh,H_bucks,2
H_smh,H_bemilwaukee,2
H_smh,H_thunde,2
H_smh,H_buckspride,2
H_thunde,H_bucks,2
H_thunde,H_bemilwaukee,2
H_thunde,H_smh,2
H_thunde,H_buckspride,2
H_buckspride,H_bucks,2
H_buckspride,H_bemilwaukee,2
H_buckspride,H_smh,2
H_buckspride,H_thunde,2
H_shelikesrosie,H_obsessed,2
H_shelikesrosie,H_seriousfan,2
H_obsessed,H_shelikesrosie,2
H_obsessed,H_seriousfan,2
H_seriousfan,H_shelikesrosie,2
H_seriousfan,H_obsessed,2
H_clhrday,H_teamorjan,2
H_teamorjan,H_clhrday,2
H_hollywood,H_news,4
H_news,H_hollywood,4
H_msm,H_mumbai,2
H_msm,H_queen,2
H_mumbai,H_msm,2
H_mumbai,H_queen,2
H_queen,H_msm,2
H_queen,H_mumbai,2
H_pr,H_sarally,2
H_sarally,H_pr,2
H_ac,H_aciii,2
H_aciii,H_ac,2
H_oomf,H_subtweet,2
H_subtweet,H_oomf,2
H_timeflies,H_bittersweet,2
H_bittersweet,H_timeflies,2
H_allsaints,H_catholic,2
H_catholic,H_allsaints,2
H_flex,H_flexthursday,2
H_flexthursday,H_flex,2
H_linkedin,H_sblondon,2
H_sblondon,H_linkedin,2
H_likeaboss,H_ramdev,2
H_ramdev,H_likeaboss,2
H_extratime,H_personally,2
H_personally,H_extratime,2
H_espn,H_speed,2
H_espn,H_daytona,2
H_speed,H_espn,2
H_speed,H_daytona,2
H_daytona,H_espn,2
H_daytona,H_speed,2
H_animalrights,H_green,2
H_green,H_animalrights,2
H_map,H_un,2
H_un,H_map,2
H_redsoxnation,H_redsox,2
H_redsox,H_redsoxnation,2
H_picstitch,H_atthesamedamtime,2
H_atthesamedamtime,H_picstitch,2
H_pr,H_prjobs,2
H_prjobs,H_pr,2
H_teamheat,H_heatnation,2
H_heatnation,H_teamheat,2
H_holyday,H_gettingupat,2
H_gettingupat,H_holyday,2
H_pinkcity,H_flexthursday,6
H_flexthursday,H_pinkcity,6
H_media,H_ru,2
H_media,H_obama,2
H_media,H_uk,2
H_media,H_eu,2
H_media,H_us,2
H_ru,H_media,2
H_ru,H_obama,2
H_ru,H_uk,2
H_ru,H_eu,2
H_ru,H_us,2
H_obama,H_media,2
H_obama,H_ru,2
H_obama,H_uk,2
H_obama,H_eu,2
H_obama,H_us,2
H_uk,H_media,2
H_uk,H_ru,2
H_uk,H_obama,2
H_uk,H_eu,2
H_uk,H_us,2
H_eu,H_media,2
H_eu,H_ru,2
H_eu,H_obama,2
H_eu,H_uk,2
H_eu,H_us,2
H_us,H_media,2
H_us,H_ru,2
H_us,H_obama,2
H_us,H_uk,2
H_us,H_eu,2
H_alcoholic,H_thirstythirsday,2
H_thirstythirsday,H_alcoholic,2
H_zombie,H_iwontbesocial,2
H_iwontbesocial,H_zombie,2
H_psy,H_truefact,2
H_truefact,H_psy,2
H_teammelo,H_knickstape,2
H_knickstape,H_teammelo,2
H_tacobellisgettingold,H_mixingitup,2
H_mixingitup,H_tacobellisgettingold,2
H_wildboy,H_tiwia,2
H_tiwia,H_wildboy,2
H_stanford,H_s,2
H_stanford,H_quatchi,2
H_s,H_stanford,2
H_s,H_quatchi,2
H_quatchi,H_stanford,2
H_quatchi,H_s,2
H_hellobrooklyn,H_brooklynnets,2
H_brooklynnets,H_hellobrooklyn,2
H_gonnacry,H_sad,2
H_gonnacry,H_gonnamissher,2
H_gonnacry,H_sadtweet,2
H_sad,H_gonnacry,2
H_sad,H_gonnamissher,2
H_sad,H_sadtweet,2
H_gonnamissher,H_gonnacry,2
H_gonnamissher,H_sad,2
H_gonnamissher,H_sadtweet,2
H_sadtweet,H_gonnacry,2
H_sadtweet,H_sad,2
H_sadtweet,H_gonnamissher,2
H_mets,H_stluciemets,2
H_stluciemets,H_mets,2
H_tmzeargasm,H_back,2
H_back,H_tmzeargasm,2
H_fallplay,H_thecurioussavage,2
H_fallplay,H_thespiangazelles,2
H_thecurioussavage,H_fallplay,2
H_thecurioussavage,H_thespiangazelles,2
H_thespiangazelles,H_fallplay,2
H_thespiangazelles,H_thecurioussavage,2
H_voyagetovenus,H_whovianproblems,2
H_whovianproblems,H_voyagetovenus,2
H_bigbang,H_gd,2
H_gd,H_bigbang,2
H_dreamcompute,H_openstacksummit,2
H_openstacksummit,H_dreamcompute,2
H_smwfrienefits,H_smwldn,2
H_smwldn,H_smwfrienefits,2
H_queen,H_drivetime,2
H_drivetime,H_queen,2
H_sandy,H_wnc,2
H_sandy,H_avl,2
H_wnc,H_sandy,2
H_wnc,H_avl,2
H_avl,H_sandy,2
H_avl,H_wnc,2
H_boston,H_mattapan,2
H_mattapan,H_boston,2
H_gas,H_smh,2
H_smh,H_gas,2
H_nets,H_nba,2
H_nba,H_nets,2
H_gigem,H_tabc,2
H_gigem,H_sec,2
H_tabc,H_gigem,2
H_tabc,H_sec,2
H_sec,H_gigem,2
H_sec,H_tabc,2
H_mimireloaded,H_mimi,2
H_mimi,H_mimireloaded,2
H_news,H_tv,2
H_tv,H_news,2
H_wouldntmind,H_summerjam,2
H_summerjam,H_wouldntmind,2
H_stillinthehat,H_lfc,2
H_lfc,H_stillinthehat,2
H_party,H_worldcup,2
H_worldcup,H_party,2
H_crunchtimeatkansas,H_meconspeed,2
H_meconspeed,H_crunchtimeatkansas,2
H_housemusic,H_fun,2
H_fun,H_housemusic,2
H_,H_seahawks,2
H_seahawks,H_,2
H_housemusic,H_news,2
H_news,H_housemusic,2
H_cloud,H_bigdata,2
H_bigdata,H_cloud,2
H_ooc,H_ihavenoregrets,2
H_ihavenoregrets,H_ooc,2
H_raw,H_wwe,2
H_wwe,H_raw,2
H_lebronx,H_teamlebron,2
H_teamlebron,H_lebronx,2
H_ncatsu,H_ghoe,2
H_ghoe,H_ncatsu,2
H_benefits,H_future,2
H_benefits,H_news,2
H_benefits,H_clearwire,2
H_benefits,H_bloomberg,2
H_future,H_benefits,2
H_future,H_news,2
H_future,H_clearwire,2
H_future,H_bloomberg,2
H_news,H_benefits,2
H_news,H_future,2
H_news,H_clearwire,2
H_news,H_bloomberg,2
H_clearwire,H_benefits,2
H_clearwire,H_future,2
H_clearwire,H_news,2
H_clearwire,H_bloomberg,2
H_bloomberg,H_benefits,2
H_bloomberg,H_future,2
H_bloomberg,H_news,2
H_bloomberg,H_clearwire,2
H_fb,H_music,2
H_fb,H_house,2
H_music,H_fb,2
H_music,H_house,2
H_house,H_fb,2
H_house,H_music,2
H_idowhatican,H_wewillmakeadate,2
H_wewillmakeadate,H_idowhatican,2
H_wt,H_pakistan,2
H_pakistan,H_wt,2
H_,H_weatherbomb,2
H_weatherbomb,H_,2
H_graduation,H_steep,2
H_steep,H_graduation,2
H_news,H_melbourne,2
H_melbourne,H_news,2
H_armstrong,H_ssu,2
H_ssu,H_armstrong,2
H_talahasseeevents,H_patramsey,2
H_talahasseeevents,H_,2
H_talahasseeevents,H_acoustic,2
H_talahasseeevents,H_hospice,2
H_patramsey,H_talahasseeevents,2
H_patramsey,H_,2
H_patramsey,H_acoustic,2
H_patramsey,H_hospice,2
H_,H_talahasseeevents,2
H_,H_patramsey,2
H_,H_acoustic,2
H_,H_hospice,2
H_acoustic,H_talahasseeevents,2
H_acoustic,H_patramsey,2
H_acoustic,H_,2
H_acoustic,H_hospice,2
H_hospice,H_talahasseeevents,2
H_hospice,H_patramsey,2
H_hospice,H_,2
H_hospice,H_acoustic,2
H_news,H_usa,2
H_news,H_us,2
H_news,H_wichita,2
H_usa,H_news,2
H_usa,H_us,2
H_usa,H_wichita,2
H_us,H_news,2
H_us,H_usa,2
H_us,H_wichita,2
H_wichita,H_news,2
H_wichita,H_usa,2
H_wichita,H_us,2
H_grief,H_pinterest,2
H_pinterest,H_grief,2
H_sponsor,H_nonprofit,2
H_nonprofit,H_sponsor,2
H_cheeseplease,H_deprived,2
H_deprived,H_cheeseplease,2
H_talibkweli,H_res,2
H_res,H_talibkweli,2
H_belushi,H_rembrandt,2
H_rembrandt,H_belushi,2
H_halloween,H_weird,2
H_weird,H_halloween,2
H_music,H_justsayin,2
H_justsayin,H_music,2
H_bethere,H_bjp,2
H_bjp,H_bethere,2
H_denverdebate,H_utpol,2
H_utpol,H_denverdebate,2
H_mizzou,H_twins,2
H_twins,H_mizzou,2
H_jft,H_dontbuythesunanyday,2
H_dontbuythesunanyday,H_jft,2
H_cats,H_soundsgoodtome,2
H_cats,H_teambbn,2
H_soundsgoodtome,H_cats,2
H_soundsgoodtome,H_teambbn,2
H_teambbn,H_cats,2
H_teambbn,H_soundsgoodtome,2
H_loner,H_scared,2
H_scared,H_loner,2
H_theannevan,H_northiowaschoolplaytour,2
H_northiowaschoolplaytour,H_theannevan,2
H_nhl,H_cba,2
H_cba,H_nhl,2
H_nfldraft,H_dolphins,2
H_dolphins,H_nfldraft,2
H_pplhdtv,H_competition,2
H_competition,H_pplhdtv,2
H_themaine,H_mp,2
H_mp,H_themaine,2
H_failure,H_ffs,2
H_ffs,H_failure,2
H_,H_vacation,2
H_,H_korea,2
H_,H_seoul,2
H_vacation,H_,2
H_vacation,H_korea,2
H_vacation,H_seoul,2
H_korea,H_,2
H_korea,H_vacation,2
H_korea,H_seoul,2
H_seoul,H_,2
H_seoul,H_vacation,2
H_seoul,H_korea,2
H_sweden,H_canada,2
H_canada,H_sweden,2
H_fan,H_nascar,2
H_nascar,H_fan,2
H_writing,H_writers,2
H_writers,H_writing,2
H_boxing,H_brooklynboxing,2
H_brooklynboxing,H_boxing,2
H_lifeinsurance,H_hauntedcoliseum,2
H_hauntedcoliseum,H_lifeinsurance,2
H_cuprun,H_ssfc,2
H_ssfc,H_cuprun,2
H_nascar,H_kc,2
H_kc,H_nascar,2
H_uel,H_spurs,2
H_uel,H_lazio,2
H_spurs,H_uel,2
H_spurs,H_lazio,2
H_lazio,H_uel,2
H_lazio,H_spurs,2
H_wave,H_dfc,2
H_wave,H_spl,2
H_wave,H_dufc,2
H_dfc,H_wave,2
H_dfc,H_spl,2
H_dfc,H_dufc,2
H_spl,H_wave,2
H_spl,H_dfc,2
H_spl,H_dufc,2
H_dufc,H_wave,2
H_dufc,H_dfc,2
H_dufc,H_spl,2
H_woah,H_legit,2
H_woah,H_crazy,2
H_legit,H_woah,2
H_legit,H_crazy,2
H_crazy,H_woah,2
H_crazy,H_legit,2
H_fifa,H_takingittothehouse,2
H_takingittothehouse,H_fifa,2
H_phone,H_verizon,2
H_verizon,H_phone,2
H_boise,H_bulldogs,2
H_boise,H_dawgs,2
H_boise,H_georgia,2
H_boise,H_uga,2
H_bulldogs,H_boise,2
H_bulldogs,H_dawgs,2
H_bulldogs,H_georgia,2
H_bulldogs,H_uga,2
H_dawgs,H_boise,2
H_dawgs,H_bulldogs,2
H_dawgs,H_georgia,2
H_dawgs,H_uga,2
H_georgia,H_boise,2
H_georgia,H_bulldogs,2
H_georgia,H_dawgs,2
H_georgia,H_uga,2
H_uga,H_boise,2
H_uga,H_bulldogs,2
H_uga,H_dawgs,2
H_uga,H_georgia,2
H_britneygaga,H_clichehiamplug,2
H_clichehiamplug,H_britneygaga,2
H_p,H_maddow,2
H_p,H_teaparty,2
H_p,H_fok,2
H_maddow,H_p,2
H_maddow,H_teaparty,2
H_maddow,H_fok,2
H_teaparty,H_p,2
H_teaparty,H_maddow,2
H_teaparty,H_fok,2
H_fok,H_p,2
H_fok,H_maddow,2
H_fok,H_teaparty,2
H_raw,H_respeckkk,2
H_respeckkk,H_raw,2
H_ireland,H_news,2
H_ireland,H_eu,2
H_news,H_ireland,2
H_news,H_eu,2
H_eu,H_ireland,2
H_eu,H_news,2
H_lulu,H_getyourfix,2
H_getyourfix,H_lulu,2
H_ipad,H_italy,2
H_ipad,H_weather,2
H_italy,H_ipad,2
H_italy,H_weather,2
H_weather,H_ipad,2
H_weather,H_italy,2
H_awful,H_sec,2
H_awful,H_sportsnation,2
H_sec,H_awful,2
H_sec,H_sportsnation,2
H_sportsnation,H_awful,2
H_sportsnation,H_sec,2
H_,H_seadogs,2
H_seadogs,H_,2
H_p,H_wiunion,4
H_wiunion,H_p,4
H_p,H_tcot,2
H_tcot,H_p,2
H_news,H_ak,2
H_ak,H_news,2
H_fitblog,H_dexter,2
H_dexter,H_fitblog,2
H_holiday,H_wi,2
H_holiday,H_vote,2
H_wi,H_holiday,2
H_wi,H_vote,2
H_vote,H_holiday,2
H_vote,H_wi,2
H_twittwit,H_dexter,2
H_dexter,H_twittwit,2
H_elastixworld,H_fb,2
H_fb,H_elastixworld,2
H_hop,H_dallascowboys,2
H_dallascowboys,H_hop,2
H_nfl,H_eagles,2
H_bills,H_eagles,2
H_eagles,H_nfl,2
H_eagles,H_bills,2
H_,H_colga,2
H_colga,H_,2
H_atl,H_leo,2
H_leo,H_atl,2
H_teaparty,H_g,2
H_tcot,H_g,2
H_g,H_teaparty,2
H_g,H_tcot,2
H_pricewise,H_newmarket,2
H_newmarket,H_pricewise,2
H_newmarket,H_horseracing,2
H_horseracing,H_newmarket,2
H_backtohauntthescum,H_bagger,2
H_bagger,H_backtohauntthescum,2
H_schmidt,H_newgirl,2
H_newgirl,H_schmidt,2
H_nufc,H_brugge,2
H_brugge,H_nufc,2
H_ladbrokes,H_pricewise,2
H_ladbrokes,H_horseracing,2
H_ladbrokes,H_royalascot,2
H_pricewise,H_ladbrokes,2
H_pricewise,H_royalascot,2
H_horseracing,H_ladbrokes,2
H_horseracing,H_royalascot,2
H_royalascot,H_ladbrokes,2
H_royalascot,H_pricewise,2
H_royalascot,H_horseracing,2
H_women,H_pakistan,4
H_women,H_womenpk,4
H_women,H_mqm,4
H_pakistan,H_women,4
H_pakistan,H_womenpk,4
H_pakistan,H_mqm,4
H_womenpk,H_women,4
H_womenpk,H_pakistan,4
H_womenpk,H_mqm,4
H_mqm,H_women,4
H_mqm,H_pakistan,4
H_mqm,H_womenpk,4
H_nuge,H_hunting,2
H_hunting,H_nuge,2
H_tg,H_overit,2
H_overit,H_tg,2
H_live,H_weymouth,2
H_weymouth,H_live,2
H_safc,H_lfc,2
H_lfc,H_safc,2
H_cyprus,H_venous,2
H_venous,H_cyprus,2
H_afghanistan,H_tolonews,2
H_tolonews,H_afghanistan,2
H_movienews,H_hype,2
H_movienews,H_featured,2
H_hype,H_movienews,2
H_hype,H_featured,2
H_featured,H_movienews,2
H_featured,H_hype,2
H_shockers,H_mvc,2
H_mvc,H_shockers,2
H_dubaisaturday,H_collegefever,2
H_collegefever,H_dubaisaturday,2
H_aliens,H_ufo,2
H_ufo,H_aliens,2
H_ghetto,H_candy,2
H_candy,H_ghetto,2
H_gonnahaveadj,H_athenryville,2
H_gonnahaveadj,H_cancernight,2
H_athenryville,H_gonnahaveadj,2
H_athenryville,H_cancernight,2
H_cancernight,H_gonnahaveadj,2
H_cancernight,H_athenryville,2
H_origin,H_nrl,2
H_nrl,H_origin,2
H_f,H_planetf,2
H_planetf,H_f,2
H_debate,H_miesha_tate,2
H_debate,H_front_page,2
H_miesha_tate,H_debate,2
H_miesha_tate,H_front_page,2
H_front_page,H_debate,2
H_front_page,H_miesha_tate,2
H_ff,H_teamfollowback,2
H_teamfollowback,H_ff,2
H_indveng,H_cricket,2
H_cricket,H_indveng,2
H_fiftyshades,H_fiftyshadesofgrey,2
H_fiftyshadesofgrey,H_fiftyshades,2
H_iahsfb,H_kcrgfnl,2
H_kcrgfnl,H_iahsfb,2
H_mountienation,H_repeat,2
H_repeat,H_mountienation,2
H_hamradio,H_ham,2
H_ham,H_hamradio,2
H_shaktar,H_thfc,2
H_shaktar,H_tottenham,2
H_shaktar,H_epl,2
H_thfc,H_shaktar,2
H_thfc,H_tottenham,2
H_thfc,H_epl,2
H_tottenham,H_shaktar,2
H_tottenham,H_thfc,2
H_tottenham,H_epl,2
H_epl,H_shaktar,2
H_epl,H_thfc,2
H_epl,H_tottenham,2
H_word,H_faith,2
H_word,H_pastor,2
H_faith,H_word,2
H_faith,H_pastor,2
H_pastor,H_word,2
H_pastor,H_faith,2
H_supersunday,H_cfc,2
H_supersunday,H_mufc,2
H_cfc,H_supersunday,2
H_mufc,H_supersunday,2
H_photooftheday,H_animal,2
H_animal,H_photooftheday,2
H_im,H_uroutoftouch,2
H_uroutoftouch,H_im,2
H_wordtomymuva,H_iamnotpetty,2
H_iamnotpetty,H_wordtomymuva,2
H_catholic,H_win,2
H_catholic,H_prayer,2
H_win,H_catholic,2
H_win,H_prayer,2
H_prayer,H_catholic,2
H_prayer,H_win,2
H_iparty,H_signatureeventcenter,2
H_,H_signatureeventcenter,2
H_signatureeventcenter,H_iparty,2
H_signatureeventcenter,H_,2
H_gay,H_lgbt,2
H_lgbt,H_gay,2
H_illhaveanother,H_bodemeister,2
H_bodemeister,H_illhaveanother,2
H_football,H_soccer,2
H_soccer,H_football,2
H_instagood,H_nature,2
H_instagood,H_clouds,2
H_instagood,H_sky,2
H_instagood,H_day,2
H_instagood,H_sun,2
H_instagood,H_nofilter,2
H_instagood,H_outside,2
H_nature,H_instagood,2
H_nature,H_clouds,2
H_nature,H_sky,2
H_nature,H_day,2
H_nature,H_sun,2
H_nature,H_nofilter,2
H_nature,H_outside,2
H_clouds,H_instagood,2
H_clouds,H_nature,2
H_clouds,H_sky,2
H_clouds,H_day,2
H_clouds,H_sun,2
H_clouds,H_nofilter,2
H_clouds,H_outside,2
H_sky,H_instagood,2
H_sky,H_nature,2
H_sky,H_clouds,2
H_sky,H_day,2
H_sky,H_sun,2
H_sky,H_nofilter,2
H_sky,H_outside,2
H_day,H_instagood,2
H_day,H_nature,2
H_day,H_clouds,2
H_day,H_sky,2
H_day,H_sun,2
H_day,H_nofilter,2
H_day,H_outside,2
H_sun,H_instagood,2
H_sun,H_nature,2
H_sun,H_clouds,2
H_sun,H_sky,2
H_sun,H_day,2
H_sun,H_nofilter,2
H_sun,H_outside,2
H_nofilter,H_instagood,2
H_nofilter,H_nature,2
H_nofilter,H_clouds,2
H_nofilter,H_sky,2
H_nofilter,H_day,2
H_nofilter,H_sun,2
H_nofilter,H_outside,2
H_outside,H_instagood,2
H_outside,H_nature,2
H_outside,H_clouds,2
H_outside,H_sky,2
H_outside,H_day,2
H_outside,H_sun,2
H_outside,H_nofilter,2
H_wishfulthinking,H_nfl,2
H_nfl,H_wishfulthinking,2
H_nfl,H_colts,2
H_colts,H_nfl,2
H_teamtexans,H_mns,2
H_mns,H_teamtexans,2
H_butok,H_dontknowwhatyourtalkingbout,2
H_dontknowwhatyourtalkingbout,H_butok,2
H_bizikent,H_econokit,8
H_bizikent,H_bizitalk,8
H_econokit,H_bizikent,8
H_econokit,H_bizitalk,8
H_bizitalk,H_bizikent,8
H_bizitalk,H_econokit,8
H_teamchris,H_artistaacademy,2
H_teamchris,H_chrisfanatics,2
H_artistaacademy,H_teamchris,2
H_artistaacademy,H_chrisfanatics,2
H_chrisfanatics,H_teamchris,2
H_chrisfanatics,H_artistaacademy,2
H_mnf,H_falcons,2
H_mnf,H_steelers,2
H_falcons,H_mnf,2
H_falcons,H_steelers,2
H_steelers,H_mnf,2
H_steelers,H_falcons,2
H_weezerjkt,H_rockstarmarylive,2
H_rockstarmarylive,H_weezerjkt,2
H_gotheeeem,H_itshowyoufinish,2
H_itshowyoufinish,H_gotheeeem,2
H_proud,H_votebieber,2
H_votebieber,H_proud,2
H_tech,H_android,2
H_android,H_tech,2
H_hookem,H_pointtexas,2
H_pointtexas,H_hookem,2
H_noshamenogame,H_ilovefood,2
H_ilovefood,H_noshamenogame,2
H_tan,H_free,2
H_free,H_tan,2
H_ymm,H_ymmreads,2
H_ymmreads,H_ymm,2
H_gadgets,H_tech,2
H_tech,H_gadgets,2
H_turnup,H_lasvegas,2
H_lasvegas,H_turnup,2
H_i,H_script,2
H_script,H_i,2
H_attentionneeders,H_getoutofhere,2
H_getoutofhere,H_attentionneeders,2
H_womensday,H_iwd,2
H_iwd,H_womensday,2
H_spookyminiputt,H_gcwcc,2
H_gcwcc,H_spookyminiputt,2
H_l,H_hookem,2
H_l,H_lsca,2
H_hookem,H_l,2
H_hookem,H_lsca,2
H_lsca,H_l,2
H_lsca,H_hookem,2
H_iphoneography,H_mobitog,4
H_mobitog,H_iphoneography,4
H_louisvuitton,H_yellow,2
H_yellow,H_louisvuitton,2
H_dontfancyarfieldingoal,H_htafc,2
H_dontfancyarfieldingoal,H_terrierball,2
H_htafc,H_dontfancyarfieldingoal,2
H_htafc,H_terrierball,2
H_terrierball,H_dontfancyarfieldingoal,2
H_terrierball,H_htafc,2
H_allstar,H_fumatubloodline,2
H_allstar,H_golouisville,2
H_fumatubloodline,H_allstar,2
H_fumatubloodline,H_golouisville,2
H_golouisville,H_allstar,2
H_golouisville,H_fumatubloodline,2
H_edm,H_exchangla,2
H_edm,H_exchangela,2
H_exchangla,H_edm,2
H_exchangla,H_exchangela,2
H_exchangela,H_edm,2
H_exchangela,H_exchangla,2
H_boro,H_f,2
H_f,H_boro,2
H_homeless,H_sandyvolunteer,6
H_sandyvolunteer,H_homeless,6
H_belarus,H_lfc,2
H_belarus,H_bbcsportsday,2
H_lfc,H_belarus,2
H_lfc,H_bbcsportsday,2
H_bbcsportsday,H_belarus,2
H_bbcsportsday,H_lfc,2
H_realtalk,H_enoughsaid,2
H_enoughsaid,H_realtalk,2
H_pledge,H_register,2
H_pledge,H_vote,2
H_register,H_pledge,2
H_register,H_vote,2
H_vote,H_pledge,2
H_vote,H_register,2
H_me,H_mybodyisready,2
H_mybodyisready,H_me,2
H_broncos,H_espn,2
H_espn,H_broncos,2
H_siri,H_review,4
H_siri,H_theidoctor,4
H_review,H_siri,4
H_review,H_theidoctor,4
H_theidoctor,H_siri,4
H_theidoctor,H_review,4
H_sandy,H_mls,2
H_mls,H_sandy,2
H_nhldraft,H_tsn,2
H_tsn,H_nhldraft,2
H_absapremiership,H_oncealways,2
H_absapremiership,H_upthebucs,2
H_oncealways,H_absapremiership,2
H_oncealways,H_upthebucs,2
H_upthebucs,H_absapremiership,2
H_upthebucs,H_oncealways,2
H_johnisner,H_,2
H_,H_johnisner,2
H_looper,H_nice,2
H_looper,H_bristol,2
H_nice,H_looper,2
H_nice,H_bristol,2
H_bristol,H_looper,2
H_bristol,H_nice,2
H_song,H_music,4
H_song,H_mp,2
H_music,H_song,4
H_music,H_mp,2
H_mp,H_song,2
H_mp,H_music,2
H_bombgirls,H_cantwait,2
H_cantwait,H_bombgirls,2
H_stayfocus,H_eatup,2
H_eatup,H_stayfocus,2
H_love,H_xoxoxo,2
H_xoxoxo,H_love,2
H_,H_tea,2
H_tea,H_,2
H_tonymonaco,H_z,2
H_z,H_tonymonaco,2
H_mountaineernation,H_tarheelnation,2
H_tarheelnation,H_mountaineernation,2
H_ynwa,H_lfc,2
H_lfc,H_ynwa,2
H_breakingdawnpart,H_loveislouderthanrollingthefinalcredits,6
H_loveislouderthanrollingthefinalcredits,H_breakingdawnpart,6
H_hashtag,H_comedy,2
H_hashtag,H_bristol,2
H_hashtag,H_poetry,2
H_comedy,H_hashtag,2
H_comedy,H_bristol,2
H_comedy,H_poetry,2
H_bristol,H_hashtag,2
H_bristol,H_comedy,2
H_bristol,H_poetry,2
H_poetry,H_hashtag,2
H_poetry,H_comedy,2
H_poetry,H_bristol,2
H_gobobcats,H_macbaseball,2
H_macbaseball,H_gobobcats,2
H_yeahbuddy,H_yes,2
H_yes,H_yeahbuddy,2
H_the,H_ovtv,2
H_the,H_oltl,2
H_ovtv,H_the,2
H_ovtv,H_oltl,2
H_oltl,H_the,2
H_oltl,H_ovtv,2
H_excited,H_miracle,2
H_excited,H_toddeugenefreeman,2
H_miracle,H_excited,2
H_miracle,H_toddeugenefreeman,2
H_toddeugenefreeman,H_excited,2
H_toddeugenefreeman,H_miracle,2
H_yyc,H_charity,2
H_charity,H_yyc,2
H_,H_lowes,2
H_lowes,H_,2
H_chilled,H_wheresdinner,2
H_wheresdinner,H_chilled,2
H_glory,H_mufc,2
H_mufc,H_glory,2
H_southville,H_specialneeds,2
H_specialneeds,H_southville,2
H_mcbam,H_gh,2
H_gh,H_mcbam,2
H_time,H_btronpcas,2
H_btronpcas,H_time,2
H_argentina,H_brunch,2
H_brunch,H_argentina,2
H_unc,H_girlswhoplayrugby,2
H_unc,H_rugby,2
H_girlswhoplayrugby,H_unc,2
H_girlswhoplayrugby,H_rugby,2
H_rugby,H_unc,2
H_rugby,H_girlswhoplayrugby,2
H_grannyalert,H_wtf,2
H_wtf,H_grannyalert,2
H_salsa,H_leeds,2
H_leeds,H_salsa,2
H_,H_miway,2
H_,H_strate,2
H_,H_virginactivesa,2
H_miway,H_,2
H_miway,H_strate,2
H_miway,H_virginactivesa,2
H_strate,H_,2
H_strate,H_miway,2
H_strate,H_virginactivesa,2
H_virginactivesa,H_,2
H_virginactivesa,H_miway,2
H_virginactivesa,H_strate,2
H_snlmusic,H_time,2
H_time,H_snlmusic,2
H_pens,H_nhl,2
H_nhl,H_pens,2
H_whodoesthat,H_always,2
H_always,H_whodoesthat,2
H_fail,H_ipad,2
H_ipad,H_fail,2
H_itm,H_noagenda,2
H_noagenda,H_itm,2
H_mufc,H_bplonfox,2
H_bplonfox,H_mufc,2
H_atlanticcity,H_sandy,2
H_sandy,H_atlanticcity,2
H_awaydays,H_awkward,2
H_awkward,H_awaydays,2
H_homs,H_syria,6
H_syria,H_homs,6
H_cricket,H_pakvaus,2
H_pakvaus,H_cricket,2
H_instinctive,H_class,2
H_instinctive,H_onetouch,2
H_class,H_instinctive,2
H_class,H_onetouch,2
H_onetouch,H_instinctive,2
H_onetouch,H_class,2
H_homs,H_bbc,2
H_homs,H_cnn,2
H_homs,H_nbc,2
H_bbc,H_homs,2
H_bbc,H_syria,2
H_bbc,H_cnn,2
H_bbc,H_nbc,2
H_syria,H_bbc,2
H_syria,H_cnn,2
H_syria,H_nbc,2
H_cnn,H_homs,2
H_cnn,H_bbc,2
H_cnn,H_syria,2
H_cnn,H_nbc,2
H_nbc,H_homs,2
H_nbc,H_bbc,2
H_nbc,H_syria,2
H_nbc,H_cnn,2
H_youregettingpinched,H_orpunched,2
H_orpunched,H_youregettingpinched,2
H_vulnerability,H_samsung,2
H_vulnerability,H_html,2
H_vulnerability,H_galaxy,2
H_samsung,H_vulnerability,2
H_samsung,H_html,2
H_samsung,H_galaxy,2
H_html,H_vulnerability,2
H_html,H_samsung,2
H_html,H_galaxy,2
H_galaxy,H_vulnerability,2
H_galaxy,H_samsung,2
H_galaxy,H_html,2
H_avb,H_avbout,2
H_avbout,H_avb,2
H_notoptimal,H_one,2
H_one,H_notoptimal,2
H_australia,H_cricket,2
H_cricket,H_australia,2
H_fb,H_gaffaw,2
H_gaffaw,H_fb,2
H_ligabbva,H_rmfc,2
H_ligabbva,H_laliga,2
H_ligabbva,H_fcb,2
H_rmfc,H_ligabbva,2
H_rmfc,H_laliga,2
H_rmfc,H_fcb,2
H_laliga,H_ligabbva,2
H_laliga,H_rmfc,2
H_laliga,H_fcb,2
H_fcb,H_ligabbva,2
H_fcb,H_rmfc,2
H_fcb,H_laliga,2
H_nascar,H_,2
H_,H_nascar,2
H_pissed,H_dreamsandnightmares,2
H_dreamsandnightmares,H_pissed,2
H_headiesall,H_godpunishu,2
H_headiesall,H_headies,2
H_godpunishu,H_headiesall,2
H_godpunishu,H_headies,2
H_headies,H_headiesall,2
H_headies,H_godpunishu,2
H_ihateschool,H_fmlll,2
H_fmlll,H_ihateschool,2
H_sleeping,H_tonight,2
H_sleeping,H_fuck,2
H_tonight,H_sleeping,2
H_tonight,H_fuck,2
H_fuck,H_sleeping,2
H_fuck,H_tonight,2
H_nascar,H_bofa,2
H_bofa,H_nascar,2
H_dayofthedead,H_hard,2
H_hard,H_dayofthedead,2
H_weareallcammysmithredarmybanner,H_weareallcammysmith,2
H_weareallcammysmith,H_weareallcammysmithredarmybanner,2
H_wewillnotletthisgo,H_standdown,2
H_standdown,H_wewillnotletthisgo,2
H_local_to,H_soccer,2
H_local_to,H_education,2
H_soccer,H_local_to,2
H_soccer,H_education,2
H_education,H_local_to,2
H_education,H_soccer,2
H_edreform,H_rttt,2
H_rttt,H_edreform,2
H_apple,H_yerbabue,2
H_apple,H_iphone,2
H_yerbabue,H_apple,2
H_yerbabue,H_iphone,2
H_iphone,H_apple,2
H_iphone,H_yerbabue,2
H_tunisia,H_august,2
H_tunisia,H_womenrights,2
H_tunisia,H_tunis,2
H_august,H_tunisia,2
H_august,H_womenrights,2
H_august,H_tunis,2
H_womenrights,H_tunisia,2
H_womenrights,H_august,2
H_womenrights,H_tunis,2
H_tunis,H_tunisia,2
H_tunis,H_august,2
H_tunis,H_womenrights,2
H_bg,H_bewarethegolfcarts,2
H_bewarethegolfcarts,H_bg,2
H_gonski,H_schoolsfunding,2
H_schoolsfunding,H_gonski,2
H_nfl,H_broncos,2
H_broncos,H_nfl,2
H_bos,H_mlb,2
H_mlb,H_bos,2
H_boxing,H_boxingheads,2
H_boxingheads,H_boxing,2
H_halloween,H_bayarea,2
H_halloween,H_horrorsquad,2
H_bayarea,H_halloween,2
H_bayarea,H_horrorsquad,2
H_horrorsquad,H_halloween,2
H_horrorsquad,H_bayarea,2
H_,H_maction,2
H_maction,H_,2
H_footballnews,H_taf,2
H_footballnews,H_tfb,2
H_taf,H_footballnews,2
H_taf,H_tfb,2
H_tfb,H_footballnews,2
H_tfb,H_taf,2
H_regionpride,H_iguardedyouinpractice,2
H_iguardedyouinpractice,H_regionpride,2
H_tween,H_igfame,2
H_tween,H_sunday,2
H_tween,H_igers,2
H_tween,H_basketball,2
H_tween,H_pba,2
H_tween,H_araneta,2
H_tween,H_bff,2
H_igfame,H_tween,2
H_igfame,H_sunday,2
H_igfame,H_igers,2
H_igfame,H_basketball,2
H_igfame,H_pba,2
H_igfame,H_araneta,2
H_igfame,H_bff,2
H_sunday,H_tween,2
H_sunday,H_igfame,2
H_sunday,H_igers,2
H_sunday,H_basketball,2
H_sunday,H_pba,2
H_sunday,H_araneta,2
H_sunday,H_bff,2
H_igers,H_tween,2
H_igers,H_igfame,2
H_igers,H_sunday,2
H_igers,H_basketball,2
H_igers,H_pba,2
H_igers,H_araneta,2
H_igers,H_bff,2
H_basketball,H_tween,2
H_basketball,H_igfame,2
H_basketball,H_sunday,2
H_basketball,H_igers,2
H_basketball,H_pba,2
H_basketball,H_araneta,2
H_basketball,H_bff,2
H_pba,H_tween,2
H_pba,H_igfame,2
H_pba,H_sunday,2
H_pba,H_igers,2
H_pba,H_basketball,2
H_pba,H_araneta,2
H_pba,H_bff,2
H_araneta,H_tween,2
H_araneta,H_igfame,2
H_araneta,H_sunday,2
H_araneta,H_igers,2
H_araneta,H_basketball,2
H_araneta,H_pba,2
H_araneta,H_bff,2
H_bff,H_tween,2
H_bff,H_igfame,2
H_bff,H_sunday,2
H_bff,H_igers,2
H_bff,H_basketball,2
H_bff,H_pba,2
H_bff,H_araneta,2
H_mlb,H_col,2
H_col,H_mlb,2
H_smartdaughter,H_sillydad,2
H_sillydad,H_smartdaughter,2
H_lanecommunitycollege,H_carpool,2
H_lanecommunitycollege,H_lebanon,2
H_lanecommunitycollege,H_rideshare,2
H_carpool,H_lanecommunitycollege,2
H_carpool,H_lebanon,2
H_carpool,H_rideshare,2
H_lebanon,H_lanecommunitycollege,2
H_lebanon,H_carpool,2
H_lebanon,H_rideshare,2
H_rideshare,H_lanecommunitycollege,2
H_rideshare,H_carpool,2
H_rideshare,H_lebanon,2
H_new,H_apple,2
H_apple,H_new,2
H_kony,H_invisiblechildren,2
H_invisiblechildren,H_kony,2
H_stonehill,H_,2
H_stonehill,H_newhaven,2
H_,H_stonehill,2
H_,H_newhaven,2
H_newhaven,H_stonehill,2
H_newhaven,H_,2
H_news,H_apple,2
H_apple,H_news,2
H_pvrdirectorsrare,H_abosheshey,2
H_abosheshey,H_pvrdirectorsrare,2
H_getafe,H_barcelona,2
H_barcelona,H_getafe,2
H_manipur,H_epao,2
H_epao,H_manipur,2
H_uconn,H_syracuse,2
H_syracuse,H_uconn,2
H_bokke,H_springboks,2
H_springboks,H_bokke,2
H_dbf,H_paidnfulleastsaidup,2
H_paidnfulleastsaidup,H_dbf,2
H_tweatup,H_whatweightgain,2
H_whatweightgain,H_tweatup,2
H_nasa,H_ufo,2
H_nasa,H_mothership,2
H_ufo,H_nasa,2
H_ufo,H_mothership,2
H_mothership,H_nasa,2
H_mothership,H_ufo,2
H_sandy,H_mrtony,2
H_mrtony,H_sandy,2
H_victoria,H_defendourcoast,2
H_victoria,H_cdnpoli,2
H_victoria,H_bcpoli,2
H_defendourcoast,H_victoria,2
H_defendourcoast,H_cdnpoli,2
H_defendourcoast,H_bcpoli,2
H_cdnpoli,H_victoria,2
H_cdnpoli,H_defendourcoast,2
H_cdnpoli,H_bcpoli,2
H_bcpoli,H_victoria,2
H_bcpoli,H_defendourcoast,2
H_bcpoli,H_cdnpoli,2
H_listen,H_raonair,2
H_raonair,H_listen,2
H_givenchy,H_par,2
H_givenchy,H_alexandermcqueen,2
H_givenchy,H_pfw,2
H_par,H_givenchy,2
H_par,H_alexandermcqueen,2
H_par,H_pfw,2
H_alexandermcqueen,H_givenchy,2
H_alexandermcqueen,H_par,2
H_alexandermcqueen,H_pfw,2
H_pfw,H_givenchy,2
H_pfw,H_par,2
H_pfw,H_alexandermcqueen,2
H_philly,H_sports,2
H_sports,H_philly,2
H_mariners,H_whitesox,2
H_whitesox,H_mariners,2
H_blues,H_bcfc,2
H_bcfc,H_blues,2
H_news,H_telecom,2
H_telecom,H_news,2
H_nextchapter,H_kony,2
H_nextchapter,H_move,2
H_kony,H_nextchapter,2
H_kony,H_move,2
H_move,H_nextchapter,2
H_move,H_kony,2
H_sameswag,H_newshoes,2
H_sameswag,H_newjackets,2
H_newshoes,H_sameswag,2
H_newshoes,H_newjackets,2
H_newjackets,H_sameswag,2
H_newjackets,H_newshoes,2
H_notankers,H_nopipelines,2
H_notankers,H_tarsands,2
H_nopipelines,H_notankers,2
H_nopipelines,H_tarsands,2
H_tarsands,H_notankers,2
H_tarsands,H_nopipelines,2
H_news,H_dallas,2
H_dallas,H_news,2
H_sfn,H_neuroscience,2
H_neuroscience,H_sfn,2
H_bills,H_buffalo,2
H_nfl,H_buffalo,2
H_buffalo,H_bills,2
H_buffalo,H_nfl,2
H_mets,H_nats,2
H_nats,H_mets,2
H_hbk,H_dx,2
H_dx,H_hbk,2
H_soccernet,H_soccer,2
H_soccernet,H_espn,2
H_soccer,H_soccernet,2
H_soccer,H_espn,2
H_espn,H_soccernet,2
H_espn,H_soccer,2
H_nats,H_mats,2
H_mats,H_nats,2
H_floyd,H_chargers,2
H_floyd,H_broncos,2
H_chargers,H_floyd,2
H_chargers,H_broncos,2
H_broncos,H_floyd,2
H_broncos,H_chargers,2
H_aud,H_cad,2
H_aud,H_fx,2
H_aud,H_eur,2
H_cad,H_aud,2
H_cad,H_fx,2
H_cad,H_eur,2
H_fx,H_aud,2
H_fx,H_cad,2
H_fx,H_eur,2
H_eur,H_aud,2
H_eur,H_cad,2
H_eur,H_fx,2
H_jellybean,H_htc,2
H_jellybean,H_ics,2
H_htc,H_jellybean,2
H_htc,H_ics,2
H_ics,H_jellybean,2
H_ics,H_htc,2
H_cali,H_ohwell,2
H_ohwell,H_cali,2
H_chiefs,H_chargers,2
H_chiefs,H_nflfantasy,2
H_chargers,H_chiefs,2
H_chargers,H_nflfantasy,2
H_nflfantasy,H_chiefs,2
H_nflfantasy,H_chargers,2
H_sanleandro,H_nonitodonaire,2
H_nonitodonaire,H_sanleandro,2
H_mystery,H_n,2
H_n,H_mystery,2
H_battleborn,H_thekillers,2
H_thekillers,H_battleborn,2
H_wolfblood,H_ncsuvsunc,2
H_wolfblood,H_gopack,2
H_ncsuvsunc,H_wolfblood,2
H_ncsuvsunc,H_gopack,2
H_gopack,H_wolfblood,2
H_gopack,H_ncsuvsunc,2
H_pms,H_legend,2
H_legend,H_pms,2
H_travel,H_addict,2
H_addict,H_travel,2
H_bass,H_party,2
H_party,H_bass,2
H_mets,H_pirates,2
H_pirates,H_mets,2
H_titans,H_fantasyfootball,2
H_titans,H_ppr,2
H_titans,H_colts,2
H_fantasyfootball,H_titans,2
H_fantasyfootball,H_ppr,2
H_fantasyfootball,H_colts,2
H_ppr,H_titans,2
H_ppr,H_fantasyfootball,2
H_ppr,H_colts,2
H_colts,H_titans,2
H_colts,H_fantasyfootball,2
H_colts,H_ppr,2
H_uofr,H_urpsci,2
H_urpsci,H_uofr,2
H_celebrity,H_gossip,2
H_gossip,H_celebrity,2
H_sexy,H_news,2
H_sexy,H_top,2
H_sexy,H_mustfollow,2
H_news,H_sexy,2
H_news,H_top,2
H_news,H_mustfollow,2
H_top,H_sexy,2
H_top,H_news,2
H_top,H_mustfollow,2
H_mustfollow,H_sexy,2
H_mustfollow,H_news,2
H_mustfollow,H_top,2
H_needssleep,H_goingtobealongday,2
H_goingtobealongday,H_needssleep,2
H_texas,H_teaparty,2
H_texas,H_marcorubio,2
H_teaparty,H_texas,2
H_teaparty,H_marcorubio,2
H_marcorubio,H_texas,2
H_marcorubio,H_teaparty,2
H_,H_michiganbasketball,2
H_michiganbasketball,H_,2
H_daso,H_uct,2
H_uct,H_daso,2
H_teamfollowback,H_news,2
H_teamfollowback,H_google,4
H_teamfollowback,H_hot,4
H_news,H_teamfollowback,2
H_news,H_google,2
H_news,H_hot,2
H_google,H_teamfollowback,4
H_google,H_news,2
H_google,H_hot,4
H_hot,H_teamfollowback,4
H_hot,H_news,2
H_hot,H_google,4
H_practiceupdate,H_chargers,2
H_chargers,H_practiceupdate,2
H_infosec,H_security,2
H_security,H_infosec,2
H_tna,H_wwe,2
H_tna,H_wwf,2
H_wwe,H_tna,2
H_wwe,H_wwf,2
H_wwf,H_tna,2
H_wwf,H_wwe,2
H_fantasyfootball,H_idp,2
H_idp,H_fantasyfootball,2
H_donate,H_paulmooney,2
H_donate,H_georgecarlin,2
H_donate,H_money,2
H_paulmooney,H_donate,2
H_paulmooney,H_georgecarlin,2
H_paulmooney,H_money,2
H_georgecarlin,H_donate,2
H_georgecarlin,H_paulmooney,2
H_georgecarlin,H_money,2
H_money,H_donate,2
H_money,H_paulmooney,2
H_money,H_georgecarlin,2
H_dnc,H_billclinton,2
H_billclinton,H_dnc,2
H_rock,H_london,2
H_rock,H_miaklose,2
H_london,H_rock,2
H_london,H_miaklose,2
H_miaklose,H_rock,2
H_miaklose,H_london,2
H_isthisreallyreal,H_pats,2
H_isthisreallyreal,H_pumped,2
H_isthisreallyreal,H_nyj,2
H_pats,H_isthisreallyreal,2
H_pats,H_pumped,2
H_pats,H_nyj,2
H_pumped,H_isthisreallyreal,2
H_pumped,H_pats,2
H_pumped,H_nyj,2
H_nyj,H_isthisreallyreal,2
H_nyj,H_pats,2
H_nyj,H_pumped,2
H_,H_weday,2
H_weday,H_,2
H_china,H_youku,2
H_youku,H_china,2
H_monstermafia,H_rematch,2
H_rematch,H_monstermafia,2
H_lookingforthenextfashionstar,H_applynow,2
H_applynow,H_lookingforthenextfashionstar,2
H_gotoreros,H_wcc,2
H_wcc,H_gotoreros,2
H_,H_libor,2
H_libor,H_,2
H_sweet,H_ll,2
H_ll,H_sweet,2
H_,H_swagcorner,2
H_swagcorner,H_,2
H_amazonuk,H_,2
H_,H_amazonuk,2
H_benefit,H_lefooding,2
H_lefooding,H_benefit,2
H_godons,H_aimhigher,2
H_aimhigher,H_godons,2
H_cityswag,H_hutt,2
H_hutt,H_cityswag,2
H_capetown,H_woot,2
H_woot,H_capetown,2
H_rebelfitz,H_springer,2
H_rebelfitz,H_championhurdler,2
H_rebelfitz,H_hondarebel,2
H_springer,H_rebelfitz,2
H_springer,H_championhurdler,2
H_springer,H_hondarebel,2
H_championhurdler,H_rebelfitz,2
H_championhurdler,H_springer,2
H_championhurdler,H_hondarebel,2
H_hondarebel,H_rebelfitz,2
H_hondarebel,H_springer,2
H_hondarebel,H_championhurdler,2
H_teamfollowback,H_trend,2
H_trend,H_teamfollowback,2
H_trend,H_google,2
H_trend,H_hot,2
H_google,H_trend,2
H_hot,H_trend,2
H_,H_jammin,2
H_jammin,H_,2
H_jamesbb,H_saucerpass,2
H_saucerpass,H_jamesbb,2
