M_kunjand,M_oluoch,2
M_kunjand,M_victor_otti,2
M_oluoch,M_kunjand,2
M_oluoch,M_victor_otti,2
M_victor_otti,M_kunjand,2
M_victor_otti,M_oluoch,2
M_revkahjc,M_paverlayer,2
M_revkahjc,M_swedeng,2
M_revkahjc,M_dj,2
M_revkahjc,M_dickstrash,2
M_revkahjc,M_fsbull,2
M_revkahjc,M_grdina,2
M_revkahjc,M_borderfox,2
M_paverlayer,M_revkahjc,2
M_paverlayer,M_swedeng,2
M_paverlayer,M_dj,2
M_paverlayer,M_dickstrash,2
M_paverlayer,M_fsbull,2
M_paverlayer,M_grdina,2
M_paverlayer,M_borderfox,2
M_swedeng,M_revkahjc,2
M_swedeng,M_paverlayer,2
M_swedeng,M_dj,2
M_swedeng,M_dickstrash,2
M_swedeng,M_fsbull,2
M_swedeng,M_grdina,2
M_swedeng,M_borderfox,2
M_dj,M_revkahjc,2
M_dj,M_paverlayer,2
M_dj,M_swedeng,2
M_dj,M_dickstrash,2
M_dj,M_fsbull,2
M_dj,M_grdina,2
M_dj,M_borderfox,2
M_dickstrash,M_revkahjc,2
M_dickstrash,M_paverlayer,2
M_dickstrash,M_swedeng,2
M_dickstrash,M_dj,2
M_dickstrash,M_fsbull,2
M_dickstrash,M_grdina,2
M_dickstrash,M_borderfox,2
M_fsbull,M_revkahjc,2
M_fsbull,M_paverlayer,2
M_fsbull,M_swedeng,2
M_fsbull,M_dj,2
M_fsbull,M_dickstrash,2
M_fsbull,M_grdina,2
M_fsbull,M_borderfox,2
M_grdina,M_revkahjc,2
M_grdina,M_paverlayer,2
M_grdina,M_swedeng,2
M_grdina,M_dj,2
M_grdina,M_dickstrash,2
M_grdina,M_fsbull,2
M_grdina,M_borderfox,2
M_borderfox,M_revkahjc,2
M_borderfox,M_paverlayer,2
M_borderfox,M_swedeng,2
M_borderfox,M_dj,2
M_borderfox,M_dickstrash,2
M_borderfox,M_fsbull,2
M_borderfox,M_grdina,2
M_calebmac,M_strokemyego,2
M_strokemyego,M_calebmac,2
M_tbsveryfunny,M_jbmclendon,2
M_jbmclendon,M_tbsveryfunny,2
M_reditlhabi,M_stevenb,2
M_stevenb,M_reditlhabi,2
M_camphalfblood,M_ariaclemente,2
M_ariaclemente,M_camphalfblood,2
M_n_jeffries,M_l_starcevich,2
M_l_starcevich,M_n_jeffries,2
M_oilonwhyte,M_albertaoilfire,2
M_albertaoilfire,M_oilonwhyte,2
M_corylethgo,M_pastorjoshg,2
M_corylethgo,M_kcabe,2
M_corylethgo,M_kevincabe,2
M_pastorjoshg,M_corylethgo,2
M_pastorjoshg,M_kcabe,2
M_pastorjoshg,M_kevincabe,2
M_kcabe,M_corylethgo,2
M_kcabe,M_pastorjoshg,2
M_kcabe,M_kevincabe,2
M_kevincabe,M_corylethgo,2
M_kevincabe,M_pastorjoshg,2
M_kevincabe,M_kcabe,2
M_princessrgm,M_theellenshow,2
M_princessrgm,M_princesssgb,2
M_theellenshow,M_princessrgm,2
M_theellenshow,M_princesssgb,2
M_princesssgb,M_princessrgm,2
M_princesssgb,M_theellenshow,2
M_,M_juliecbirch,2
M_juliecbirch,M_,2
M_youtube,M_popshifter,2
M_popshifter,M_youtube,2
M_kimbemo,M_schuy_g,2
M_schuy_g,M_kimbemo,2
M_mbekcrw,M_kcrw,2
M_mbekcrw,M_anne_litt,2
M_kcrw,M_mbekcrw,2
M_kcrw,M_anne_litt,2
M_anne_litt,M_mbekcrw,2
M_anne_litt,M_kcrw,2
M_bys,M_,2
M_bys,M_theohioraider,2
M_,M_bys,2
M_,M_theohioraider,2
M_theohioraider,M_bys,2
M_theohioraider,M_,2
M_cheryl,M_chere,2
M_cheryl,M_vanessa,2
M_chere,M_cheryl,2
M_chere,M_vanessa,2
M_vanessa,M_cheryl,2
M_vanessa,M_chere,2
M_,M_jenniferhudson,2
M_jenniferhudson,M_,2
M_jakecausey,M_fancystepdad,2
M_jakecausey,M_theprincerupert,2
M_fancystepdad,M_jakecausey,2
M_fancystepdad,M_theprincerupert,2
M_theprincerupert,M_jakecausey,2
M_theprincerupert,M_fancystepdad,2
M_davidguetta,M_alesso,2
M_alesso,M_davidguetta,2
M_tanycoutur,M_waterbearer,2
M_tanycoutur,M_northernbeauty_,2
M_waterbearer,M_tanycoutur,2
M_waterbearer,M_northernbeauty_,2
M_northernbeauty_,M_tanycoutur,2
M_northernbeauty_,M_waterbearer,2
M_the_serbian,M_brittanyyxoxo,2
M_the_serbian,M_joyofmy_life,2
M_the_serbian,M_s_ephen,2
M_brittanyyxoxo,M_the_serbian,2
M_brittanyyxoxo,M_joyofmy_life,2
M_brittanyyxoxo,M_s_ephen,2
M_joyofmy_life,M_the_serbian,2
M_joyofmy_life,M_brittanyyxoxo,2
M_joyofmy_life,M_s_ephen,2
M_s_ephen,M_the_serbian,2
M_s_ephen,M_brittanyyxoxo,2
M_s_ephen,M_joyofmy_life,2
M_talentedblonde,M_joebrusuelas,2
M_joebrusuelas,M_talentedblonde,2
M_ingredientsrec,M_shinybiscuit,2
M_shinybiscuit,M_ingredientsrec,2
M_allthatjazz_,M_brooklyntheboss,2
M_brooklyntheboss,M_allthatjazz_,2
M_alexisnews,M_wftda,2
M_wftda,M_alexisnews,2
M_white_choc,M_ririspice,2
M_white_choc,M_stephy_t,2
M_white_choc,M_onthenikdrum,2
M_white_choc,M_givemethat_beca,2
M_ririspice,M_white_choc,2
M_ririspice,M_stephy_t,2
M_ririspice,M_onthenikdrum,2
M_ririspice,M_givemethat_beca,2
M_stephy_t,M_white_choc,2
M_stephy_t,M_ririspice,2
M_stephy_t,M_onthenikdrum,2
M_stephy_t,M_givemethat_beca,2
M_onthenikdrum,M_white_choc,2
M_onthenikdrum,M_ririspice,2
M_onthenikdrum,M_stephy_t,2
M_onthenikdrum,M_givemethat_beca,2
M_givemethat_beca,M_white_choc,2
M_givemethat_beca,M_ririspice,2
M_givemethat_beca,M_stephy_t,2
M_givemethat_beca,M_onthenikdrum,2
M_djpharris,M_dtlr,2
M_dtlr,M_djpharris,2
M_sarawoof,M_semiprojoe,2
M_semiprojoe,M_sarawoof,2
M_wossy,M_russellhoward,2
M_wossy,M_muse,2
M_wossy,M_kylieminogue,2
M_russellhoward,M_wossy,2
M_russellhoward,M_muse,2
M_russellhoward,M_kylieminogue,2
M_muse,M_wossy,2
M_muse,M_russellhoward,2
M_muse,M_kylieminogue,2
M_kylieminogue,M_wossy,2
M_kylieminogue,M_russellhoward,2
M_kylieminogue,M_muse,2
M_joelpollak,M_breitbartnews,2
M_joelpollak,M_govchristie,2
M_joelpollak,M_sarahsside,2
M_breitbartnews,M_joelpollak,2
M_breitbartnews,M_govchristie,2
M_breitbartnews,M_sarahsside,2
M_govchristie,M_joelpollak,2
M_govchristie,M_breitbartnews,2
M_govchristie,M_sarahsside,2
M_sarahsside,M_joelpollak,2
M_sarahsside,M_breitbartnews,2
M_sarahsside,M_govchristie,2
M_d,M_hoodiemobnv,2
M_hoodiemobnv,M_d,2
M_mittromney,M_mitt_oh,2
M_mitt_oh,M_mittromney,2
M_stevendeknight,M_ellenhollman,2
M_stevendeknight,M_crixacus,2
M_ellenhollman,M_stevendeknight,2
M_ellenhollman,M_crixacus,2
M_crixacus,M_stevendeknight,2
M_crixacus,M_ellenhollman,2
M_stevievanzandt,M_jakeclemons,2
M_jakeclemons,M_stevievanzandt,2
M_ollyofficial,M_themgeorge,2
M_themgeorge,M_ollyofficial,2
M_nkeylock,M_gargriff,2
M_gargriff,M_nkeylock,2
M_ocean,M_stevestreza,2
M_stevestreza,M_ocean,2
M_therock,M_cm,2
M_cm,M_therock,2
M_ssosso_,M_misskahi,2
M_misskahi,M_ssosso_,2
M_therock,M_wwe,4
M_wwe,M_therock,4
M_kaycegilman,M_hbblanks,2
M_hbblanks,M_kaycegilman,2
M_beacaresosa,M_eleanorjcalder,2
M_eleanorjcalder,M_beacaresosa,2
M_eurohawks_,M_goicehogs,2
M_goicehogs,M_eurohawks_,2
M_vasso_cenation,M_xcescacenax,2
M_vasso_cenation,M_chemicaljericho,2
M_vasso_cenation,M_headshotzombie,2
M_xcescacenax,M_vasso_cenation,2
M_xcescacenax,M_chemicaljericho,2
M_xcescacenax,M_headshotzombie,2
M_chemicaljericho,M_vasso_cenation,2
M_chemicaljericho,M_xcescacenax,2
M_chemicaljericho,M_headshotzombie,2
M_headshotzombie,M_vasso_cenation,2
M_headshotzombie,M_xcescacenax,2
M_headshotzombie,M_chemicaljericho,2
M_,M_treesmellsnice,2
M_treesmellsnice,M_,2
M_jiklopdave,M_flergh,2
M_flergh,M_jiklopdave,2
M_alinaa_z,M_hamdahussein,2
M_hamdahussein,M_alinaa_z,2
M_cole__hines,M_wsj,2
M_cole__hines,M_carney,2
M_wsj,M_cole__hines,2
M_wsj,M_carney,2
M_carney,M_cole__hines,2
M_carney,M_wsj,2
M_mollyleach,M_lauren_bishop,2
M_lauren_bishop,M_mollyleach,2
M_isdancing,M_lokiismycopilot,2
M_lokiismycopilot,M_isdancing,2
M_trwinchester,M_thebandblake,2
M_thebandblake,M_trwinchester,2
M_alfredoflores,M_amandawanxo,14
M_amandawanxo,M_alfredoflores,14
M_sue_bryce,M_catg_photo,2
M_catg_photo,M_sue_bryce,2
M_orjan_nilsen,M_siriusxmarea,2
M_siriusxmarea,M_orjan_nilsen,2
M_pbrasfieldato,M_quikgunz,2
M_quikgunz,M_pbrasfieldato,2
M_lovinjakemore,M_chuckonthewolf,2
M_chuckonthewolf,M_lovinjakemore,2
M_davidprice_,M_audley_harrison,2
M_audley_harrison,M_davidprice_,2
M_ericwfoster,M_thewovenword,2
M_thewovenword,M_ericwfoster,2
M_surface,M_microsoftstore,2
M_microsoftstore,M_surface,2
M_thenameiscasie,M_gussysews,2
M_gussysews,M_thenameiscasie,2
M_barrykidney,M_wanepillow,2
M_wanepillow,M_barrykidney,2
M_rspcayork,M_mrsiveson,2
M_mrsiveson,M_rspcayork,2
M_hadyaaiesa,M_samiramoussaaa,2
M_samiramoussaaa,M_hadyaaiesa,2
M_gregbag,M_realcavsfans,2
M_realcavsfans,M_gregbag,2
M_seymorecake,M_jmause,2
M_jmause,M_seymorecake,2
M_lettersfromgena,M_linpel,2
M_linpel,M_lettersfromgena,2
M_jantiamwatt,M_superxmaika,2
M_superxmaika,M_jantiamwatt,2
M_playmatesmusic,M_skyavenue,2
M_skyavenue,M_playmatesmusic,2
M_mrjimbob,M_booksellercrow,2
M_booksellercrow,M_mrjimbob,2
M_cdandme,M_richardroeper,2
M_cdandme,M_tomdreesencomic,2
M_cdandme,M_roeconn,2
M_richardroeper,M_cdandme,2
M_richardroeper,M_tomdreesencomic,2
M_richardroeper,M_roeconn,2
M_tomdreesencomic,M_cdandme,2
M_tomdreesencomic,M_richardroeper,2
M_tomdreesencomic,M_roeconn,2
M_roeconn,M_cdandme,2
M_roeconn,M_richardroeper,2
M_roeconn,M_tomdreesencomic,2
M_joshgroban,M_pisceslikejosh,2
M_pisceslikejosh,M_joshgroban,2
M_courtknee_eat,M_kweddlee,2
M_kweddlee,M_courtknee_eat,2
M_bovanpelt,M_robertgarrigus,2
M_bovanpelt,M_tigerwoods,2
M_robertgarrigus,M_bovanpelt,2
M_robertgarrigus,M_tigerwoods,2
M_tigerwoods,M_bovanpelt,2
M_tigerwoods,M_robertgarrigus,2
M_toneitup,M_tiubeachbabe,2
M_tiubeachbabe,M_toneitup,2
M_gsf_,M_broncopeyton,2
M_gsf_,M_usc_zack,2
M_broncopeyton,M_gsf_,2
M_broncopeyton,M_usc_zack,2
M_usc_zack,M_gsf_,2
M_usc_zack,M_broncopeyton,2
M_zachbernard,M_speed,2
M_speed,M_zachbernard,2
M_jaymohr,M_rvd,2
M_rvd,M_jaymohr,2
M_levi_tation,M_onen_amillie,2
M_onen_amillie,M_levi_tation,2
M_,M_hbcu,2
M_hbcu,M_,2
M_hiphopeargasm,M___pencilpusher,2
M___pencilpusher,M_hiphopeargasm,2
M_foufa_b,M_kea_nerdette,2
M_kea_nerdette,M_foufa_b,2
M_cnblue_,M_myname_tassha,2
M_myname_tassha,M_cnblue_,2
M_ad_farnell,M_lizpellington,2
M_ad_farnell,M_onetruesy,2
M_lizpellington,M_ad_farnell,2
M_lizpellington,M_onetruesy,2
M_onetruesy,M_ad_farnell,2
M_onetruesy,M_lizpellington,2
M_,M_bluenunuk,2
M_bluenunuk,M_,2
M_skullhong,M_jiyoung_min,2
M_jiyoung_min,M_skullhong,2
M_iflak,M_mozidesigner,2
M_mozidesigner,M_iflak,2
M_katytlam,M_katietd,2
M_katietd,M_katytlam,2
M_wyeoak,M_theroots,2
M_theroots,M_wyeoak,2
M_sab_cat,M_kelceywebb,2
M_sab_cat,M_h,2
M_sab_cat,M_niccibeach,2
M_kelceywebb,M_sab_cat,2
M_kelceywebb,M_h,2
M_kelceywebb,M_niccibeach,2
M_h,M_sab_cat,2
M_h,M_kelceywebb,2
M_h,M_niccibeach,2
M_niccibeach,M_sab_cat,2
M_niccibeach,M_kelceywebb,2
M_niccibeach,M_h,2
M_sfgiants,M_cimbclassic,2
M_cimbclassic,M_sfgiants,2
M_casslachelle,M_least,2
M_least,M_casslachelle,2
M_lakers,M_p,2
M_p,M_lakers,2
M_kadecudi_nova,M_keriilynnbabe,2
M_keriilynnbabe,M_kadecudi_nova,2
M_kirkfranklin,M_therealmarymary,2
M_kirkfranklin,M_insidejmoss,2
M_therealmarymary,M_kirkfranklin,2
M_therealmarymary,M_insidejmoss,2
M_insidejmoss,M_kirkfranklin,2
M_insidejmoss,M_therealmarymary,2
M_example,M_conceptofficial,2
M_conceptofficial,M_example,2
M_florence,M_longman,2
M_longman,M_florence,2
M_happinessbrand,M_mycloset_italia,2
M_mycloset_italia,M_happinessbrand,2
M_eskscheerteam,M_stamp_outriders,2
M_stamp_outriders,M_eskscheerteam,2
M_tuptuppalace,M_digitalncl,2
M_digitalncl,M_tuptuppalace,2
M_harthanson,M_drlawyercop,2
M_drlawyercop,M_harthanson,2
M_wwe,M_johncena,2
M_wwe,M_cmpunk,2
M_johncena,M_wwe,2
M_johncena,M_cmpunk,2
M_cmpunk,M_wwe,2
M_cmpunk,M_johncena,2
M_besitos_xoxo,M_mshannahmaree,2
M_mshannahmaree,M_besitos_xoxo,2
M_castillesevern,M_missamber,2
M_missamber,M_castillesevern,2
M_,M_love,2
M_love,M_,2
M_courtneysager,M_major_peter,2
M_courtneysager,M_heath,2
M_courtneysager,M_aubskidoodle,2
M_major_peter,M_courtneysager,2
M_major_peter,M_heath,2
M_major_peter,M_aubskidoodle,2
M_heath,M_courtneysager,2
M_heath,M_major_peter,2
M_heath,M_aubskidoodle,2
M_aubskidoodle,M_courtneysager,2
M_aubskidoodle,M_major_peter,2
M_aubskidoodle,M_heath,2
M_,M_sarmstrong,2
M_sarmstrong,M_,2
M_tanduayrhunph,M_tanduayrhumph,2
M_tanduayrhumph,M_tanduayrhunph,2
M_m,M_kalebzian,2
M_kalebzian,M_m,2
M_smcclain,M_deezybaby,2
M_deezybaby,M_smcclain,2
M_remittancegirl,M_maydeva,2
M_maydeva,M_remittancegirl,2
M_thevacantlots,M___cosmonauts__,2
M_thevacantlots,M_lovelybadtweets,2
M___cosmonauts__,M_thevacantlots,2
M___cosmonauts__,M_lovelybadtweets,2
M_lovelybadtweets,M_thevacantlots,2
M_lovelybadtweets,M___cosmonauts__,2
M_southwoodellie,M_louisechall,2
M_louisechall,M_southwoodellie,2
M_lewishobbs,M_dcfcspoonz,2
M_dcfcspoonz,M_lewishobbs,2
M_broadwaybabyto,M_leoraheilbronn,2
M_leoraheilbronn,M_broadwaybabyto,2
M_paulakrebs,M_bsu_stdtaff,2
M_bsu_stdtaff,M_paulakrebs,2
M_rainn,M_greatnonprofits,2
M_greatnonprofits,M_rainn,2
M_brandeis_lts,M_brandeisu,2
M_brandeisu,M_brandeis_lts,2
M_meekmill,M_rickyrozay,2
M_meekmill,M_wale,2
M_rickyrozay,M_meekmill,2
M_rickyrozay,M_wale,2
M_wale,M_meekmill,2
M_wale,M_rickyrozay,2
M_wchardin,M_philfry,2
M_philfry,M_wchardin,2
M_,M_kwamedidit,4
M_kwamedidit,M_,4
M_therealnyager,M_kjomd,2
M_kjomd,M_therealnyager,2
M_cloe_shasha,M_boldacademy,2
M_boldacademy,M_cloe_shasha,2
M_cifc,M_johnleebrandon,2
M_johnleebrandon,M_cifc,2
M_jackalltimelow,M_alltimelow,2
M_alltimelow,M_jackalltimelow,2
M_,M_vanessathesats,2
M_vanessathesats,M_,2
M_opkitchen,M_erinsfoodfiles,2
M_erinsfoodfiles,M_opkitchen,2
M_tsl_lemag,M_jeromepugmire,2
M_jeromepugmire,M_tsl_lemag,2
M_cougfantmb,M_jacqdowling,2
M_jacqdowling,M_cougfantmb,2
M_jamespearceecho,M_livecholfc,2
M_jamespearceecho,M_dirk_,2
M_livecholfc,M_jamespearceecho,2
M_livecholfc,M_dirk_,2
M_dirk_,M_jamespearceecho,2
M_dirk_,M_livecholfc,2
M_,M_popsters_fsg,2
M_popsters_fsg,M_,2
M_keyvo,M_waffl,2
M_waffl,M_keyvo,2
M_jill_kolencik,M_nknight,2
M_nknight,M_jill_kolencik,2
M_mollyorangette,M_delanceyseattle,2
M_delanceyseattle,M_mollyorangette,2
M_foodprincess,M_jaypfrancis,2
M_foodprincess,M_ziggysmogdust,2
M_jaypfrancis,M_foodprincess,2
M_jaypfrancis,M_ziggysmogdust,2
M_ziggysmogdust,M_foodprincess,2
M_ziggysmogdust,M_jaypfrancis,2
M_ninadobrev,M_iansomerhalder,2
M_ninadobrev,M_paulwesley,2
M_iansomerhalder,M_ninadobrev,2
M_iansomerhalder,M_paulwesley,2
M_paulwesley,M_ninadobrev,2
M_paulwesley,M_iansomerhalder,2
M_alan_hicks,M_skanyi,2
M_skanyi,M_alan_hicks,2
M_stevetilley,M_billypollock,2
M_billypollock,M_stevetilley,2
M_clarekirstin,M_recite_films,2
M_clarekirstin,M_fi,2
M_recite_films,M_clarekirstin,2
M_recite_films,M_fi,2
M_fi,M_clarekirstin,2
M_fi,M_recite_films,2
M_,M_peterfacinelli,2
M_peterfacinelli,M_,2
M_jrathbonefb,M_pezthedrummer,2
M_pezthedrummer,M_jrathbonefb,2
M_youtube,M_sunnyvegas,2
M_sunnyvegas,M_youtube,2
M_credo_liyo,M_dimaahhh,2
M_dimaahhh,M_credo_liyo,2
M_i,M_pixiesongs,2
M_i,M_taylormomsen,2
M_pixiesongs,M_i,2
M_pixiesongs,M_taylormomsen,2
M_taylormomsen,M_i,2
M_taylormomsen,M_pixiesongs,2
M_immaculate_nat,M_twittabeast,2
M_twittabeast,M_immaculate_nat,2
M_jonathankyte,M_jemmlou,2
M_jonathankyte,M_neilmorgan,2
M_jonathankyte,M_bobandy,2
M_jemmlou,M_jonathankyte,2
M_jemmlou,M_neilmorgan,2
M_jemmlou,M_bobandy,2
M_neilmorgan,M_jonathankyte,2
M_neilmorgan,M_jemmlou,2
M_neilmorgan,M_bobandy,2
M_bobandy,M_jonathankyte,2
M_bobandy,M_jemmlou,2
M_bobandy,M_neilmorgan,2
M_edshow,M_maddow,2
M_maddow,M_edshow,2
M_christynew,M_teamjorchel,6
M_teamjorchel,M_christynew,6
M_afairclub,M_marcohanna,2
M_marcohanna,M_afairclub,2
M_,M_funnyusername,2
M_funnyusername,M_,2
M_supermac,M_jessica,2
M_jessica,M_supermac,2
M_followimran,M_cf,2
M_followimran,M_,2
M_followimran,M_c,2
M_cf,M_followimran,2
M_cf,M_,2
M_cf,M_c,2
M_,M_followimran,2
M_,M_cf,2
M_,M_c,2
M_c,M_followimran,2
M_c,M_cf,2
M_c,M_,2
M_jcpatrick,M_adamf,2
M_adamf,M_jcpatrick,2
M_gdla,M_askjillian,2
M_askjillian,M_gdla,2
M_corywho,M_,2
M_,M_corywho,2
M_shatteredyuuki,M_quietuscyn,2
M_quietuscyn,M_shatteredyuuki,2
M_j_cross,M_cwood,2
M_cwood,M_j_cross,2
M_pnut,M_nickhexum,2
M_nickhexum,M_pnut,2
M_dawnchere,M_terrancewilson,2
M_terrancewilson,M_dawnchere,2
M_craigyferg,M_officialkat,4
M_officialkat,M_craigyferg,4
M_sheilatweetss,M_nufcofficial,2
M_sheilatweetss,M_nufcfans,2
M_nufcofficial,M_sheilatweetss,2
M_nufcofficial,M_nufcfans,2
M_nufcfans,M_sheilatweetss,2
M_nufcfans,M_nufcofficial,2
M_miss_wowah,M_sn,2
M_sn,M_miss_wowah,2
M_serenawilliams,M_bjaofficial,2
M_bjaofficial,M_serenawilliams,2
M_drysdalebjj,M_dee,2
M_drysdalebjj,M_johnalessio,2
M_dee,M_drysdalebjj,2
M_dee,M_johnalessio,2
M_johnalessio,M_drysdalebjj,2
M_johnalessio,M_dee,2
M_rendy_r,M_bany_avenger,2
M_bany_avenger,M_rendy_r,2
M_misslisadc,M_the_lort_got,2
M_the_lort_got,M_misslisadc,2
M_antmaley,M_bcole,2
M_antmaley,M_arsenalscotland,2
M_bcole,M_antmaley,2
M_bcole,M_arsenalscotland,2
M_arsenalscotland,M_antmaley,2
M_arsenalscotland,M_bcole,2
M_tom_howarth,M_nerdblurt,2
M_nerdblurt,M_tom_howarth,2
M_aliciajohncock,M_adelaide_fc,2
M_adelaide_fc,M_aliciajohncock,2
M_,M_kevinhart,2
M_kevinhart,M_,2
M_ashmalvarado,M_conniejordanna,2
M_conniejordanna,M_ashmalvarado,2
M_jakeaustinxxx,M_bonepilot,2
M_jakeaustinxxx,M_tinroom,2
M_jakeaustinxxx,M_gaypornfanatic,2
M_bonepilot,M_jakeaustinxxx,2
M_bonepilot,M_tinroom,2
M_bonepilot,M_gaypornfanatic,2
M_tinroom,M_jakeaustinxxx,2
M_tinroom,M_bonepilot,2
M_tinroom,M_gaypornfanatic,2
M_gaypornfanatic,M_jakeaustinxxx,2
M_gaypornfanatic,M_bonepilot,2
M_gaypornfanatic,M_tinroom,2
M_cainmma,M_therealbhop,2
M_therealbhop,M_cainmma,2
M_elmiragriswold,M_vah_raflatahugs,2
M_vah_raflatahugs,M_elmiragriswold,2
M_kikakikutz,M_raindraingga,2
M_raindraingga,M_kikakikutz,2
M_o,M_barneyowl,2
M_barneyowl,M_o,2
M_mark_sanchez,M_nickmangold,2
M_nickmangold,M_mark_sanchez,2
M_nfgfans,M_realjordanfg,2
M_realjordanfg,M_nfgfans,2
M_earnestpugh,M_,2
M_,M_earnestpugh,2
M_mcfc,M_swp,2
M_swp,M_mcfc,2
M_playbookmd,M_bmoregoodfellaz,2
M_bmoregoodfellaz,M_playbookmd,2
M_dc_zol,M_paramountuk,2
M_paramountuk,M_dc_zol,2
M_piersmorgan,M_lennoxlewis,2
M_piersmorgan,M_realdonaldtrump,2
M_lennoxlewis,M_piersmorgan,2
M_lennoxlewis,M_realdonaldtrump,2
M_realdonaldtrump,M_piersmorgan,2
M_realdonaldtrump,M_lennoxlewis,2
M_breedlove_,M_antwannettebond,2
M_antwannettebond,M_breedlove_,2
M_nathanthewanted,M_thekeysuk,2
M_thekeysuk,M_nathanthewanted,2
M_sbnuitblancheto,M_myturtleneck,2
M_myturtleneck,M_sbnuitblancheto,2
M_lemondear,M_mbculturedays,2
M_lemondear,M_culturedays,2
M_mbculturedays,M_lemondear,2
M_mbculturedays,M_culturedays,2
M_culturedays,M_lemondear,2
M_culturedays,M_mbculturedays,2
M_aquinobanana,M_aliyacakes,2
M_aquinobanana,M_audrey_emm,2
M_aliyacakes,M_aquinobanana,2
M_aliyacakes,M_audrey_emm,2
M_audrey_emm,M_aquinobanana,2
M_audrey_emm,M_aliyacakes,2
M_justinbieber,M_thepotterbiebs,2
M_thepotterbiebs,M_justinbieber,2
M_caroline_mariee,M_georgea_may,2
M_georgea_may,M_caroline_mariee,2
M_sciam,M_luvvieig,2
M_luvvieig,M_sciam,2
M_ohhsheeeila,M_steezclinton,2
M_steezclinton,M_ohhsheeeila,2
M_dallasbvb,M_brunetteinbigd,2
M_brunetteinbigd,M_dallasbvb,2
M_msolveig,M_iamlafaille,2
M_iamlafaille,M_msolveig,2
M_arsenalladies,M_fawsl,2
M_arsenalladies,M_kimlittle,2
M_fawsl,M_arsenalladies,2
M_fawsl,M_kimlittle,2
M_kimlittle,M_arsenalladies,2
M_kimlittle,M_fawsl,2
M_purphaze_,M_jay_bone,2
M_jay_bone,M_purphaze_,2
M_gqswaggg,M_itsjessikah,2
M_itsjessikah,M_gqswaggg,2
M_,M_ekd,2
M_,M_millerlite,2
M_ekd,M_,2
M_ekd,M_millerlite,2
M_millerlite,M_,2
M_millerlite,M_ekd,2
M_dazzlindez,M_hotspur,2
M_hotspur,M_dazzlindez,2
M_coolrayj,M_jfsain,2
M_coolrayj,M_kdrix,2
M_jfsain,M_coolrayj,2
M_jfsain,M_kdrix,2
M_kdrix,M_coolrayj,2
M_kdrix,M_jfsain,2
M_scotonsunday,M_tomkitchin,2
M_tomkitchin,M_scotonsunday,2
M_justinbieber,M_scooterbraun,2
M_scooterbraun,M_justinbieber,2
M_lostalone,M_robbakerashton,2
M_robbakerashton,M_lostalone,2
M_chelseafc,M_onesimo,2
M_onesimo,M_chelseafc,2
M_terrencejones,M_brandonknight,2
M_brandonknight,M_terrencejones,2
M_adamschefter,M_nfl,2
M_nfl,M_adamschefter,2
M_jendres,M_taysmith_,2
M_taysmith_,M_jendres,2
M_djself,M_djjstar,2
M_djself,M_djfirstchoice,2
M_djjstar,M_djself,2
M_djjstar,M_djfirstchoice,2
M_djfirstchoice,M_djself,2
M_djfirstchoice,M_djjstar,2
M_,M_vevo,2
M_vevo,M_,2
M_kristenklee,M_a_festervan,2
M_kristenklee,M_sarbeco,2
M_a_festervan,M_kristenklee,2
M_a_festervan,M_sarbeco,2
M_sarbeco,M_kristenklee,2
M_sarbeco,M_a_festervan,2
M_jenna_long,M_jordanbush,2
M_jordanbush,M_jenna_long,2
M_hibanffhostel,M_mtnorquay,2
M_mtnorquay,M_hibanffhostel,2
M_bree_our_guest,M_muffin_man,2
M_bree_our_guest,M_brikowalczyk,2
M_bree_our_guest,M_saraa_tam,2
M_bree_our_guest,M_charlie_vandy,2
M_bree_our_guest,M_slowing_it_down,2
M_bree_our_guest,M_the_realnickg,2
M_muffin_man,M_bree_our_guest,2
M_muffin_man,M_brikowalczyk,2
M_muffin_man,M_saraa_tam,2
M_muffin_man,M_charlie_vandy,2
M_muffin_man,M_slowing_it_down,2
M_muffin_man,M_the_realnickg,2
M_brikowalczyk,M_bree_our_guest,2
M_brikowalczyk,M_muffin_man,2
M_brikowalczyk,M_saraa_tam,2
M_brikowalczyk,M_charlie_vandy,2
M_brikowalczyk,M_slowing_it_down,2
M_brikowalczyk,M_the_realnickg,2
M_saraa_tam,M_bree_our_guest,2
M_saraa_tam,M_muffin_man,2
M_saraa_tam,M_brikowalczyk,2
M_saraa_tam,M_charlie_vandy,2
M_saraa_tam,M_slowing_it_down,2
M_saraa_tam,M_the_realnickg,2
M_charlie_vandy,M_bree_our_guest,2
M_charlie_vandy,M_muffin_man,2
M_charlie_vandy,M_brikowalczyk,2
M_charlie_vandy,M_saraa_tam,2
M_charlie_vandy,M_slowing_it_down,2
M_charlie_vandy,M_the_realnickg,2
M_slowing_it_down,M_bree_our_guest,2
M_slowing_it_down,M_muffin_man,2
M_slowing_it_down,M_brikowalczyk,2
M_slowing_it_down,M_saraa_tam,2
M_slowing_it_down,M_charlie_vandy,2
M_slowing_it_down,M_the_realnickg,2
M_the_realnickg,M_bree_our_guest,2
M_the_realnickg,M_muffin_man,2
M_the_realnickg,M_brikowalczyk,2
M_the_realnickg,M_saraa_tam,2
M_the_realnickg,M_charlie_vandy,2
M_the_realnickg,M_slowing_it_down,2
M_chuckydbaby,M_ryandepouw,2
M_ryandepouw,M_chuckydbaby,2
M_kcommons,M_dempsey,2
M_dempsey,M_kcommons,2
M_familycycling,M_specialized,2
M_specialized,M_familycycling,2
M_lovemesomehead,M_wakaflockabsm,2
M_wakaflockabsm,M_lovemesomehead,2
M_oliverlaaance,M_owyposadas,2
M_owyposadas,M_oliverlaaance,2
M_tanuki_meatball,M_schmidtsrevenge,2
M_schmidtsrevenge,M_tanuki_meatball,2
M_,M_nickiminaj,2
M_nickiminaj,M_,2
M_r,M_team_barrowman,2
M_team_barrowman,M_r,2
M_barbicancentre,M_,2
M_,M_barbicancentre,2
M_heatherlblythe,M_auriegood,2
M_heatherlblythe,M_aplace,2
M_auriegood,M_heatherlblythe,2
M_auriegood,M_aplace,2
M_aplace,M_heatherlblythe,2
M_aplace,M_auriegood,2
M_tom_seagul,M_alan_hinton,2
M_alan_hinton,M_tom_seagul,2
M_edshow,M_mittromney,2
M_edshow,M_pearljam,2
M_mittromney,M_edshow,2
M_mittromney,M_pearljam,2
M_pearljam,M_edshow,2
M_pearljam,M_mittromney,2
M_stillsanna,M_jroyaal,2
M_stillsanna,M_sandraa,4
M_jroyaal,M_stillsanna,2
M_jroyaal,M_sandraa,2
M_sandraa,M_stillsanna,4
M_sandraa,M_jroyaal,2
M_jessicapenne,M_invictafights,2
M_invictafights,M_jessicapenne,2
M_sarahhanan,M_nickhughesaw,2
M_nickhughesaw,M_sarahhanan,2
M_ochagreen,M_rima_wiwit,2
M_rima_wiwit,M_ochagreen,2
M_chasefreespirit,M_lil_jessss,2
M_lil_jessss,M_chasefreespirit,2
M_bettemidler,M_mrrpmurphy,2
M_mrrpmurphy,M_bettemidler,2
M_brighteyesband,M_comvb,2
M_comvb,M_brighteyesband,2
M_husseinmarhoon,M_mosajjal,2
M_mosajjal,M_husseinmarhoon,2
M_thefpshow,M_offdutygamers,2
M_offdutygamers,M_thefpshow,2
M_,M_freak_franchise,2
M_freak_franchise,M_,2
M_jonnymcgailey,M_doconnell,2
M_jonnymcgailey,M_eamonn_kenny,2
M_jonnymcgailey,M_scuds,2
M_doconnell,M_jonnymcgailey,2
M_doconnell,M_eamonn_kenny,2
M_doconnell,M_scuds,2
M_eamonn_kenny,M_jonnymcgailey,2
M_eamonn_kenny,M_doconnell,2
M_eamonn_kenny,M_scuds,2
M_scuds,M_jonnymcgailey,2
M_scuds,M_doconnell,2
M_scuds,M_eamonn_kenny,2
M_tinamanihuruk,M_sms_serpong,2
M_sms_serpong,M_tinamanihuruk,2
M_nbcagt,M_howardstern,2
M_nbcagt,M_sternshow,2
M_nbcagt,M_nytimes,2
M_howardstern,M_nbcagt,2
M_howardstern,M_sternshow,4
M_howardstern,M_nytimes,4
M_sternshow,M_nbcagt,2
M_sternshow,M_howardstern,4
M_sternshow,M_nytimes,4
M_nytimes,M_nbcagt,2
M_nytimes,M_howardstern,4
M_nytimes,M_sternshow,4
M_theiqonsband,M_stone_fox_chase,4
M_theiqonsband,M_tijuana_bibles,4
M_theiqonsband,M_jimgellatly,2
M_stone_fox_chase,M_theiqonsband,4
M_stone_fox_chase,M_tijuana_bibles,4
M_stone_fox_chase,M_jimgellatly,2
M_tijuana_bibles,M_theiqonsband,4
M_tijuana_bibles,M_stone_fox_chase,4
M_tijuana_bibles,M_jimgellatly,2
M_jimgellatly,M_theiqonsband,2
M_jimgellatly,M_stone_fox_chase,2
M_jimgellatly,M_tijuana_bibles,2
M_bbcr,M_thewantedmusic,2
M_thewantedmusic,M_bbcr,2
M_thereisarose,M_sagehannan,2
M_thereisarose,M_sweetsweetnessa,2
M_thereisarose,M_sarahlew,2
M_sagehannan,M_thereisarose,2
M_sagehannan,M_sweetsweetnessa,2
M_sagehannan,M_sarahlew,2
M_sweetsweetnessa,M_thereisarose,2
M_sweetsweetnessa,M_sagehannan,2
M_sweetsweetnessa,M_sarahlew,2
M_sarahlew,M_thereisarose,2
M_sarahlew,M_sagehannan,2
M_sarahlew,M_sweetsweetnessa,2
M_timtebow,M_vbaffour,2
M_vbaffour,M_timtebow,2
M_mrduncanjames,M_ollyjarvis,2
M_ollyjarvis,M_mrduncanjames,2
M_finallevel,M_sbklive,2
M_sbklive,M_finallevel,2
M_imshar,M_owlcity,2
M_owlcity,M_imshar,2
M_tfeltonchicago,M_tomfelton,2
M_tfeltonchicago,M_tomfelton_usa,2
M_tomfelton,M_tfeltonchicago,2
M_tomfelton,M_tomfelton_usa,2
M_tomfelton_usa,M_tfeltonchicago,2
M_tomfelton_usa,M_tomfelton,2
M_markballas,M_kristiyamaguchi,2
M_kristiyamaguchi,M_markballas,2
M_rasmussenpoll,M_s,2
M_s,M_rasmussenpoll,2
M_vl_delp_ham_,M_pbandjenelley_,2
M_vl_delp_ham_,M_melmurmel,2
M_pbandjenelley_,M_vl_delp_ham_,2
M_pbandjenelley_,M_melmurmel,2
M_melmurmel,M_vl_delp_ham_,2
M_melmurmel,M_pbandjenelley_,2
M_starky,M_nfl_uk,2
M_nfl_uk,M_starky,2
M_oilersnow,M_hockeyyinsiderr,2
M_hockeyyinsiderr,M_oilersnow,2
M_jessiewagnon,M_tcswagg,2
M_tcswagg,M_jessiewagnon,2
M_matt,M_waterloord,2
M_waterloord,M_matt,2
M_mikejefferiesl,M_gianicos,2
M_gianicos,M_mikejefferiesl,2
M_donbroco,M_jamesjammcmahon,2
M_jamesjammcmahon,M_donbroco,2
M_janie_austin,M_sportsaholic,2
M_sportsaholic,M_janie_austin,2
M_moretti_crowned,M_robcitrullo,2
M_robcitrullo,M_moretti_crowned,2
M_thexfactor,M_itv,2
M_itv,M_thexfactor,2
M_ohyesitsmatt,M_hotspurkeeno,2
M_hotspurkeeno,M_ohyesitsmatt,2
M_nodoubt,M_vh,2
M_vh,M_nodoubt,2
M_c_lassyy,M_merfreistroffer,2
M_merfreistroffer,M_c_lassyy,2
M_paperchaseent_,M_whiteboytatted,2
M_whiteboytatted,M_paperchaseent_,2
M_ddoughtyonair,M_sobotucker,2
M_sobotucker,M_ddoughtyonair,2
M_beccaward,M_ronayburns,2
M_ronayburns,M_beccaward,2
M_jakemcwavynyc,M_donmanolo_,2
M_donmanolo_,M_jakemcwavynyc,2
M_laromabella,M_mgska,2
M_mgska,M_laromabella,2
M_burko,M_jimbobohan,2
M_jimbobohan,M_burko,2
M_bigdaddybunce,M_boxnationtv,2
M_boxnationtv,M_bigdaddybunce,2
M_egyptianlover_,M_tyga,2
M_tyga,M_egyptianlover_,2
M_themixxradio,M_thered_show,2
M_thered_show,M_themixxradio,2
M_michelle_foy,M_pameatsbabies,2
M_michelle_foy,M_kimmikaa,2
M_pameatsbabies,M_michelle_foy,2
M_pameatsbabies,M_kimmikaa,2
M_kimmikaa,M_michelle_foy,2
M_kimmikaa,M_pameatsbabies,2
M_asht,M_susan_leperaxo,2
M_susan_leperaxo,M_asht,2
M_static,M_shinytoyguns,2
M_static,M_,2
M_static,M_carahfaye,2
M_shinytoyguns,M_static,2
M_shinytoyguns,M_,2
M_shinytoyguns,M_carahfaye,2
M_,M_static,2
M_,M_shinytoyguns,2
M_,M_carahfaye,2
M_carahfaye,M_static,2
M_carahfaye,M_shinytoyguns,2
M_carahfaye,M_,2
M_jimirsay,M_jmv,2
M_jmv,M_jimirsay,2
M_iidontrespectit,M_tristan_jet,2
M_tristan_jet,M_iidontrespectit,2
M_coplandcasual,M__s_s_r_,2
M_coplandcasual,M_gullitr,2
M__s_s_r_,M_coplandcasual,2
M__s_s_r_,M_gullitr,2
M_gullitr,M_coplandcasual,2
M_gullitr,M__s_s_r_,2
M_vinto,M_happymonkeyshoe,2
M_happymonkeyshoe,M_vinto,2
M_theghostinside,M_missmayiband,2
M_theghostinside,M_lmtf,2
M_missmayiband,M_theghostinside,2
M_missmayiband,M_lmtf,2
M_lmtf,M_theghostinside,2
M_lmtf,M_missmayiband,2
M_gd_girlsdesire,M_realtaeyang,2
M_realtaeyang,M_gd_girlsdesire,2
M_getmoneya,M_lyl_bro,2
M_getmoneya,M__nenejackson,2
M_lyl_bro,M_getmoneya,2
M_lyl_bro,M__nenejackson,2
M__nenejackson,M_getmoneya,2
M__nenejackson,M_lyl_bro,2
M_hellblazer,M_kimmieleanne,2
M_kimmieleanne,M_hellblazer,2
M_,M_generalhospital,2
M_generalhospital,M_,2
M_danapixie,M_bigwidu,2
M_bigwidu,M_danapixie,2
M_flybirds,M_kylegeller,2
M_kylegeller,M_flybirds,2
M_gerheneghan,M_gunninga,2
M_gerheneghan,M_gclaffey,2
M_gunninga,M_gerheneghan,2
M_gunninga,M_gclaffey,2
M_gclaffey,M_gerheneghan,2
M_gclaffey,M_gunninga,2
M_ctv,M_farhanmohamed,2
M_farhanmohamed,M_ctv,2
M_windows,M_buckwoody,2
M_buckwoody,M_windows,2
M_pcam,M_amish_man,2
M_amish_man,M_pcam,2
M_illuminati_piff,M_nellebekillinem,2
M_nellebekillinem,M_illuminati_piff,2
M_thehill,M_barackobama,2
M_barackobama,M_thehill,2
M_sjicaucustv,M_thefakecnn,2
M_thefakecnn,M_sjicaucustv,2
M_drdrewhln,M_gatorgirl,2
M_gatorgirl,M_drdrewhln,2
M_sultanalqassemi,M_beleidy,2
M_beleidy,M_sultanalqassemi,2
M_kingjames,M_liltunechi,2
M_liltunechi,M_kingjames,2
M_shekicksdotnet,M_mshighbury,2
M_mshighbury,M_shekicksdotnet,2
M_piersmorgan,M_flintoff,2
M_flintoff,M_piersmorgan,2
M_mikemassaroespn,M_nascarnowespn,2
M_nascarnowespn,M_mikemassaroespn,2
M_adamschefter,M_smartfootball,2
M_smartfootball,M_adamschefter,2
M_ooteeny,M_stuwaldy,2
M_stuwaldy,M_ooteeny,2
M_jtrojnar,M_gdisano,2
M_gdisano,M_jtrojnar,2
M_brokenpromize,M_ginawpayne,2
M_ginawpayne,M_brokenpromize,2
M_persianfarzad,M_s,2
M_persianfarzad,M_idfsoldiergirl,2
M_s,M_persianfarzad,2
M_s,M_idfsoldiergirl,2
M_idfsoldiergirl,M_persianfarzad,2
M_idfsoldiergirl,M_s,2
M_pretty_tee,M_fay_prissy,2
M_pretty_tee,M_badaxx_yella,2
M_fay_prissy,M_pretty_tee,2
M_fay_prissy,M_badaxx_yella,2
M_badaxx_yella,M_pretty_tee,2
M_badaxx_yella,M_fay_prissy,2
M_,M_devyyyyyyyy,2
M_devyyyyyyyy,M_,2
M_skysports,M_guillembalague,2
M_guillembalague,M_skysports,2
M_vbspurs,M_dannypace,2
M_vbspurs,M_meadabawdy,2
M_dannypace,M_vbspurs,2
M_dannypace,M_meadabawdy,2
M_meadabawdy,M_vbspurs,2
M_meadabawdy,M_dannypace,2
M_megishere,M_rmei,2
M_megishere,M_briteanna,2
M_megishere,M_carolhollyt,2
M_rmei,M_megishere,2
M_rmei,M_briteanna,2
M_rmei,M_carolhollyt,2
M_briteanna,M_megishere,2
M_briteanna,M_rmei,2
M_briteanna,M_carolhollyt,2
M_carolhollyt,M_megishere,2
M_carolhollyt,M_rmei,2
M_carolhollyt,M_briteanna,2
M_,M_hdashkane,2
M_,M_addacapo,2
M_,M_ken,2
M_hdashkane,M_,2
M_hdashkane,M_addacapo,2
M_hdashkane,M_ken,2
M_addacapo,M_,2
M_addacapo,M_hdashkane,2
M_addacapo,M_ken,2
M_ken,M_,2
M_ken,M_hdashkane,2
M_ken,M_addacapo,2
M_hopesolo,M_hopesolofans,2
M_hopesolofans,M_hopesolo,2
M_stoney,M_jeffmossdsr,2
M_jeffmossdsr,M_stoney,2
M_alyoup,M_addicted,2
M_addicted,M_alyoup,2
M_ramythe,M_hatersgonnhate_,2
M_ramythe,M_hamlikehussain,2
M_hatersgonnhate_,M_ramythe,2
M_hatersgonnhate_,M_hamlikehussain,2
M_hamlikehussain,M_ramythe,2
M_hamlikehussain,M_hatersgonnhate_,2
M_azcardinalsftw,M_cardschatter,2
M_cardschatter,M_azcardinalsftw,2
M_gininjadesign,M_juliecrawley,2
M_gininjadesign,M_donna_butlin,2
M_juliecrawley,M_gininjadesign,2
M_juliecrawley,M_donna_butlin,2
M_donna_butlin,M_gininjadesign,2
M_donna_butlin,M_juliecrawley,2
M_inadio,M_selzky,2
M_inadio,M_trisiska_putri,2
M_selzky,M_inadio,2
M_selzky,M_trisiska_putri,2
M_trisiska_putri,M_inadio,2
M_trisiska_putri,M_selzky,2
M_karimandsugar,M_taylor_mcneill,2
M_taylor_mcneill,M_karimandsugar,2
M_altberry,M_ferlazz,2
M_altberry,M_jimmymcgorman,2
M_altberry,M_rodneyondrums,2
M_altberry,M_stevefekete,2
M_ferlazz,M_altberry,2
M_ferlazz,M_jimmymcgorman,2
M_ferlazz,M_rodneyondrums,2
M_ferlazz,M_stevefekete,2
M_jimmymcgorman,M_altberry,2
M_jimmymcgorman,M_ferlazz,2
M_jimmymcgorman,M_rodneyondrums,2
M_jimmymcgorman,M_stevefekete,2
M_rodneyondrums,M_altberry,2
M_rodneyondrums,M_ferlazz,2
M_rodneyondrums,M_jimmymcgorman,2
M_rodneyondrums,M_stevefekete,2
M_stevefekete,M_altberry,2
M_stevefekete,M_ferlazz,2
M_stevefekete,M_jimmymcgorman,2
M_stevefekete,M_rodneyondrums,2
M_ilovedoobz,M_patty_flipping,2
M_patty_flipping,M_ilovedoobz,2
M_stevebeuerlein,M_seconcbs,2
M_seconcbs,M_stevebeuerlein,2
M_morningmika,M_steverattner,2
M_morningmika,M_joenbc,2
M_steverattner,M_morningmika,2
M_steverattner,M_joenbc,2
M_joenbc,M_morningmika,2
M_joenbc,M_steverattner,2
M_mokbpresents,M_do,2
M_do,M_mokbpresents,2
M_mikehillespn,M_edwerderespn,2
M_mikehillespn,M_pti,2
M_mikehillespn,M_mortreport,2
M_edwerderespn,M_mikehillespn,2
M_edwerderespn,M_pti,2
M_edwerderespn,M_mortreport,2
M_pti,M_mikehillespn,2
M_pti,M_edwerderespn,2
M_pti,M_mortreport,2
M_mortreport,M_mikehillespn,2
M_mortreport,M_edwerderespn,2
M_mortreport,M_pti,2
M_,M_lastfm,2
M_lastfm,M_,2
M_fueltv,M_danaehite,2
M_danaehite,M_fueltv,2
M_johnytyh,M_cabri,2
M_cabri,M_johnytyh,2
M_jamminjava,M_byt,2
M_jamminjava,M_jimsuperwhite,2
M_byt,M_jamminjava,2
M_byt,M_jimsuperwhite,2
M_jimsuperwhite,M_jamminjava,2
M_jimsuperwhite,M_byt,2
M_phil_reece,M_ng,2
M_phil_reece,M_burkie,2
M_ng,M_phil_reece,2
M_ng,M_burkie,2
M_burkie,M_phil_reece,2
M_burkie,M_ng,2
M_kbutter,M_tarheelnation,2
M_tarheelnation,M_kbutter,2
M_giants,M_profootballtalk,2
M_giants,M_nfl,2
M_giants,M_espnfantasy,2
M_profootballtalk,M_giants,2
M_profootballtalk,M_nfl,2
M_profootballtalk,M_espnfantasy,2
M_nfl,M_giants,2
M_nfl,M_profootballtalk,2
M_nfl,M_espnfantasy,2
M_espnfantasy,M_giants,2
M_espnfantasy,M_profootballtalk,2
M_espnfantasy,M_nfl,2
M_canadaluvsadam,M_lea_glee_glam,2
M_lea_glee_glam,M_canadaluvsadam,2
M_vowfm,M_ewbwits,2
M_ewbwits,M_vowfm,2
M_giox,M_dirty_platano,2
M_giox,M_smokinggreat,2
M_dirty_platano,M_giox,2
M_dirty_platano,M_smokinggreat,2
M_smokinggreat,M_giox,2
M_smokinggreat,M_dirty_platano,2
M_taylorswift,M_thecivilwars,2
M_thecivilwars,M_taylorswift,2
M_jukakooikerjack,M_mustlovespark,2
M_jukakooikerjack,M_coverdog,2
M_mustlovespark,M_jukakooikerjack,2
M_mustlovespark,M_coverdog,2
M_coverdog,M_jukakooikerjack,2
M_coverdog,M_mustlovespark,2
M_lufbrarugby,M_durfc,2
M_durfc,M_lufbrarugby,2
M_bacana,M_wingoz,2
M_wingoz,M_bacana,2
M_emmieismahname,M_annabananaftw,2
M_annabananaftw,M_emmieismahname,2
M_jayharveyuk,M_cassieheath,2
M_cassieheath,M_jayharveyuk,2
M_abityab,M_fazachary,2
M_fazachary,M_abityab,2
M_,M_ps,2
M_ps,M_,2
M_muchmusic,M_nml,2
M_nml,M_muchmusic,2
M_morgwolfe,M_mack_mays,2
M_morgwolfe,M_jillianlucas,2
M_mack_mays,M_morgwolfe,2
M_mack_mays,M_jillianlucas,2
M_jillianlucas,M_morgwolfe,2
M_jillianlucas,M_mack_mays,2
M_nellybeee_,M_nessa_sassy,2
M_nellybeee_,M_frecklejuice,2
M_nessa_sassy,M_nellybeee_,2
M_nessa_sassy,M_frecklejuice,2
M_frecklejuice,M_nellybeee_,2
M_frecklejuice,M_nessa_sassy,2
M_insidetheleague,M_paulcjoe,2
M_paulcjoe,M_insidetheleague,2
M_dannys,M_jimmypcafc,2
M_jimmypcafc,M_dannys,2
M_camurria,M_juventus_fc_fan,2
M_juventus_fc_fan,M_camurria,2
M_telegraphmag,M_jonathancape,2
M_jonathancape,M_telegraphmag,2
M_noquivering,M_skepchicks,2
M_skepchicks,M_noquivering,2
M_blgj,M_saltandhepper,2
M_saltandhepper,M_blgj,2
M_seanpeterbudge,M_wiz,2
M_wiz,M_seanpeterbudge,2
M_tomcole,M_cyclingsam,2
M_cyclingsam,M_tomcole,2
M_jimrome,M_kylebrandt,2
M_jimrome,M_josecanseco,2
M_jimrome,M_iron_sheik,2
M_kylebrandt,M_jimrome,2
M_kylebrandt,M_josecanseco,2
M_kylebrandt,M_iron_sheik,2
M_josecanseco,M_jimrome,2
M_josecanseco,M_kylebrandt,2
M_josecanseco,M_iron_sheik,2
M_iron_sheik,M_jimrome,2
M_iron_sheik,M_kylebrandt,2
M_iron_sheik,M_josecanseco,2
M_,M_omojuwa,2
M_omojuwa,M_,2
M_julianalbrandt,M_catmscully,2
M_catmscully,M_julianalbrandt,2
M_,M_codysimpson,2
M_codysimpson,M_,2
M_jonathankimsing,M__byronwong,2
M__byronwong,M_jonathankimsing,2
M_joshkoscheck,M_danawhite,2
M_danawhite,M_joshkoscheck,2
M_ben_jamin_whit,M_richie_fenners,2
M_richie_fenners,M_ben_jamin_whit,2
M__kevcastillo,M_deniszhirov,2
M__kevcastillo,M_diquesoyprieto,2
M_deniszhirov,M__kevcastillo,2
M_deniszhirov,M_diquesoyprieto,2
M_diquesoyprieto,M__kevcastillo,2
M_diquesoyprieto,M_deniszhirov,2
M_nia_girlbow,M_myles_collier,2
M_myles_collier,M_nia_girlbow,2
M_okcthunder,M_jharden,2
M_okcthunder,M_pushplayjt,2
M_jharden,M_okcthunder,2
M_jharden,M_pushplayjt,2
M_pushplayjt,M_okcthunder,2
M_pushplayjt,M_jharden,2
M__beeniee,M_itzlavz,2
M_itzlavz,M__beeniee,2
M_,M_parkcrest,2
M_,M_vision,2
M_,M_bobrobertsjr,2
M_parkcrest,M_,2
M_parkcrest,M_vision,2
M_parkcrest,M_bobrobertsjr,2
M_vision,M_,2
M_vision,M_parkcrest,2
M_vision,M_bobrobertsjr,2
M_bobrobertsjr,M_,2
M_bobrobertsjr,M_parkcrest,2
M_bobrobertsjr,M_vision,2
M_sarafinaab,M_adesto,2
M_adesto,M_sarafinaab,2
M_aldercc,M_newtoncricket,2
M_newtoncricket,M_aldercc,2
M_getfertlized,M_grizzdalton,2
M_getfertlized,M_ryanpmacd,2
M_grizzdalton,M_getfertlized,2
M_grizzdalton,M_ryanpmacd,2
M_ryanpmacd,M_getfertlized,2
M_ryanpmacd,M_grizzdalton,2
M_leonelwell,M_mrdavidhaye,2
M_mrdavidhaye,M_leonelwell,2
M_beckybull_x,M_emmaharv,2
M_emmaharv,M_beckybull_x,2
M_chelseafitch,M_chelss_lewis,2
M_chelss_lewis,M_chelseafitch,2
M_georgiakington,M_abbieparker,2
M_abbieparker,M_georgiakington,2
M_,M_showyousuck,2
M_,M_freddiegibbs,2
M_showyousuck,M_,2
M_showyousuck,M_freddiegibbs,2
M_freddiegibbs,M_,2
M_freddiegibbs,M_showyousuck,2
M_thekaufmanshow,M_tsn,2
M_tsn,M_thekaufmanshow,2
M_paulslim,M_mrdavidhaye,2
M_paulslim,M_thepudseybear,2
M_paulslim,M_jimboflynn,2
M_mrdavidhaye,M_paulslim,2
M_mrdavidhaye,M_thepudseybear,2
M_mrdavidhaye,M_jimboflynn,2
M_thepudseybear,M_paulslim,2
M_thepudseybear,M_mrdavidhaye,2
M_thepudseybear,M_jimboflynn,2
M_jimboflynn,M_paulslim,2
M_jimboflynn,M_mrdavidhaye,2
M_jimboflynn,M_thepudseybear,2
M_franzia,M_andysedlakbnt,2
M_franzia,M_kelseycano,2
M_franzia,M_jennadeerywhio,2
M_andysedlakbnt,M_franzia,2
M_andysedlakbnt,M_kelseycano,2
M_andysedlakbnt,M_jennadeerywhio,2
M_kelseycano,M_franzia,2
M_kelseycano,M_andysedlakbnt,2
M_kelseycano,M_jennadeerywhio,2
M_jennadeerywhio,M_franzia,2
M_jennadeerywhio,M_andysedlakbnt,2
M_jennadeerywhio,M_kelseycano,2
M_,M_daveannable,2
M_,M_theavettbros,2
M_,M_nbcupallnight,2
M_daveannable,M_,2
M_daveannable,M_theavettbros,2
M_daveannable,M_nbcupallnight,2
M_theavettbros,M_,2
M_theavettbros,M_daveannable,2
M_theavettbros,M_nbcupallnight,2
M_nbcupallnight,M_,2
M_nbcupallnight,M_daveannable,2
M_nbcupallnight,M_theavettbros,2
M_flexcrewgotti,M_yungtoneworld,2
M_flexcrewgotti,M_da,8
M_yungtoneworld,M_flexcrewgotti,2
M_yungtoneworld,M_da,2
M_da,M_flexcrewgotti,8
M_da,M_yungtoneworld,2
M_,M__tweetinassnupe,2
M__tweetinassnupe,M_,2
M_ournameisfun,M_anabanana,2
M_anabanana,M_ournameisfun,2
M_colleygeorge,M__adamjohn,2
M_colleygeorge,M_robertpidgeon,2
M__adamjohn,M_colleygeorge,2
M__adamjohn,M_robertpidgeon,2
M_robertpidgeon,M_colleygeorge,2
M_robertpidgeon,M__adamjohn,2
M_robertmarawa,M_mindlos_khafu,2
M_mindlos_khafu,M_robertmarawa,2
M_billybragg,M_dannancarrow,2
M_dannancarrow,M_billybragg,2
M_jwwashburn,M_ebertchicago,2
M_ebertchicago,M_jwwashburn,2
M_jen_bennings,M_realkatwiiiiams,2
M_realkatwiiiiams,M_jen_bennings,2
M_,M_ecoxpo,2
M_ecoxpo,M_,2
M_jesssicaannn,M___chellebell__,2
M_jesssicaannn,M_irock_,2
M___chellebell__,M_jesssicaannn,2
M___chellebell__,M_irock_,2
M_irock_,M_jesssicaannn,2
M_irock_,M___chellebell__,2
M_virginamerica,M_,2
M_,M_virginamerica,2
M_blackberryhelp,M_paulosamaniego,2
M_paulosamaniego,M_blackberryhelp,2
M_manchesterpride,M_grimsbypride,2
M_grimsbypride,M_manchesterpride,2
M_alexisclark,M_takersgirl,2
M_takersgirl,M_alexisclark,2
M_labourbroomhill,M_tom_watson,2
M_tom_watson,M_labourbroomhill,2
M_,M_surnell,2
M_surnell,M_,2
M_,M_lyndajumilla,2
M_lyndajumilla,M_,2
M_n_kahl,M_romasachdev,2
M_romasachdev,M_n_kahl,2
M_,M_trilla_guapo,2
M_,M_carolinakidz,2
M_trilla_guapo,M_,2
M_trilla_guapo,M_carolinakidz,2
M_carolinakidz,M_,2
M_carolinakidz,M_trilla_guapo,2
M_thirdmanrecords,M_mlbonfox,2
M_mlbonfox,M_thirdmanrecords,2
M_atkinsncbrewfan,M_teamcole,2
M_teamcole,M_atkinsncbrewfan,2
M_sarahgupdates,M_sarahgfans,2
M_sarahgupdates,M_popsters,2
M_sarahgupdates,M_popsters_fsg,2
M_sarahgfans,M_sarahgupdates,2
M_sarahgfans,M_popsters,2
M_sarahgfans,M_popsters_fsg,2
M_popsters,M_sarahgupdates,2
M_popsters,M_sarahgfans,2
M_popsters,M_popsters_fsg,2
M_popsters_fsg,M_sarahgupdates,2
M_popsters_fsg,M_sarahgfans,2
M_popsters_fsg,M_popsters,2
M_pinoy_archies,M_mydearwriter,2
M_mydearwriter,M_pinoy_archies,2
M_irespectcb,M_super_novarn,2
M_super_novarn,M_irespectcb,2
M_primus,M_willbeekman,2
M_primus,M_fmkirbycenter,2
M_willbeekman,M_primus,2
M_willbeekman,M_fmkirbycenter,2
M_fmkirbycenter,M_primus,2
M_fmkirbycenter,M_willbeekman,2
M_jackwilliams,M_akerr,2
M_akerr,M_jackwilliams,2
M_,M_aidilizwann,2
M_aidilizwann,M_,2
M_foolishinapril,M_blove,2
M_blove,M_foolishinapril,2
M_ms_dhoni_,M_general_sms,2
M_general_sms,M_ms_dhoni_,2
M_pinoy_archies,M_onedavidnet,2
M_onedavidnet,M_pinoy_archies,2
M_kirstycameron,M_stephanietannz,2
M_stephanietannz,M_kirstycameron,2
M_dallasmavs,M_miamiheat,2
M_dallasmavs,M_cavs,2
M_miamiheat,M_dallasmavs,2
M_miamiheat,M_cavs,2
M_cavs,M_dallasmavs,2
M_cavs,M_miamiheat,2
M_blackberryhelp,M_patrick_amstrel,2
M_patrick_amstrel,M_blackberryhelp,2
M_argery_mae,M_mapeyyy,2
M_argery_mae,M_sayotekid,2
M_argery_mae,M_better_bitch,2
M_mapeyyy,M_argery_mae,2
M_mapeyyy,M_sayotekid,2
M_mapeyyy,M_better_bitch,2
M_sayotekid,M_argery_mae,2
M_sayotekid,M_mapeyyy,2
M_sayotekid,M_better_bitch,2
M_better_bitch,M_argery_mae,2
M_better_bitch,M_mapeyyy,2
M_better_bitch,M_sayotekid,2
M_stephenwulff,M_stevi_mo,2
M_stephenwulff,M_,2
M_stephenwulff,M_s,2
M_stephenwulff,M_gen__beauregard,2
M_stevi_mo,M_stephenwulff,2
M_stevi_mo,M_,2
M_stevi_mo,M_s,2
M_stevi_mo,M_gen__beauregard,2
M_,M_stephenwulff,2
M_,M_stevi_mo,2
M_,M_s,2
M_,M_gen__beauregard,2
M_s,M_stephenwulff,2
M_s,M_stevi_mo,2
M_s,M_,2
M_s,M_gen__beauregard,2
M_gen__beauregard,M_stephenwulff,2
M_gen__beauregard,M_stevi_mo,2
M_gen__beauregard,M_,2
M_gen__beauregard,M_s,2
M_dccc,M_repjeffdenham,2
M_dccc,M_thehill,2
M_dccc,M_petekthehill,2
M_repjeffdenham,M_dccc,2
M_repjeffdenham,M_thehill,2
M_repjeffdenham,M_petekthehill,2
M_thehill,M_dccc,2
M_thehill,M_repjeffdenham,2
M_thehill,M_petekthehill,2
M_petekthehill,M_dccc,2
M_petekthehill,M_repjeffdenham,2
M_petekthehill,M_thehill,2
M_onedirection,M_capitalofficial,2
M_capitalofficial,M_onedirection,2
M_eugenia__,M_gafferm,2
M_eugenia__,M_inasieff,2
M_eugenia__,M__mpho,2
M_gafferm,M_eugenia__,2
M_gafferm,M_inasieff,2
M_gafferm,M__mpho,2
M_inasieff,M_eugenia__,2
M_inasieff,M_gafferm,2
M_inasieff,M__mpho,2
M__mpho,M_eugenia__,2
M__mpho,M_gafferm,2
M__mpho,M_inasieff,2
M_missfarahsawa,M_maejae,2
M_maejae,M_missfarahsawa,2
M_froda,M_adrianysan,2
M_froda,M_podio,2
M_adrianysan,M_froda,2
M_adrianysan,M_podio,2
M_podio,M_froda,2
M_podio,M_adrianysan,2
M_jakeowen,M_flagaline,2
M_flagaline,M_jakeowen,2
M_westendredbacks,M_frankyworrall,2
M_frankyworrall,M_westendredbacks,2
M_coachwhitmsm,M_ionawbb,2
M_ionawbb,M_coachwhitmsm,2
M_iansmithcomedy,M_docbrown,2
M_docbrown,M_iansmithcomedy,2
M_dave_cooper,M_robinsavagepics,2
M_dave_cooper,M_dennydingdong,2
M_dave_cooper,M_sophiebould,2
M_robinsavagepics,M_dave_cooper,2
M_robinsavagepics,M_dennydingdong,2
M_robinsavagepics,M_sophiebould,2
M_dennydingdong,M_dave_cooper,2
M_dennydingdong,M_robinsavagepics,2
M_dennydingdong,M_sophiebould,2
M_sophiebould,M_dave_cooper,2
M_sophiebould,M_robinsavagepics,2
M_sophiebould,M_dennydingdong,2
M_omar_quraishi,M_khizm,2
M_khizm,M_omar_quraishi,2
M_,M_hotkyle,2
M_,M_bjshea,2
M_hotkyle,M_,2
M_hotkyle,M_bjshea,2
M_bjshea,M_,2
M_bjshea,M_hotkyle,2
M_ravensburgerpc,M_,8
M_,M_ravensburgerpc,8
M_,M_philtufnell,2
M_,M_hornseyclub,2
M_philtufnell,M_,2
M_philtufnell,M_hornseyclub,2
M_hornseyclub,M_,2
M_hornseyclub,M_philtufnell,2
M_the_riches,M_tremontmusic,2
M_tremontmusic,M_the_riches,2
M_,M_estevencollins,2
M_,M_phillyfight,2
M_estevencollins,M_,2
M_estevencollins,M_phillyfight,2
M_phillyfight,M_,2
M_phillyfight,M_estevencollins,2
M_msjoseline,M_hitmansteviej,2
M_hitmansteviej,M_msjoseline,2
M_rob,M_patriciacross,2
M_rob,M_charcyb,2
M_patriciacross,M_rob,2
M_patriciacross,M_charcyb,2
M_charcyb,M_rob,2
M_charcyb,M_patriciacross,2
M_lb_az,M_tabor,2
M_lb_az,M_longballgirl,2
M_tabor,M_lb_az,2
M_tabor,M_longballgirl,2
M_longballgirl,M_lb_az,2
M_longballgirl,M_tabor,2
M_tpbadam,M_thewhitedevil,2
M_thewhitedevil,M_tpbadam,2
M_olivialewis,M_sabrini_p,2
M_sabrini_p,M_olivialewis,2
M_geezyallstar,M_crazyronallstar,2
M_crazyronallstar,M_geezyallstar,2
M_jowyang,M_thebrandbuilder,2
M_thebrandbuilder,M_jowyang,2
M_heyy_its_herr,M_jacobjetswagg,2
M_jacobjetswagg,M_heyy_its_herr,2
M_carrieunderwood,M_hunterhayes,4
M_hunterhayes,M_carrieunderwood,4
M_partymiami,M_arshtcenter,2
M_arshtcenter,M_partymiami,2
M_nielson,M_edmontonoilers,2
M_edmontonoilers,M_nielson,2
M_lataco,M_mrpeniche,2
M_mrpeniche,M_lataco,2
M_alviniaviray,M_,2
M_alviniaviray,M_toniliciousz_tg,2
M_alviniaviray,M_tonigfanpage,2
M_,M_alviniaviray,2
M_,M_toniliciousz_tg,2
M_,M_tonigfanpage,2
M_toniliciousz_tg,M_alviniaviray,2
M_toniliciousz_tg,M_,2
M_toniliciousz_tg,M_tonigfanpage,2
M_tonigfanpage,M_alviniaviray,2
M_tonigfanpage,M_,2
M_tonigfanpage,M_toniliciousz_tg,2
M_thatbitch_zimma,M_sampat,2
M_sampat,M_thatbitch_zimma,2
M_cltmotorspdwy,M_taxslayerracing,2
M_taxslayerracing,M_cltmotorspdwy,2
M_harveycusick,M_humfthecocker,2
M_harveycusick,M_beasleydogue,2
M_humfthecocker,M_harveycusick,2
M_humfthecocker,M_beasleydogue,2
M_beasleydogue,M_harveycusick,2
M_beasleydogue,M_humfthecocker,2
M_mllesorbet,M_noreinsgirl,2
M_noreinsgirl,M_mllesorbet,2
M_gothamgirls,M_andy_oconnor,2
M_gothamgirls,M_erickjpressman,2
M_andy_oconnor,M_gothamgirls,2
M_andy_oconnor,M_erickjpressman,2
M_erickjpressman,M_gothamgirls,2
M_erickjpressman,M_andy_oconnor,2
M_chrisgethard,M_mattsinger,2
M_mattsinger,M_chrisgethard,2
M_mlbazfallleague,M_mlb,2
M_mlb,M_mlbazfallleague,2
M_curelounge,M_walkerantoine,2
M_walkerantoine,M_curelounge,2
M_rambleandwander,M_xavieremir,2
M_xavieremir,M_rambleandwander,2
M_mikepib,M_matthewroesch,2
M_matthewroesch,M_mikepib,2
M_,M_getsomegaming,2
M_getsomegaming,M_,2
M_,M_thealumni,2
M_thealumni,M_,2
M_,M_racingraphael,2
M_racingraphael,M_,2
M_,M_montgomery,2
M_,M_newsstarsports,2
M_montgomery,M_,2
M_montgomery,M_newsstarsports,2
M_newsstarsports,M_,2
M_newsstarsports,M_montgomery,2
M_officialpwi,M_bookitgabe,2
M_bookitgabe,M_officialpwi,2
M_wkthal,M_tesschands,2
M_wkthal,M_jillkatz,2
M_wkthal,M_alxpetro,2
M_wkthal,M_syddthekid,2
M_tesschands,M_wkthal,2
M_tesschands,M_jillkatz,2
M_tesschands,M_alxpetro,2
M_tesschands,M_syddthekid,2
M_jillkatz,M_wkthal,2
M_jillkatz,M_tesschands,2
M_jillkatz,M_alxpetro,2
M_jillkatz,M_syddthekid,2
M_alxpetro,M_wkthal,2
M_alxpetro,M_tesschands,2
M_alxpetro,M_jillkatz,2
M_alxpetro,M_syddthekid,2
M_syddthekid,M_wkthal,2
M_syddthekid,M_tesschands,2
M_syddthekid,M_jillkatz,2
M_syddthekid,M_alxpetro,2
M_,M_endhits,2
M_endhits,M_,2
M_youtube,M_suzq,2
M_suzq,M_youtube,2
M_grantlawrence,M_cbcradio,2
M_cbcradio,M_grantlawrence,2
M_tblaqsta,M_tokcik,2
M_tokcik,M_tblaqsta,2
M_richards,M_colourpurple,2
M_colourpurple,M_richards,2
M_vicegandako,M_annecurtissmith,2
M_annecurtissmith,M_vicegandako,2
M_edbookfest,M_edwritersconf,2
M_edwritersconf,M_edbookfest,2
M_r,M_isandbach,2
M_r,M_double,2
M_isandbach,M_r,2
M_isandbach,M_double,2
M_double,M_r,2
M_double,M_isandbach,2
M_koking_bailey,M_dalexandereal,2
M_dalexandereal,M_koking_bailey,2
M_seximexi,M_jf_gnarly,2
M_jf_gnarly,M_seximexi,2
M_herald_st,M_timeoutlondon,2
M_herald_st,M_timeoutart,2
M_herald_st,M_maureenpaley,2
M_timeoutlondon,M_herald_st,2
M_timeoutlondon,M_timeoutart,2
M_timeoutlondon,M_maureenpaley,2
M_timeoutart,M_herald_st,2
M_timeoutart,M_timeoutlondon,2
M_timeoutart,M_maureenpaley,2
M_maureenpaley,M_herald_st,2
M_maureenpaley,M_timeoutlondon,2
M_maureenpaley,M_timeoutart,2
M_tom_gb,M_carriebark,2
M_tom_gb,M_brittsallbones,2
M_carriebark,M_tom_gb,2
M_carriebark,M_brittsallbones,2
M_brittsallbones,M_tom_gb,2
M_brittsallbones,M_carriebark,2
M_cece_giancola,M_heatono,2
M_cece_giancola,M_reganohara,2
M_cece_giancola,M_,2
M_cece_giancola,M_jolynn_giancola,2
M_cece_giancola,M_borntorun,2
M_heatono,M_cece_giancola,2
M_heatono,M_reganohara,2
M_heatono,M_,2
M_heatono,M_jolynn_giancola,2
M_heatono,M_borntorun,2
M_reganohara,M_cece_giancola,2
M_reganohara,M_heatono,2
M_reganohara,M_,2
M_reganohara,M_jolynn_giancola,2
M_reganohara,M_borntorun,2
M_,M_cece_giancola,2
M_,M_heatono,2
M_,M_reganohara,2
M_,M_jolynn_giancola,2
M_,M_borntorun,2
M_jolynn_giancola,M_cece_giancola,2
M_jolynn_giancola,M_heatono,2
M_jolynn_giancola,M_reganohara,2
M_jolynn_giancola,M_,2
M_jolynn_giancola,M_borntorun,2
M_borntorun,M_cece_giancola,2
M_borntorun,M_heatono,2
M_borntorun,M_reganohara,2
M_borntorun,M_,2
M_borntorun,M_jolynn_giancola,2
M_spencermorgan,M_rav_sagar,2
M_rav_sagar,M_spencermorgan,2
M_,M_lnt_music,2
M_lnt_music,M_,2
M_surfcomber,M_djjasonvernau,2
M_djjasonvernau,M_surfcomber,2
M_meganbrookeabe,M_jesswillis,2
M_jesswillis,M_meganbrookeabe,2
M_nascarespn,M_kevinharvick,2
M_kevinharvick,M_nascarespn,2
M_eth,M_bencuzzupe,2
M_bencuzzupe,M_eth,2
M_tcfever,M_kappkvew,2
M_kappkvew,M_tcfever,2
M_erieotters,M_rdew,2
M_erieotters,M_monstershockey,2
M_rdew,M_erieotters,2
M_rdew,M_monstershockey,2
M_monstershockey,M_erieotters,2
M_monstershockey,M_rdew,2
M_ritchie_warden,M_thewebbcup,2
M_thewebbcup,M_ritchie_warden,2
M_samvescovi,M_darrenvescovi,2
M_darrenvescovi,M_samvescovi,2
M_johnashimself,M_princeofgotham,2
M_johnashimself,M_lagana,4
M_princeofgotham,M_johnashimself,2
M_princeofgotham,M_lagana,2
M_lagana,M_johnashimself,4
M_lagana,M_princeofgotham,2
M_blitzmegaplex,M_cicelycindy,2
M_cicelycindy,M_blitzmegaplex,2
M_msrosy,M_christynew,4
M_msrosy,M_teamjorchel,4
M_christynew,M_msrosy,4
M_teamjorchel,M_msrosy,4
M_boity,M_galamolabi,2
M_galamolabi,M_boity,2
M_nickrexum,M_nickhexum,2
M_nickhexum,M_nickrexum,2
M_thehill,M_johnboehner,2
M_johnboehner,M_thehill,2
M_joshdorner,M_thinkprogress,2
M_thinkprogress,M_joshdorner,2
M_evanpdonohue,M_mike_kavouras,2
M_mike_kavouras,M_evanpdonohue,2
M__loveebreezyy,M_truthh,2
M_truthh,M__loveebreezyy,2
M_jahmi,M_stephenemm,2
M_stephenemm,M_jahmi,2
M_wheremypeoples,M_hantzleyxa,2
M_wheremypeoples,M_iamxprettyboy,2
M_wheremypeoples,M_oscarramos,2
M_hantzleyxa,M_wheremypeoples,2
M_hantzleyxa,M_iamxprettyboy,2
M_hantzleyxa,M_oscarramos,2
M_iamxprettyboy,M_wheremypeoples,2
M_iamxprettyboy,M_hantzleyxa,2
M_iamxprettyboy,M_oscarramos,2
M_oscarramos,M_wheremypeoples,2
M_oscarramos,M_hantzleyxa,2
M_oscarramos,M_iamxprettyboy,2
M_thescore,M_dereksnider,2
M_dereksnider,M_thescore,2
M_deanofcomedy,M_muslimsrcoming,2
M_muslimsrcoming,M_deanofcomedy,2
M_bsubronconation,M_themtn,2
M_themtn,M_bsubronconation,2
M_ids_broncobeat,M_drofdarb,2
M_drofdarb,M_ids_broncobeat,2
M_fregariavr,M_blitzmegaplex,2
M_blitzmegaplex,M_fregariavr,2
M_mtarecordsuk,M_,2
M_,M_mtarecordsuk,2
M_blitzmegaplex,M_fafaplow,2
M_fafaplow,M_blitzmegaplex,2
M_jamiedupree,M_samyoungman,2
M_samyoungman,M_jamiedupree,2
M_,M_osurugby,2
M_,M_usaeaglesrugby,2
M_osurugby,M_,2
M_osurugby,M_usaeaglesrugby,2
M_usaeaglesrugby,M_,2
M_usaeaglesrugby,M_osurugby,2
M_jessespector,M_jimcerny,2
M_jimcerny,M_jessespector,2
M_chibivampi,M_marb_light,2
M_marb_light,M_chibivampi,2
M_leighfrancis,M_celebjuice,2
M_leighfrancis,M_fearnecotton,2
M_leighfrancis,M_hollywills,2
M_celebjuice,M_leighfrancis,2
M_celebjuice,M_fearnecotton,2
M_celebjuice,M_hollywills,2
M_fearnecotton,M_leighfrancis,2
M_fearnecotton,M_celebjuice,2
M_fearnecotton,M_hollywills,2
M_hollywills,M_leighfrancis,2
M_hollywills,M_celebjuice,2
M_hollywills,M_fearnecotton,2
M_mercuryprize,M_qmagazine,2
M_qmagazine,M_mercuryprize,2
M_ian_holyman,M_vampy,2
M_vampy,M_ian_holyman,2
M_ctvcanadaam,M_ctvnationalnews,2
M_ctvnationalnews,M_ctvcanadaam,2
M_dlnt,M_wdwnt,2
M_wdwnt,M_dlnt,2
M_desi_girl_,M_therealmoconnor,2
M_therealmoconnor,M_desi_girl_,2
M_jimbolosoldier,M_kevinmcanally,2
M_kevinmcanally,M_jimbolosoldier,2
M_petemeechan,M_lordbelgareth,2
M_lordbelgareth,M_petemeechan,2
M_,M_gma,6
M_gma,M_,6
M_saintorleans,M_est_in_,2
M_est_in_,M_saintorleans,2
M_the_raheel,M_shrekxican,2
M_shrekxican,M_the_raheel,2
M_gilly_flaherty,M_misscarter_x,2
M_misscarter_x,M_gilly_flaherty,2
M_blushshop,M_prettychicshop,2
M_prettychicshop,M_blushshop,2
M_hp,M_jerejo,2
M_hp,M_akapela,2
M_hp,M_freysongz,2
M_hp,M_nokye,2
M_jerejo,M_hp,2
M_jerejo,M_akapela,2
M_jerejo,M_freysongz,2
M_jerejo,M_nokye,2
M_akapela,M_hp,2
M_akapela,M_jerejo,2
M_akapela,M_freysongz,2
M_akapela,M_nokye,2
M_freysongz,M_hp,2
M_freysongz,M_jerejo,2
M_freysongz,M_akapela,2
M_freysongz,M_nokye,2
M_nokye,M_hp,2
M_nokye,M_jerejo,2
M_nokye,M_akapela,2
M_nokye,M_freysongz,2
M_halbop,M_meghaneliz,2
M_meghaneliz,M_halbop,2
M_carribugbee,M_stop,2
M_stop,M_carribugbee,2
M_leroy_jetson_,M_ohhsuzannah,2
M_ohhsuzannah,M_leroy_jetson_,2
M_ravensbuzztap,M_takef_light,2
M_takef_light,M_ravensbuzztap,2
M_wernickvt,M_vtrel,2
M_vtrel,M_wernickvt,2
M_realscottsnyder,M_rickyrozay,2
M_rickyrozay,M_realscottsnyder,2
M_da_underdog,M_k_mapp,2
M_k_mapp,M_da_underdog,2
M_lawsonvfl,M_timmyhbass,2
M_timmyhbass,M_lawsonvfl,2
M_billyliucci,M_bryandfischer,2
M_bryandfischer,M_billyliucci,2
M_,M_perfect_,2
M_perfect_,M_,2
M_,M_iheardavoicesay,2
M_iheardavoicesay,M_,2
M_colinudoh,M_sportsworldokon,2
M_sportsworldokon,M_colinudoh,2
M_tonykatz,M_bteacher,2
M_bteacher,M_tonykatz,2
M_shanewilmoth,M_jamestambone,2
M_jamestambone,M_shanewilmoth,2
M_,M_j_hussain,2
M_j_hussain,M_,2
M_johnny_shah,M_lord_sugar,2
M_lord_sugar,M_johnny_shah,2
M_pink_funk,M_,2
M_pink_funk,M_charlesmblow,2
M_pink_funk,M_gma,2
M_,M_pink_funk,2
M_,M_charlesmblow,4
M_charlesmblow,M_pink_funk,2
M_charlesmblow,M_,4
M_charlesmblow,M_gma,4
M_gma,M_pink_funk,2
M_gma,M_charlesmblow,4
M_jasonlacanfora,M_jamisonhensley,2
M_jamisonhensley,M_jasonlacanfora,2
M_pinkelephantpun,M_michellemalkin,2
M_michellemalkin,M_pinkelephantpun,2
M_harryshotta,M_djlogansama,2
M_djlogansama,M_harryshotta,2
M_,M_mhigginsjets,2
M_mhigginsjets,M_,2
M_jasondlp,M_kellylatimer,2
M_kellylatimer,M_jasondlp,2
M_,M_magicotime,2
M_magicotime,M_,2
M_adamschefter,M_imjusttez,2
M_imjusttez,M_adamschefter,2
M_,M_limeflowertea,2
M_limeflowertea,M_,2
M_corkbuzz,M_ummera,2
M_ummera,M_corkbuzz,2
M_thedevilsden,M_accsports,2
M_accsports,M_thedevilsden,2
M_devonrw,M_cc_ntertainment,2
M_cc_ntertainment,M_devonrw,2
M_charliemoontm,M_astitchintime,2
M_astitchintime,M_charliemoontm,2
M_upendragon,M_walkonyourknees,2
M_upendragon,M_onehalfdestiny,2
M_walkonyourknees,M_upendragon,2
M_walkonyourknees,M_onehalfdestiny,2
M_onehalfdestiny,M_upendragon,2
M_onehalfdestiny,M_walkonyourknees,2
M_,M_melissa_bxl,2
M_melissa_bxl,M_,2
M_ballismylife,M_sologoldis,2
M_sologoldis,M_ballismylife,2
M_normaroyston,M_jalexanderfunny,2
M_jalexanderfunny,M_normaroyston,2
M_malviyamit,M_sardesairajdeep,2
M_sardesairajdeep,M_malviyamit,2
M_jencattle,M_craigsiedschlag,2
M_craigsiedschlag,M_jencattle,2
M_grupoedebe,M_bett_show,2
M_bett_show,M_grupoedebe,2
M_yumjungle,M_misterhsk,2
M_yumjungle,M_streetfeastldn,2
M_misterhsk,M_yumjungle,2
M_misterhsk,M_streetfeastldn,2
M_streetfeastldn,M_yumjungle,2
M_streetfeastldn,M_misterhsk,2
M_davidshuster,M_keitholbermann,2
M_keitholbermann,M_davidshuster,2
M_ladbrokes,M_louissaha,2
M_louissaha,M_ladbrokes,2
M_cubluecrew,M_bluejaylife,2
M_cubluecrew,M_gocreighton,2
M_cubluecrew,M_whitebluereview,2
M_bluejaylife,M_cubluecrew,2
M_bluejaylife,M_gocreighton,2
M_bluejaylife,M_whitebluereview,2
M_gocreighton,M_cubluecrew,2
M_gocreighton,M_bluejaylife,2
M_gocreighton,M_whitebluereview,2
M_whitebluereview,M_cubluecrew,2
M_whitebluereview,M_bluejaylife,2
M_whitebluereview,M_gocreighton,2
M_,M_darnellmvp,4
M_,M_bennyt,6
M_darnellmvp,M_,4
M_darnellmvp,M_bennyt,4
M_bennyt,M_,6
M_bennyt,M_darnellmvp,4
M_,M_dropsquad,2
M_dropsquad,M_,2
M_dropsquad,M_bennyt,2
M_bennyt,M_dropsquad,2
M_y,M_aaronk_mn,2
M_aaronk_mn,M_y,2
M_mcilroyrory,M_wellsfargogolf,2
M_wellsfargogolf,M_mcilroyrory,2
M_theshannonburke,M_immandaschmidt,2
M_immandaschmidt,M_theshannonburke,2
M_,M_frenchmontana,2
M_frenchmontana,M_,2
M_frank_ocean,M_sfj,2
M_sfj,M_frank_ocean,2
M_johnowenjones,M_liveandswingin,2
M_liveandswingin,M_johnowenjones,2
M_vaio,M_kokainekilla,2
M_vaio,M_stallion_frame,2
M_vaio,M_iloverichie,2
M_kokainekilla,M_vaio,2
M_kokainekilla,M_stallion_frame,2
M_kokainekilla,M_iloverichie,2
M_stallion_frame,M_vaio,2
M_stallion_frame,M_kokainekilla,2
M_stallion_frame,M_iloverichie,2
M_iloverichie,M_vaio,2
M_iloverichie,M_kokainekilla,2
M_iloverichie,M_stallion_frame,2
M_austin_ormond,M_randiigreene,2
M_randiigreene,M_austin_ormond,2
M_stuckuppieceof,M_obeygiant,2
M_obeygiant,M_stuckuppieceof,2
M_dmiliband,M_bbcqt,2
M_bbcqt,M_dmiliband,2
M_,M_wmua,2
M_wmua,M_,2
M_fefenticle,M_jackmicookiez,2
M_fefenticle,M_ipimpanzee,2
M_fefenticle,M_nammerzzzz,2
M_jackmicookiez,M_fefenticle,2
M_jackmicookiez,M_ipimpanzee,2
M_jackmicookiez,M_nammerzzzz,2
M_ipimpanzee,M_fefenticle,2
M_ipimpanzee,M_jackmicookiez,2
M_ipimpanzee,M_nammerzzzz,2
M_nammerzzzz,M_fefenticle,2
M_nammerzzzz,M_jackmicookiez,2
M_nammerzzzz,M_ipimpanzee,2
M_trustmeimsamin,M_alyssatbh,2
M_alyssatbh,M_trustmeimsamin,2
M_cheshirejets,M_markbritball,2
M_markbritball,M_cheshirejets,2
M_t,M_cbus_matt,2
M_cbus_matt,M_t,2
M_demitourupdater,M_cr,2
M_cr,M_demitourupdater,2
M_theiqonsband,M_mcgeecraig,2
M_stone_fox_chase,M_mcgeecraig,2
M_tijuana_bibles,M_mcgeecraig,2
M_mcgeecraig,M_theiqonsband,2
M_mcgeecraig,M_stone_fox_chase,2
M_mcgeecraig,M_tijuana_bibles,2
M_manutd,M_officialpandor,2
M_officialpandor,M_manutd,2
M_marvel,M_firstshowing,2
M_firstshowing,M_marvel,2
M_mieshatate,M_mieshasarmy,2
M_mieshasarmy,M_mieshatate,2
M_,M_djshowtime,2
M_,M_janellesofcpke,2
M_djshowtime,M_,2
M_djshowtime,M_janellesofcpke,2
M_janellesofcpke,M_,2
M_janellesofcpke,M_djshowtime,2
M_whorseplayer,M_breederscup,2
M_whorseplayer,M_horseracing,2
M_breederscup,M_whorseplayer,2
M_breederscup,M_horseracing,2
M_horseracing,M_whorseplayer,2
M_horseracing,M_breederscup,2
M_jenningsnufc,M_chrisjennings,2
M_chrisjennings,M_jenningsnufc,2
M_,M_pgpackersnews,2
M_pgpackersnews,M_,2
M_davidgill,M_leahkeenan,2
M_leahkeenan,M_davidgill,2
M_maryrobinette,M_alinea,2
M_alinea,M_maryrobinette,2
M_jhaneen,M_superelmo,2
M_jhaneen,M_direkmark,2
M_superelmo,M_jhaneen,2
M_superelmo,M_direkmark,2
M_direkmark,M_jhaneen,2
M_direkmark,M_superelmo,2
M_stolenspaceldn,M_obeygiant,2
M_obeygiant,M_stolenspaceldn,2
M_,M_dcyoungrebel,2
M_darnellmvp,M_dcyoungrebel,2
M_dcyoungrebel,M_,2
M_dcyoungrebel,M_darnellmvp,2
M_dcyoungrebel,M_bennyt,2
M_bennyt,M_dcyoungrebel,2
M_joespnut,M_swandive_,2
M_swandive_,M_joespnut,2
M_jungphil,M_maccartel,2
M_jungphil,M_looney,2
M_jungphil,M_tollybandz,2
M_maccartel,M_jungphil,2
M_maccartel,M_looney,2
M_maccartel,M_tollybandz,2
M_looney,M_jungphil,2
M_looney,M_maccartel,2
M_looney,M_tollybandz,2
M_tollybandz,M_jungphil,2
M_tollybandz,M_maccartel,2
M_tollybandz,M_looney,2
M_indystatefair,M_indystarsports,2
M_indystarsports,M_indystatefair,2
M_derrickward,M_duanebrown,2
M_duanebrown,M_derrickward,2
M_osunnyg,M_sfgiantsfan,2
M_sfgiantsfan,M_osunnyg,2
M_lildzie,M_mortystv,2
M_mortystv,M_lildzie,2
M_tweetthis,M_zmystique,2
M_tweetthis,M_nazrin_l,2
M_tweetthis,M_meryana,2
M_zmystique,M_tweetthis,2
M_zmystique,M_nazrin_l,2
M_zmystique,M_meryana,2
M_nazrin_l,M_tweetthis,2
M_nazrin_l,M_zmystique,2
M_nazrin_l,M_meryana,2
M_meryana,M_tweetthis,2
M_meryana,M_zmystique,2
M_meryana,M_nazrin_l,2
M_sam_snideman,M_pacers,2
M_pacers,M_sam_snideman,2
M_,M_benmaller,2
M_benmaller,M_,2
M_clintstoerner,M_king_johnson,2
M_king_johnson,M_clintstoerner,2
M_,M_tweetmesohard,2
M_tweetmesohard,M_,2
M_samix,M_dapitbull,2
M_dapitbull,M_samix,2
M_debbiewooters,M_dwootz,2
M_dwootz,M_debbiewooters,2
M_dailybuzztv,M_lifeloveshop,2
M_dailybuzztv,M_daytimetvshow,2
M_lifeloveshop,M_dailybuzztv,2
M_lifeloveshop,M_daytimetvshow,2
M_daytimetvshow,M_dailybuzztv,2
M_daytimetvshow,M_lifeloveshop,2
M_mrspippasykesx,M_thewantedmusic,4
M_thewantedmusic,M_mrspippasykesx,4
M_skyshaw,M_thedubalitious,2
M_thedubalitious,M_skyshaw,2
M_boyd_,M_johnritchie,2
M_johnritchie,M_boyd_,2
M_thescript,M_thescript_danny,4
M_thescript_danny,M_thescript,4
M_barryofarrell,M_teachersfed,2
M_teachersfed,M_barryofarrell,2
M_christhundah,M_anabeii,2
M_christhundah,M_lararamos,2
M_christhundah,M_ohheyal,2
M_anabeii,M_christhundah,2
M_anabeii,M_lararamos,2
M_anabeii,M_ohheyal,2
M_lararamos,M_christhundah,2
M_lararamos,M_anabeii,2
M_lararamos,M_ohheyal,2
M_ohheyal,M_christhundah,2
M_ohheyal,M_anabeii,2
M_ohheyal,M_lararamos,2
M_jlsterx,M_firstaffection,2
M_firstaffection,M_jlsterx,2
M_elementaryforce,M_ladyupminster,2
M_ladyupminster,M_elementaryforce,2
M_,M_dcunited,2
M_dcunited,M_,2
M_streffsoccer,M_chris__smith_,2
M_chris__smith_,M_streffsoccer,2
M_wendytalksback,M_audioboo,2
M_audioboo,M_wendytalksback,2
M_,M_htansatlanta,2
M_htansatlanta,M_,2
M_cc_chapman,M_dewittn,2
M_cc_chapman,M_jeffpulver,2
M_dewittn,M_cc_chapman,2
M_dewittn,M_jeffpulver,2
M_jeffpulver,M_cc_chapman,2
M_jeffpulver,M_dewittn,2
M_,M_htbchurch,2
M_,M_mercyministries,2
M_htbchurch,M_,2
M_htbchurch,M_mercyministries,2
M_mercyministries,M_,2
M_mercyministries,M_htbchurch,2
M_sirgtw,M_reallyremster,2
M_reallyremster,M_sirgtw,2
M_neiltyson,M_richeisen,2
M_richeisen,M_neiltyson,2
M_paulryanvp,M_gretawire,2
M_gretawire,M_paulryanvp,2
M_karludflyer,M_kahanuka,2
M_kahanuka,M_karludflyer,2
M_otos,M_kenyakona,2
M_otos,M_jalangomwenyewe,2
M_otos,M_mashamba,2
M_kenyakona,M_otos,2
M_kenyakona,M_jalangomwenyewe,4
M_kenyakona,M_mashamba,2
M_jalangomwenyewe,M_otos,2
M_jalangomwenyewe,M_kenyakona,4
M_jalangomwenyewe,M_mashamba,2
M_mashamba,M_otos,2
M_mashamba,M_kenyakona,2
M_mashamba,M_jalangomwenyewe,2
M_gealingeman,M_dannycatedlover,2
M_gealingeman,M_amyanneturner,2
M_gealingeman,M_annahades,2
M_dannycatedlover,M_gealingeman,2
M_dannycatedlover,M_amyanneturner,2
M_dannycatedlover,M_annahades,2
M_amyanneturner,M_gealingeman,2
M_amyanneturner,M_dannycatedlover,2
M_amyanneturner,M_annahades,2
M_annahades,M_gealingeman,2
M_annahades,M_dannycatedlover,2
M_annahades,M_amyanneturner,2
M_tlcbigred,M_perryh,2
M_perryh,M_tlcbigred,2
M_almajir,M_thevan,2
M_almajir,M_fabwba,2
M_almajir,M_chrislepkowski,2
M_almajir,M_bedders,2
M_thevan,M_almajir,2
M_thevan,M_fabwba,2
M_thevan,M_chrislepkowski,2
M_thevan,M_bedders,2
M_fabwba,M_almajir,2
M_fabwba,M_thevan,2
M_fabwba,M_chrislepkowski,2
M_fabwba,M_bedders,2
M_chrislepkowski,M_almajir,2
M_chrislepkowski,M_thevan,2
M_chrislepkowski,M_fabwba,2
M_chrislepkowski,M_bedders,2
M_bedders,M_almajir,2
M_bedders,M_thevan,2
M_bedders,M_fabwba,2
M_bedders,M_chrislepkowski,2
M_meganguza,M_kellydumrauf,2
M_kellydumrauf,M_meganguza,2
M_africanbkfest,M_hannahpool,2
M_africanbkfest,M_aminattaforna,2
M_hannahpool,M_africanbkfest,2
M_hannahpool,M_aminattaforna,2
M_aminattaforna,M_africanbkfest,2
M_aminattaforna,M_hannahpool,2
M_clairec,M_shortchick,2
M_shortchick,M_clairec,2
M_manishtas,M_adamramsay,2
M_manishtas,M_dougrouxel,2
M_adamramsay,M_manishtas,2
M_adamramsay,M_dougrouxel,2
M_dougrouxel,M_manishtas,2
M_dougrouxel,M_adamramsay,2
M_yomaggieshields,M_lexi_coppello,2
M_lexi_coppello,M_yomaggieshields,2
M_,M_helpusa,6
M_helpusa,M_,6
M_hornets,M_nbatv,2
M_hornets,M_nbasummerleague,2
M_hornets,M_bucks,2
M_hornets,M_,2
M_nbatv,M_hornets,2
M_nbatv,M_nbasummerleague,2
M_nbatv,M_bucks,2
M_nbatv,M_,2
M_nbasummerleague,M_hornets,2
M_nbasummerleague,M_nbatv,2
M_nbasummerleague,M_bucks,2
M_nbasummerleague,M_,2
M_bucks,M_hornets,2
M_bucks,M_nbatv,2
M_bucks,M_nbasummerleague,2
M_bucks,M_,2
M_,M_hornets,2
M_,M_nbatv,2
M_,M_nbasummerleague,2
M_,M_bucks,2
M_heathergro,M_famouslyalone,2
M_famouslyalone,M_heathergro,2
M_scottcarefoot,M_josephcasciaro,2
M_josephcasciaro,M_scottcarefoot,2
M_,M_ali_speaks,4
M_ali_speaks,M_,4
M_j,M_jkittayy,2
M_j,M_dcatoe,2
M_jkittayy,M_j,2
M_jkittayy,M_dcatoe,2
M_dcatoe,M_j,2
M_dcatoe,M_jkittayy,2
M_mikehillespn,M_markschlereth,2
M_markschlereth,M_mikehillespn,2
M_,M_bossiecasonceo,2
M_bossiecasonceo,M_,2
M_fan,M_trucker_ty_,2
M_trucker_ty_,M_fan,2
M_sandyahmed,M_haithamessam,2
M_haithamessam,M_sandyahmed,2
M_ibgdrgn,M_realtaeyang,2
M_realtaeyang,M_ibgdrgn,2
M_vinceness,M_mattytalks,2
M_mattytalks,M_vinceness,2
M_lalauras,M_makailastatham,2
M_makailastatham,M_lalauras,2
M_paul_ragland,M_firehawkz,2
M_firehawkz,M_paul_ragland,2
M_,M_djjasonvernau,2
M_djjasonvernau,M_,2
M_rodders,M_jimbocameron,2
M_rodders,M_phildixon,2
M_rodders,M_photojon,2
M_jimbocameron,M_rodders,2
M_jimbocameron,M_phildixon,2
M_jimbocameron,M_photojon,2
M_phildixon,M_rodders,2
M_phildixon,M_jimbocameron,2
M_phildixon,M_photojon,2
M_photojon,M_rodders,2
M_photojon,M_jimbocameron,2
M_photojon,M_phildixon,2
M_kaseykahne,M_wearefarmers,2
M_wearefarmers,M_kaseykahne,2
M_jsmithready,M_constellationbo,2
M_constellationbo,M_jsmithready,2
M_mr__mahesh,M_saishashank,2
M_mr__mahesh,M_suresh_mb,2
M_saishashank,M_mr__mahesh,2
M_saishashank,M_suresh_mb,2
M_suresh_mb,M_mr__mahesh,2
M_suresh_mb,M_saishashank,2
M_twi_tour,M_twilightfb,2
M_twilightfb,M_twi_tour,2
M_jpetroffii,M_massey_,2
M_jpetroffii,M_bleedgreen,2
M_jpetroffii,M_clauded,2
M_massey_,M_jpetroffii,2
M_massey_,M_bleedgreen,2
M_massey_,M_clauded,2
M_bleedgreen,M_jpetroffii,2
M_bleedgreen,M_massey_,2
M_bleedgreen,M_clauded,2
M_clauded,M_jpetroffii,2
M_clauded,M_massey_,2
M_clauded,M_bleedgreen,2
M_,M_thecarlospena,2
M_,M_heffrondrive,2
M_,M_jamesmaslow,2
M_thecarlospena,M_,2
M_thecarlospena,M_heffrondrive,2
M_thecarlospena,M_jamesmaslow,2
M_heffrondrive,M_,2
M_heffrondrive,M_thecarlospena,2
M_heffrondrive,M_jamesmaslow,2
M_jamesmaslow,M_,2
M_jamesmaslow,M_thecarlospena,2
M_jamesmaslow,M_heffrondrive,2
M_mtv,M_djpaulyd,2
M_djpaulyd,M_mtv,2
M_r_roddy_piper,M_beastieboys,2
M_beastieboys,M_r_roddy_piper,2
M_discomundial,M_kayafestival,2
M_kayafestival,M_discomundial,2
M_chartersss,M_sjwright,2
M_chartersss,M_garywoods,2
M_sjwright,M_chartersss,2
M_sjwright,M_garywoods,2
M_garywoods,M_chartersss,2
M_garywoods,M_sjwright,2
M_shawnmichaels,M_hbklover,2
M_hbklover,M_shawnmichaels,2
M_pariahbeats,M_boilerroomtv,2
M_pariahbeats,M_tiraquon,2
M_pariahbeats,M_randsrecords,2
M_boilerroomtv,M_pariahbeats,2
M_boilerroomtv,M_tiraquon,2
M_boilerroomtv,M_randsrecords,2
M_tiraquon,M_pariahbeats,2
M_tiraquon,M_boilerroomtv,2
M_tiraquon,M_randsrecords,2
M_randsrecords,M_pariahbeats,2
M_randsrecords,M_boilerroomtv,2
M_randsrecords,M_tiraquon,2
M_nzbreakers,M_flavaradio,2
M_flavaradio,M_nzbreakers,2
M_q,M_theroxy,2
M_theroxy,M_q,2
M_,M_crissy_khun,2
M_,M_a_g_h,2
M_,M_veechow,2
M_crissy_khun,M_,2
M_crissy_khun,M_a_g_h,2
M_crissy_khun,M_veechow,2
M_a_g_h,M_,2
M_a_g_h,M_crissy_khun,2
M_a_g_h,M_veechow,2
M_veechow,M_,2
M_veechow,M_crissy_khun,2
M_veechow,M_a_g_h,2
M_grabmywerner,M_nermtheboz,2
M_nermtheboz,M_grabmywerner,2
M_valentinifrank,M_carlivatiron,2
M_carlivatiron,M_valentinifrank,2
M_thejimmyv,M_retiredbeerman,2
M_thejimmyv,M_hooded_warrior,2
M_retiredbeerman,M_thejimmyv,2
M_retiredbeerman,M_hooded_warrior,2
M_hooded_warrior,M_thejimmyv,2
M_hooded_warrior,M_retiredbeerman,2
M_blockheadliv,M_jrkgirlnla,2
M_jrkgirlnla,M_blockheadliv,2
M_darren_healy,M_scotttancock,2
M_scotttancock,M_darren_healy,2
M_rte_co,M_aomahonycork,2
M_aomahonycork,M_rte_co,2
M_alliebrown,M_redheadswaggin,2
M_alliebrown,M_mscutiepie,2
M_redheadswaggin,M_alliebrown,2
M_redheadswaggin,M_mscutiepie,2
M_mscutiepie,M_alliebrown,2
M_mscutiepie,M_redheadswaggin,2
M_mizz_kaytee,M_flavabreakfast,2
M_mizz_kaytee,M_solphenduka,2
M_mizz_kaytee,M_djsabby,2
M_flavabreakfast,M_mizz_kaytee,2
M_flavabreakfast,M_solphenduka,2
M_flavabreakfast,M_djsabby,2
M_solphenduka,M_mizz_kaytee,2
M_solphenduka,M_flavabreakfast,2
M_solphenduka,M_djsabby,2
M_djsabby,M_mizz_kaytee,2
M_djsabby,M_flavabreakfast,2
M_djsabby,M_solphenduka,2
M_michielopperman,M_markus_taljaard,2
M_michielopperman,M_ironlioncit,2
M_markus_taljaard,M_michielopperman,2
M_markus_taljaard,M_ironlioncit,2
M_ironlioncit,M_michielopperman,2
M_ironlioncit,M_markus_taljaard,2
M_mmadnesstiff,M_tanenbaum,2
M_tanenbaum,M_mmadnesstiff,2
M_,M_gazgshore,2
M_gazgshore,M_,2
M_decoystars,M_feiticeira,2
M_feiticeira,M_decoystars,2
M_sometimesrhymes,M_wtju,2
M_wtju,M_sometimesrhymes,2
M_ariennaminx,M_femble,2
M_femble,M_ariennaminx,2
M_danhill,M_asto_,2
M_asto_,M_danhill,2
M_monsterenergy,M_kbmteam,2
M_kbmteam,M_monsterenergy,2
M_mrchrisrene,M_theroxy,2
M_theroxy,M_mrchrisrene,2
M_thevrkills,M_catdowlingmusic,2
M_catdowlingmusic,M_thevrkills,2
M_rapsunited,M_backspin_mag,2
M_backspin_mag,M_rapsunited,2
M_rumpfshaker,M_therickwilson,2
M_therickwilson,M_rumpfshaker,2
M_bigtimerush,M_jojowright,2
M_jojowright,M_bigtimerush,2
M_sportschicken,M_jamesbradysbn,2
M_sportschicken,M_richeisen,2
M_jamesbradysbn,M_sportschicken,2
M_jamesbradysbn,M_richeisen,2
M_richeisen,M_sportschicken,2
M_richeisen,M_jamesbradysbn,2
M_proverbs,M_earthdefendah,2
M_earthdefendah,M_proverbs,2
M_sheep,M_buzzkut,2
M_buzzkut,M_sheep,2
M_tbovea,M_hrometz,2
M_tbovea,M_zoe_estabrook,2
M_hrometz,M_tbovea,2
M_hrometz,M_zoe_estabrook,2
M_zoe_estabrook,M_tbovea,2
M_zoe_estabrook,M_hrometz,2
M_real_liam_payne,M_harry_styles,2
M_real_liam_payne,M_louis_tomlinson,2
M_real_liam_payne,M_niallofficial,2
M_real_liam_payne,M_zaynmalik,2
M_harry_styles,M_real_liam_payne,2
M_harry_styles,M_louis_tomlinson,2
M_harry_styles,M_niallofficial,2
M_harry_styles,M_zaynmalik,2
M_louis_tomlinson,M_real_liam_payne,2
M_louis_tomlinson,M_harry_styles,2
M_louis_tomlinson,M_niallofficial,2
M_louis_tomlinson,M_zaynmalik,2
M_niallofficial,M_real_liam_payne,2
M_niallofficial,M_harry_styles,2
M_niallofficial,M_louis_tomlinson,2
M_niallofficial,M_zaynmalik,2
M_zaynmalik,M_real_liam_payne,2
M_zaynmalik,M_harry_styles,2
M_zaynmalik,M_louis_tomlinson,2
M_zaynmalik,M_niallofficial,2
M_cdixonlegs,M_messengerprobz,2
M_cdixonlegs,M_dixon_messenger,2
M_messengerprobz,M_cdixonlegs,2
M_messengerprobz,M_dixon_messenger,2
M_dixon_messenger,M_cdixonlegs,2
M_dixon_messenger,M_messengerprobz,2
M_,M_mittromney,4
M_mittromney,M_,4
M_an_artnews,M_air_artists,2
M_air_artists,M_an_artnews,2
M_sledheadmove,M_jbb,2
M_sledheadmove,M_nebgilum,2
M_jbb,M_sledheadmove,2
M_jbb,M_nebgilum,2
M_nebgilum,M_sledheadmove,2
M_nebgilum,M_jbb,2
M_jonathantepe,M_whunterwest,2
M_whunterwest,M_jonathantepe,2
M_,M_mc_squ,2
M_,M_fresh_prince,2
M_mc_squ,M_,2
M_mc_squ,M_fresh_prince,2
M_fresh_prince,M_,2
M_fresh_prince,M_mc_squ,2
M_foxandfriends,M_saxbychambliss,2
M_foxandfriends,M_senfeinstein,2
M_foxandfriends,M_datakcy,2
M_saxbychambliss,M_foxandfriends,2
M_saxbychambliss,M_senfeinstein,2
M_saxbychambliss,M_datakcy,2
M_senfeinstein,M_foxandfriends,2
M_senfeinstein,M_saxbychambliss,2
M_senfeinstein,M_datakcy,2
M_datakcy,M_foxandfriends,2
M_datakcy,M_saxbychambliss,2
M_datakcy,M_senfeinstein,2
M_fkariuki,M_jmollel,2
M_jmollel,M_fkariuki,2
M_racheljwc,M_bensmith,2
M_bensmith,M_racheljwc,2
M_alicia_davids,M_marthaveldkamp,2
M_alicia_davids,M_devonanne,2
M_alicia_davids,M_annakatedb,2
M_marthaveldkamp,M_alicia_davids,2
M_marthaveldkamp,M_devonanne,2
M_marthaveldkamp,M_annakatedb,2
M_devonanne,M_alicia_davids,2
M_devonanne,M_marthaveldkamp,2
M_devonanne,M_annakatedb,2
M_annakatedb,M_alicia_davids,2
M_annakatedb,M_marthaveldkamp,2
M_annakatedb,M_devonanne,2
M_ianasbury,M_doug_zamensky,2
M_ianasbury,M_suzzifiazco,2
M_doug_zamensky,M_ianasbury,2
M_doug_zamensky,M_suzzifiazco,2
M_suzzifiazco,M_ianasbury,2
M_suzzifiazco,M_doug_zamensky,2
M_jcfsports,M_drakecoachdl,2
M_jcfsports,M_calloway,2
M_drakecoachdl,M_jcfsports,2
M_drakecoachdl,M_calloway,2
M_calloway,M_jcfsports,2
M_calloway,M_drakecoachdl,2
M_kakaty,M_lzone,2
M_lzone,M_kakaty,2
M_sandyboxx,M_amreen_taher,2
M_sandyboxx,M_sawsjabr,2
M_sandyboxx,M_trafiuddin,2
M_amreen_taher,M_sandyboxx,2
M_amreen_taher,M_sawsjabr,2
M_amreen_taher,M_trafiuddin,2
M_sawsjabr,M_sandyboxx,2
M_sawsjabr,M_amreen_taher,2
M_sawsjabr,M_trafiuddin,2
M_trafiuddin,M_sandyboxx,2
M_trafiuddin,M_amreen_taher,2
M_trafiuddin,M_sawsjabr,2
M_edlnews,M_defiantlionuk,2
M_defiantlionuk,M_edlnews,2
M_joshgroban,M_gracey_,2
M_gracey_,M_joshgroban,2
M_nypdceltics_,M_nba,2
M_nba,M_nypdceltics_,2
M_bluevino,M_donzthadon,2
M_donzthadon,M_bluevino,2
M_rosstheboss,M_kstew,2
M_kstew,M_rosstheboss,2
M_kyletmanmusic,M_itickets,2
M_kyletmanmusic,M_jasongraymusic,2
M_itickets,M_kyletmanmusic,2
M_itickets,M_jasongraymusic,2
M_jasongraymusic,M_kyletmanmusic,2
M_jasongraymusic,M_itickets,2
M_jmotte,M_neiltyson,2
M_neiltyson,M_jmotte,2
M_renner,M_codychisholm,2
M_codychisholm,M_renner,2
M_communitech,M_pbernhardt,2
M_pbernhardt,M_communitech,2
M_appletweets,M_appstore,2
M_appletweets,M_applenws,2
M_appstore,M_appletweets,2
M_appstore,M_applenws,2
M_applenws,M_appletweets,2
M_applenws,M_appstore,2
M_dallasderby,M_paleycenter,2
M_paleycenter,M_dallasderby,2
M_divinehon,M_awsumlala,2
M_awsumlala,M_divinehon,2
M_blacroix,M_frabbits,2
M_frabbits,M_blacroix,2
M_meatslangababy,M_iam_san_tana,2
M_meatslangababy,M_dash_,2
M_meatslangababy,M_djmellymel,2
M_meatslangababy,M__no_days_off,2
M_meatslangababy,M_milescornell,2
M_iam_san_tana,M_meatslangababy,2
M_iam_san_tana,M_dash_,2
M_iam_san_tana,M_djmellymel,2
M_iam_san_tana,M__no_days_off,2
M_iam_san_tana,M_milescornell,2
M_dash_,M_meatslangababy,2
M_dash_,M_iam_san_tana,2
M_dash_,M_djmellymel,2
M_dash_,M__no_days_off,2
M_dash_,M_milescornell,2
M_djmellymel,M_meatslangababy,2
M_djmellymel,M_iam_san_tana,2
M_djmellymel,M_dash_,2
M_djmellymel,M__no_days_off,2
M_djmellymel,M_milescornell,2
M__no_days_off,M_meatslangababy,2
M__no_days_off,M_iam_san_tana,2
M__no_days_off,M_dash_,2
M__no_days_off,M_djmellymel,2
M__no_days_off,M_milescornell,2
M_milescornell,M_meatslangababy,2
M_milescornell,M_iam_san_tana,2
M_milescornell,M_dash_,2
M_milescornell,M_djmellymel,2
M_milescornell,M__no_days_off,2
M__jcpels,M_,2
M_,M__jcpels,2
M_bmeyrose,M_thoefthecreator,2
M_thoefthecreator,M_bmeyrose,2
M_philtonks,M_xcdrichard,2
M_xcdrichard,M_philtonks,2
M_sarahtingle,M_snuep,2
M_snuep,M_sarahtingle,2
M_th,M_biznasty,2
M_biznasty,M_th,2
M_mattywills,M_guardian,2
M_guardian,M_mattywills,2
M_shivani_roda,M_nehal_c,2
M_nehal_c,M_shivani_roda,2
M_tb,M_fucked_hard_,2
M_tb,M_misscelestestar,2
M_tb,M_rileyxxxjensen,2
M_fucked_hard_,M_tb,2
M_fucked_hard_,M_misscelestestar,2
M_fucked_hard_,M_rileyxxxjensen,2
M_misscelestestar,M_tb,2
M_misscelestestar,M_fucked_hard_,2
M_misscelestestar,M_rileyxxxjensen,2
M_rileyxxxjensen,M_tb,2
M_rileyxxxjensen,M_fucked_hard_,2
M_rileyxxxjensen,M_misscelestestar,2
M_gop,M_gopconvention,2
M_gop,M_kempite,2
M_gop,M_mittromney,2
M_gopconvention,M_gop,2
M_gopconvention,M_kempite,2
M_gopconvention,M_mittromney,2
M_kempite,M_gop,2
M_kempite,M_gopconvention,2
M_kempite,M_mittromney,2
M_mittromney,M_gop,2
M_mittromney,M_gopconvention,2
M_mittromney,M_kempite,2
M_foreignpressctr,M_un,2
M_un,M_foreignpressctr,2
M_rajasthanroyals,M_dravidoholic,2
M_dravidoholic,M_rajasthanroyals,2
M_quotess_henecia,M_khjbelinda,2
M_khjbelinda,M_quotess_henecia,2
M_papacaloy,M_popporoy,2
M_papacaloy,M_junocentrism,2
M_papacaloy,M_kycaparas,2
M_popporoy,M_papacaloy,2
M_popporoy,M_junocentrism,2
M_popporoy,M_kycaparas,2
M_junocentrism,M_papacaloy,2
M_junocentrism,M_popporoy,2
M_junocentrism,M_kycaparas,2
M_kycaparas,M_papacaloy,2
M_kycaparas,M_popporoy,2
M_kycaparas,M_junocentrism,2
M_,M_overthowed,2
M_overthowed,M_,2
M_jamaicanthunder,M_long_ally,2
M_long_ally,M_jamaicanthunder,2
M_ghincapie,M_gnewsmelissa,2
M_gnewsmelissa,M_ghincapie,2
M_ofa_fl,M_thedrichtweet,2
M_thedrichtweet,M_ofa_fl,2
M_hhroadguy,M_carrieunderwood,2
M_hhroadguy,M_hunterhayes,2
M_carrieunderwood,M_hhroadguy,2
M_hunterhayes,M_hhroadguy,2
M_sunniandthecity,M_yaris_sanchez,2
M_sunniandthecity,M_djreddz,2
M_yaris_sanchez,M_sunniandthecity,2
M_yaris_sanchez,M_djreddz,2
M_djreddz,M_sunniandthecity,2
M_djreddz,M_yaris_sanchez,2
M_kissfmuk,M_claraamfo,2
M_claraamfo,M_kissfmuk,2
M_mariners,M_rootsports_nw,2
M_rootsports_nw,M_mariners,2
M_oprah,M_invisible,2
M_invisible,M_oprah,2
M_wectsports,M_wway,2
M_wectsports,M_starnewsvarsity,2
M_wway,M_wectsports,2
M_wway,M_starnewsvarsity,2
M_starnewsvarsity,M_wectsports,2
M_starnewsvarsity,M_wway,2
M_junior_cigano,M_cainmma,2
M_cainmma,M_junior_cigano,2
M_cvillenews_desk,M_wtju,8
M_wtju,M_cvillenews_desk,8
M_japanfoundation,M_thamesfestival,2
M_thamesfestival,M_japanfoundation,2
M_matt_fiddes,M_moniqefoxx,2
M_moniqefoxx,M_matt_fiddes,2
M_jennipulos,M_lisaannwalter,2
M_jennipulos,M_jamiekennedy,2
M_jennipulos,M_alifedotowsky,2
M_lisaannwalter,M_jennipulos,2
M_lisaannwalter,M_jamiekennedy,2
M_lisaannwalter,M_alifedotowsky,2
M_jamiekennedy,M_jennipulos,2
M_jamiekennedy,M_lisaannwalter,2
M_jamiekennedy,M_alifedotowsky,2
M_alifedotowsky,M_jennipulos,2
M_alifedotowsky,M_lisaannwalter,2
M_alifedotowsky,M_jamiekennedy,2
M_deadmantakagi,M_clarknova,2
M_clarknova,M_deadmantakagi,2
M_admh,M_ashleydp,2
M_ashleydp,M_admh,2
M_mirandalasher,M_karlesbarkley,2
M_karlesbarkley,M_mirandalasher,2
M_manoverboardnj,M_latenitereading,2
M_manoverboardnj,M_indiancitywthr,2
M_manoverboardnj,M_grmusick,2
M_manoverboardnj,M_causeitsnot,2
M_latenitereading,M_manoverboardnj,2
M_latenitereading,M_indiancitywthr,2
M_latenitereading,M_grmusick,2
M_latenitereading,M_causeitsnot,2
M_indiancitywthr,M_manoverboardnj,2
M_indiancitywthr,M_latenitereading,2
M_indiancitywthr,M_grmusick,2
M_indiancitywthr,M_causeitsnot,2
M_grmusick,M_manoverboardnj,2
M_grmusick,M_latenitereading,2
M_grmusick,M_indiancitywthr,2
M_grmusick,M_causeitsnot,2
M_causeitsnot,M_manoverboardnj,2
M_causeitsnot,M_latenitereading,2
M_causeitsnot,M_indiancitywthr,2
M_causeitsnot,M_grmusick,2
M_,M_vertigoclubkl,2
M_,M_mysteryjets,2
M_,M_stageclubkl,2
M_vertigoclubkl,M_,2
M_vertigoclubkl,M_mysteryjets,2
M_vertigoclubkl,M_stageclubkl,2
M_mysteryjets,M_,2
M_mysteryjets,M_vertigoclubkl,2
M_mysteryjets,M_stageclubkl,2
M_stageclubkl,M_,2
M_stageclubkl,M_vertigoclubkl,2
M_stageclubkl,M_mysteryjets,2
M_morefmradio,M_mrchrisrene,2
M_mrchrisrene,M_morefmradio,2
M_supcuts,M_creamteam,2
M_creamteam,M_supcuts,2
M_therealttunie,M_mariska,2
M_mariska,M_therealttunie,2
M_kinagrannisph,M_kinagrannis,2
M_kinagrannisph,M_davidchoiph,2
M_kinagrannisph,M_ajrafaelph,2
M_kinagrannis,M_kinagrannisph,2
M_kinagrannis,M_davidchoiph,2
M_kinagrannis,M_ajrafaelph,2
M_davidchoiph,M_kinagrannisph,2
M_davidchoiph,M_kinagrannis,2
M_davidchoiph,M_ajrafaelph,2
M_ajrafaelph,M_kinagrannisph,2
M_ajrafaelph,M_kinagrannis,2
M_ajrafaelph,M_davidchoiph,2
M_,M_dj_goldie,2
M_dj_goldie,M_,2
M_aldishodge,M_danicamckellar,2
M_aldishodge,M_jokoy,2
M_danicamckellar,M_aldishodge,2
M_danicamckellar,M_jokoy,2
M_jokoy,M_aldishodge,2
M_jokoy,M_danicamckellar,2
M_jeremypassion,M_randolphpermejo,2
M_randolphpermejo,M_jeremypassion,2
M_power,M_mzmarina,2
M_power,M_liquids,2
M_mzmarina,M_power,2
M_mzmarina,M_liquids,2
M_liquids,M_power,2
M_liquids,M_mzmarina,2
M_andyclarke,M_paddypower,2
M_paddypower,M_andyclarke,2
M_bassfaceyeg,M_future_roots,2
M_future_roots,M_bassfaceyeg,2
M_rickyrozay,M_calvin,2
M_rickyrozay,M_neyo,2
M_calvin,M_rickyrozay,2
M_calvin,M_neyo,2
M_neyo,M_rickyrozay,2
M_neyo,M_calvin,2
M_djblakboy,M_loud_nospeaker,2
M_loud_nospeaker,M_djblakboy,2
M_wabi_tv,M_timthrock,2
M_timthrock,M_wabi_tv,2
M_nvdox,M_frayfenner,2
M_nvdox,M_im_tgun,2
M_frayfenner,M_nvdox,2
M_frayfenner,M_im_tgun,2
M_im_tgun,M_nvdox,2
M_im_tgun,M_frayfenner,2
M_ash_cherrington,M_adclayton,2
M_adclayton,M_ash_cherrington,2
M_edison_sky,M_mopheadash,2
M_mopheadash,M_edison_sky,2
M_,M_iamhypenation,2
M_iamhypenation,M_,2
M_wweuniverse,M_wwegames,2
M_wwegames,M_wweuniverse,2
M_bccare,M_gerihalliwell,2
M_gerihalliwell,M_bccare,2
M_,M_msterrymcmillan,2
M_,M_kaiology,2
M_msterrymcmillan,M_,2
M_msterrymcmillan,M_kaiology,2
M_kaiology,M_,2
M_kaiology,M_msterrymcmillan,2
M_theramon,M_giginow,2
M_giginow,M_theramon,2
M_,M_evaklug,2
M_evaklug,M_,2
M_nadiamosssssa,M_bombsauce_yazzy,2
M_nadiamosssssa,M_supa_sama,2
M_nadiamosssssa,M_saracalii,2
M_nadiamosssssa,M_haaazyy,2
M_bombsauce_yazzy,M_nadiamosssssa,2
M_bombsauce_yazzy,M_supa_sama,2
M_bombsauce_yazzy,M_saracalii,2
M_bombsauce_yazzy,M_haaazyy,2
M_supa_sama,M_nadiamosssssa,2
M_supa_sama,M_bombsauce_yazzy,2
M_supa_sama,M_saracalii,2
M_supa_sama,M_haaazyy,2
M_saracalii,M_nadiamosssssa,2
M_saracalii,M_bombsauce_yazzy,2
M_saracalii,M_supa_sama,2
M_saracalii,M_haaazyy,2
M_haaazyy,M_nadiamosssssa,2
M_haaazyy,M_bombsauce_yazzy,2
M_haaazyy,M_supa_sama,2
M_haaazyy,M_saracalii,2
M_joegibbsracing,M_samantha_busch,2
M_joegibbsracing,M_kylebusch,2
M_samantha_busch,M_joegibbsracing,2
M_samantha_busch,M_kylebusch,2
M_kylebusch,M_joegibbsracing,2
M_kylebusch,M_samantha_busch,2
M_rossa_mitchell,M_diary_fg,2
M_rossa_mitchell,M_victoriagaziano,2
M_diary_fg,M_rossa_mitchell,2
M_diary_fg,M_victoriagaziano,2
M_victoriagaziano,M_rossa_mitchell,2
M_victoriagaziano,M_diary_fg,2
M_,M_anatomy,4
M_anatomy,M_,4
M_neilbytes,M_mhryvnak,2
M_mhryvnak,M_neilbytes,2
M_kariney,M_scott,2
M_kariney,M_officialwolves,2
M_kariney,M_devizeswolves,2
M_scott,M_kariney,2
M_scott,M_officialwolves,2
M_scott,M_devizeswolves,2
M_officialwolves,M_kariney,2
M_officialwolves,M_scott,2
M_officialwolves,M_devizeswolves,2
M_devizeswolves,M_kariney,2
M_devizeswolves,M_scott,2
M_devizeswolves,M_officialwolves,2
M_lbccvikings,M_scgauchos,2
M_scgauchos,M_lbccvikings,2
M_djflowe,M_amyvandyken,2
M_amyvandyken,M_djflowe,2
M_vogueitalia,M_pacegallery,2
M_pacegallery,M_vogueitalia,2
M_uofsandiego,M_usdvolleyball,2
M_uofsandiego,M_usdtoreros,2
M_uofsandiego,M_espnu,2
M_usdvolleyball,M_uofsandiego,2
M_usdvolleyball,M_usdtoreros,2
M_usdvolleyball,M_espnu,2
M_usdtoreros,M_uofsandiego,2
M_usdtoreros,M_usdvolleyball,2
M_usdtoreros,M_espnu,2
M_espnu,M_uofsandiego,2
M_espnu,M_usdvolleyball,2
M_espnu,M_usdtoreros,2
M_fbhw,M_ridingthepine,2
M_ridingthepine,M_fbhw,2
M_king_bailey,M_kingofeights_,2
M_kingofeights_,M_king_bailey,2
M_leevaleac,M_rm_heffernan,2
M_rm_heffernan,M_leevaleac,2
M_deejaycasper,M_miatakeover,2
M_miatakeover,M_deejaycasper,2
M_staal_burger,M_eloisepretorius,2
M_eloisepretorius,M_staal_burger,2
M_vancitybuzz,M_raiseit,2
M_raiseit,M_vancitybuzz,2
M_inner_geekoid,M_senjohnmccain,2
M_senjohnmccain,M_inner_geekoid,2
M_haysteed,M_jenhamson,2
M_jenhamson,M_haysteed,2
M_joshjensen,M_garylineker,2
M_garylineker,M_joshjensen,2
M_xiii_rlz,M_kp,2
M_kp,M_xiii_rlz,2
M_miriaflavell,M_rosetehau,2
M_rosetehau,M_miriaflavell,2
M_schullzz,M_classicfm,2
M_schullzz,M_bukihq,2
M_classicfm,M_schullzz,2
M_classicfm,M_bukihq,2
M_bukihq,M_schullzz,2
M_bukihq,M_classicfm,2
M_rusher_,M_beach_rusher,2
M_beach_rusher,M_rusher_,2
