H_rhom,thur,2
H_twitition,mcfly,2
H_newglee,yes,2
H_untouchable,no,2
H_nowplaying,bep,2
H_nowplaying,michael,2
H_,millionswifties,2
H_,yearstaylorswift,2
H_,on,10
H_angelinvestor,pitch,2
H_oilersmobile,july,2
H_rfa,card,2
H_tmhtour,in,6
H_raw,should,2
H_factsaboutme,when,2
H_thankyoutimeshifting,have,2
H_nyfw,show,2
H_shanghai,around,2
H_halloween,good,2
H_mrandmrscheek,happy,2
H_freakshow,in,2
H_imagine,happy,2
H_fracking,colorado,2
H_sexy,comment,2
H_wuwbb,ladies,2
H_betstylelounge,this,2
H_romneyrally,wednesday,2
H_biebsmeetbieberwhirls,he,2
H_torchlight,comes,2
H_streakin,big,2
H_recapo,tomorrow,2
H_silentnight,on,2
H_turkey,may,2
H_ufcengland,on,2
H_halloween,candy,2
H_noah,ali,2
H_giants,game,2
H_ironman,on,2
H_halloween,treats,2
H_ciscos,win,2
H_romney,went,2
H_,in,14
H_,good,2
H_,if,2
H_florida,tomorrow,2
H_strikeforce,to,2
H_,thingsaboutmybestfriend,2
H_shedseven,at,2
H_halloween,also,2
H_miami,leads,2
H_vtech,in,2
H_,radio,2
H_kubball,mt,2
H_tweet_yah_later,enjoy,2
H_flibs,we,2
H_watched,dream,2
H_thehawk,probowl,2
H_olivia,to,2
H_ramdev,will,2
H_np,big,2
H_sweetsixteen,november,2
H_bayern,this,2
H_wade,better,2
H_americascup,world,2
H_fundingdrive,bounce,2
H_surface,the,2
H_reggie,realizes,2
H_bgsu,talking,2
H_,dfacts,2
H_friday,love,2
H_tetra,in,2
H_estatesales,found,2
H_sarahglive,on,2
H_heat,do,2
H_cmaawards,but,2
H_johnny,enrile,2
H_cimbclassic,at,2
H_tragickingdom,is,2
H_excusememr,sunday,2
H_nyulclassic,on,2
H_ndtv,while,2
H_ultimatfighterfridays,next,2
H_everything,on,2
H_point,eggs,2
H_tbt,reppin,2
H_monday,best,2
H_redeye,the,2
H_technogymvillage,in,2
H_hype,last,2
H_celticnation,don,2
H_wordlesswednesday,says,2
H_mickymouse,waffles,2
H_pbbunlimited,big,6
H_pplhdtv,comp,4
H_dgitjustbecause,he,2
H_mizzouspirit,the,2
H_gh,fans,2
H_barat,clue,2
H_skatenight,tonight,6
H_saab,its,6
H_sbucheerleaders,to,2
H_tanduayrockfest,sa,2
H_rtesoccer,robbie,2
H_hardsummer,aug,2
H_hernewfavoritemovie,think,2
H_np,ni,2
H_congrats,you,2
H_proudsoldier,camilla,2
H_ade,so,2
H_bbm,yet,2
H_chelsea,vs,2
H_manchesterunited,today,2
H_thatisall,its,2
H_students,at,2
H_stressfree,time,2
H_loverss,salamat,2
H_monday,start,2
H_deltaview,on,2
H_np,lay,2
H_mmg,concert,2
H_dunfermlinewolves,players,2
H_tgiw,ghetto,2
H_,get,2
H_comedyawards,watch,2
H_hot,sgo,4
H_argo,is,2
H_ronpaul,campaign,2
H_cabinfever,isn,2
H_rosamexicano,it,2
H_lakings,hve,2
H_nhl,that,2
H_youcount,tune,2
H_tvc,of,2
H_bpo,employer,2
H_commit,mitt,2
H_riogrind,is,2
H_gameday,its,2
H_letsgetthatwin,xd,2
H_believetour,at,2
H_jfk,mts,2
H_gh,morning,2
H_sporno,that,2
H_mubarak,to,2
H_muslims,who,2
H_pacers,extend,2
H_sarahglive,for,2
H_trayvon,my,16
H_nowplaying,linkin,2
H_happybirthdaykendallschmidt,hopefully,2
H_btronpcas,trending,2
H_whiletwitterwasdown,we,2
H_divasofrock,at,2
H_sale,mary,2
H_sckcs,now,2
H_plusinvites,love,2
H_gtchat,folks,2
H_entourage,tonight,4
H_jerzday,tonight,2
H_nw,kung,2
H_nw,true,2
H_cbsbigbrother,can,6
H_rwc,think,2
H_nowplaying,elvis,2
H_iwishtheywouldbringback,the,2
H_fight,big,2
H_mercury,prize,2
H_,day,4
H_,cruise,2
H_clubfitness,has,4
H_ff,number,2
H_nowplaying,aphex,2
H_patriots,today,2
H_bradyrules,talk,2
H_,words,4
H_omg,he,2
H_believe,jb,2
H_dexter,what,2
H_rungeordierun,should,2
H_cowboysandaliens,watched,4
H_indieweekend,and,2
H_teamunited,from,2
H_dexter,see,2
H_rodomontade,gang,2
H_raggedtalk,on,2
H_thehelp,tonight,2
H_hothouse,on,2
H_dexter,is,6
H_dexter,all,2
H_dexter,till,2
H_radiosurgery,this,2
H_lookingfoward,to,2
H_lejog,go,2
H_,ari,2
H_dexter,before,2
H_irish,and,2
H_nsn,bbb,4
H_paris,nuit,2
H_jeopardy,where,4
H_,overall,4
H_jetsnation,on,2
H_nyc,will,2
H_nfl,everybody,2
H_grind,half,2
H_beerandtacos,wattup,2
H_backwoodslivin,back,2
H_b,ham,2
H_blessed,now,2
H_dexter,season,2
H_night,twitter,2
H_svu,roles,2
H_emmys,were,2
H_blackbirdgang,they,2
H_ffchurch,tonight,2
H_dexter,with,2
H_worldwide,have,2
H_legend,quest,2
H_syfy,tonight,2
H_itfc,last,2
H_millwall,started,2
H_pakistan,in,4
H_dexter,tonight,4
H_wiunion,its,2
H_sunday,best,2
H_al,sanchez,2
H_wareagle,christa,2
H_advengers,for,2
H_lowkey,crush,2
H_orlrank,tomorrow,2
H_eyclassics,auction,2
H_mtnfest,winged,2
H_infinity,tomorrow,2
H_nowplaying,wrecking,2
H_evalesco,evalesco,4
H_coys,he,2
H_poeticjustice,will,2
H_princetontec,headlamps,2
H_happybirthdaymykidrauhl,follow,2
H_teamlcf,gone,2
H_cfc,vs,2
H_mufc,clash,2
H_tourofcalifornia,goes,2
H_yumyum,day,2
H_openchampionship,tomorrow,2
H_may,thbewithyou,2
H_pricewise,of,4
H_ffc,unibet,2
H_univb,has,2
H_p,since,2
H_cricket,pakistan,2
H_christmas,fair,2
H_delmar,check,2
H_bangladesh,cricket,2
H_update,pakistan,2
H_mcilroy,had,2
H_love,iii,2
H_savage,tonight,2
H_homecoming,week,2
H_hatembomb,or,2
H_goodnight,class,2
H_orangecounty,near,2
H_,dt,6
H_cufidc,session,2
H_mitd,tonight,2
H_nowwatching,silent,2
H_nowwatching,the,2
H_belmont,today,2
H_album,should,2
H_np,bagsakan,2
H_jedward,wins,2
H_newmarket,tom,2
H_state,is,2
H_ulol,the,2
H_bbcqt,this,2
H_v,sc,2
H_ncstate,fans,2
H_education,simama,2
H_ifoundyou,ready,2
H_entertaining,football,2
H_blackout,homecoming,2
H_societyawards,tomorrow,2
H_prettylittleliars,are,4
H_beatcleve,with,2
H_nfl,and,2
H_espn,have,2
H_nfl,cardinals,2
H_mlb,run,2
H_nfl,record,2
H_rockies,tonight,2
H_texans,and,2
H_jets,reg,2
H_,maryland,2
H_spurs,guards,2
H_occupyauc,is,2
H_iran,by,2
H_loanwatch,ben,4
H_truthbetold,will,2
H_tech,apple,2
H_xfactor,seen,2
H_,hrsaintenough,2
H_pushandshove,news,2
H_nofucksgivinfebruary,just,2
H_usps,still,2
H_valentine,was,2
H_bucks,trail,2
H_howtopissagirloff,stick,2
H_thoughtsonmymind,fuck,2
H_shit,things,2
H_seriea,side,2
H_damn,thats,2
H_,memoriesofhell,2
H_nycdoe,very,2
H_uft,and,2
H_d,policy,2
H_drop,thard,2
H_,bulls,2
H_fantasybasketball,draft,2
H_truestory,lol,2
H_khader,exists,2
H_,struck,2
H_nba,the,2
H_sfgiants,parade,2
H_umes,followers,2
H_umesvolleyball,takes,2
H_news,procter,4
H_october,failed,2
H_pacers,losing,2
H_filmquotefriday,you,2
H_,is,2
H_wtf,jaws,2
H_skyfall,to,2
H_ulazysackofshit,thalia,2
H_chicagomagicpsg,friday,2
H_braves,on,2
H_rip,tm,2
H_qsteaser,oops,2
H_nhl,cancelled,2
H_looserpool,yeah,2
H_,don,2
H_benghazi,apparently,2
H_knicks,get,2
H_gop,debate,4
H_nfl,opener,2
H_vmas,are,2
H_iphone,doesn,2
H_oomf,use,2
H_agenda,he,2
H_dawnsearlylight,today,2
H_earthquake,may,2
H_,nd,2
H_bpos,and,2
H_gop,no,2
H_teamravens,no,2
H_annahazare,the,4
H_roadbiking,on,2
H_,right,2
H_nigerianewspaperheadlines,terry,2
H_friends,just,2
H_sangz,tell,2
H_nufc,have,2
H_sike,better,2
H_youtubepolitics,this,2
H_havoc,is,2
H_,days,2
H_strikeforce,treat,2
H_looooser,xp,2
H_motivation,dr,2
H_pgatour,rookie,2
H_epl,fever,2
H_australiawantsdemi,starting,2
H_perksofbeingawallflower,isn,2
H_discovery,channel,2
H_toronto,today,2
H_stolenspacelnd,to,2
H_,ers,6
H_vbnss,daily,2
H_jets,football,2
H_mcfc,don,2
H_horn,but,2
H_londonriots,is,2
H_livewire,nadal,2
H_iran,us,2
H_broncos,peyton,4
H_coys,official,2
H_alldayb,tch,2
H_nationals,th,2
H_redskins,feel,2
H_web,apple,2
H_spurs,we,2
H_nfl,victor,2
H_rockpunk,would,2
H_,pagesleft,2
H_,black,10
H_hulu,video,2
H_asimplelife,opens,2
H_hcafc,loan,2
H_mufc,xi,2
H_ladsontour,mon,2
H_banjoooooooooooooooooo,how,2
H_,aubig,2
H_endofwatch,with,2
H_sat,october,2
H_haroldwashingonculcntr,th,2
H_knutsfordlitfest,nearly,2
H_redskins,defenders,2
H_steelers,fans,2
H_saphila,people,2
H_favouritemoviequotes,after,2
H_imagine,it,2
H_revenge,on,2
H_blackhawks,may,2
H_oilers,for,2
H_steelernation,send,2
H_lateshow,with,4
H_t,international,2
H_whenonaplaneyoushould,do,2
H_nowplaying,jim,2
H_eott,with,2
H_kanata,civic,2
H_gallery,stop,2
H_,pm,2
H_asot,and,2
H_overdoser,st,2
H_thonglor,are,2
H_penygraig,residents,2
H_rafa,behave,2
H_blackberry,ios,2
H_,dnews,2
H_bonjovi,tix,2
H_afc,preview,2
H_hard,harden,2
H_audiobook,now,2
H_obamanewpromises,chinese,2
H_chargerfansbooing,why,2
H_untouchable,tune,2
H_syria,crisis,2
H_grooves,pierce,2
H_yyt,to,2
H_tims,lineup,2
H_,what,2
H_drewpeterson,are,2
H_moviesyoucantdislike,the,2
H_hulu,jimmy,2
H_movienight,tomorrow,2
H_,for,4
H_redskins,park,2
H_spotify,playlist,2
H_pennstate,has,2
H_unc,dook,2
H_,seed,2
H_wednesdaywisdom,from,2
H_queen,is,2
H_mumbai,riot,2
H_msm,lies,4
H_shazam,to,2
H_nowwatching,infinite,2
H_battleofthesexes,lets,2
H_commentawards,goes,2
H_tamilnadu,bear,2
H_oomf,says,2
H_fuckuover,is,2
H_flexthursday,dis,8
H_arsenal,game,2
H_yalta,need,2
H_ramdev,supporters,2
H_extratime,on,2
H_lazyweb,should,2
H_wingsday,catch,2
H_vancouver,on,2
H_daytona,duels,2
H_speed,all,2
H_espn,trucks,2
H_sgs,fury,2
H_dmv,want,2
H_,prospect,2
H_map,somalia,2
H_smwldn,on,4
H_picstitch,at,2
H_stamps,the,2
H_auspol,australian,2
H_,after,2
H_forbes,cupertino,2
H_,option,2
H_ru,klitschko,2
H_sandy,in,2
H_theused,on,2
H_,top,2
H_ridgemountcup,get,2
H_psy,was,2
H_cmst,here,2
H_brooklynnets,lead,2
H_piercetheveil,with,2
H_stluciemets,honoring,2
H_tmzeargasm,tomorrow,2
H_back,back,2
H_thecurioussavage,see,2
H_lfc,team,2
H_voyagetovenus,in,2
H_tbt,play,2
H_bundesliga,ft,2
H_thunderdown,miami,2
H_redsox,extra,2
H_nyuscps,qualify,2
H_redsox,saltalamacchia,2
H_queen,extravangaza,2
H_bathsalts,at,2
H_mattapan,catholic,2
H_boston,bilangual,2
H_gas,got,2
H_smh,then,2
H_nets,joe,2
H_shakeout,day,2
H_bacp,am,2
H_nw,with,2
H_tabc,would,2
H_asiabrief,kevin,2
H_acidalumni,taken,2
H_ottawa,sun,2
H_liespeoplealwaystell,that,2
H_mimi,performing,2
H_ramdev,at,2
H_d,random,2
H_party,jason,2
H_meconspeed,winner,2
H_fun,jason,2
H_,thman,2
H_news,jason,2
H_onthisday,prince,2
H_raw,play,2
H_signsyouneedtogrowup,you,2
H_pistons,struggle,2
H_lebronx,drops,2
H_ncatsu,its,2
H_twolves,up,2
H_fb,jason,2
H_idowhatican,but,2
H_wt,winner,2
H_grass,woods_fire,2
H_girls,boys,2
H_ssu,trails,2
H_armstrong,in,2
H_ncdebate,see,2
H_gummybear,if,2
H_acoustic,set,2
H_hospice,benefit,2
H_,tallahassee,2
H_us,wichita,2
H_sponsor,the,2
H_nonprofit,academy,2
H_lightshow,anyone,2
H_talibkweli,idle,2
H_res,this,2
H_snl,on,2
H_ambrozia,this,2
H_music,jason,2
H_gotohell,tour,2
H_,mar,2
H_nyc,folks,2
H_mizzou,rhp,2
H_twins,will,2
H_,may,2
H_cloud,cloud,2
H_nascar,person,2
H_theannevan,if,2
H_cba,nhl,2
H_dolphins,appear,2
H_competition,yet,2
H_,trip,2
H_sweden,jason,2
H_boom,come,2
H_coyotes,affiliate,2
H_dragonslive,later,2
H_wwe,creative,2
H_fan,racing,2
H_horseracing,breeders,2
H_middleschoolmemories,when,2
H_portchuck,if,2
H_sandy,more,2
H_kc,tomorrow,2
H_nascar,today,2
H_denver,debate,2
H_going,bgreat,2
H_spurs,striker,2
H_uel,game,2
H_lazio,with,2
H_wave,footballphonein,2
H_ios,when,2
H_waok,the,2
H_irene,packs,2
H_triviathrusday,is,2
H_takingittothehouse,tonight,2
H_inappropriatefuneralsongs,thriller,2
H_musicmonday,today,2
H_ufc,rio,4
H_mma,htt,4
H_mma,rants,2
H_rwc,opener,2
H_raw,leading,2
H_illini,fans,2
H_tottenham,tonight,2
H_teenchoiceawards,last,2
H_biting,lol,2
H_guelph,nuit,2
H_oolegooo,be,2
H_sportsnation,just,2
H_sec,with,2
H_iom,merlin,2
H_u,worldcup,4
H_echelonfamily,time,2
H_winnipegjets,bogosian,2
H_,th,2
H_,hitter,2
H_seadogs,down,2
H_churchflow,on,2
H_michaelvick,is,2
H_news,sail,2
H_dexter,please,2
H_dexter,gonna,2
H_dc,event,2
H_tptalmanac,take,2
H_,minutes,2
H_elastixworld,first,2
H_bournemouth,lions,2
H_sufc,is,2
H_goonerfamily,did,2
H_chargers,have,2
H_derbyday,in,2
H_,divison,2
H_top,femalelies,8
H_,dollathursdays,4
H_trend,runako,6
H_atl,it,2
H_leo,season,2
H_pricewise,tom,2
H_hmsbounty,fair,2
H_schmidt,rules,2
H_ue,drops,2
H_ladbrokes,shop,2
H_mtvb,as,2
H_opm,will,2
H_opm,rep,2
H_jazzercise,pm,2
H_women,march,4
H_hunting,and,2
H_kandifactory,you,2
H_live,gig,2
H_lfc,at,2
H_esiafrica,wescoal,2
H_strikeforce,results,2
H_e,news,2
H_venous,disease,2
H_byu,nd,2
H_tolonews,tolonews,2
H_sometimesyouhaveto,is,2
H_logansport,school,2
H_dubaisaturday,will,2
H_collegefever,nov,2
H_aliens,black,2
H_news,playstation,2
H_fvsu,rrtt,2
H_imaginaryfriends,show,2
H_sandy,kept,2
H_teamgobama,in,2
H_,nhb,2
H_packinspain,blog,2
H_tlvbog,to,2
H_ncaa,south,2
H_,hint,2
H_safc,have,2
H_nufc,striker,2
H_planetf,sat,2
H_f,news,2
H_bornthiswayball,in,2
H_teamfollowback,beirut,2
H_mentiondateiwillneverforget,the,2
H_fiftyshades,for,2
H_bpl,issues,2
H_tottenham,boss,2
H_,happened,2
H_pedrocalungsod,was,2
H_mittromney,may,2
H_photooftheday,is,2
H_animal,let,2
H_unitedsoundsofafrica,concert,2
H_jayz,will,2
H_edshow,if,2
H_signatureeventcenter,south,2
H_rugby,danny,2
H_forbes,the,2
H_packers,select,2
H_bodemeister,right,2
H_nba,finals,2
H_vashon,is,2
H_kandikoatednight,topic,2
H_ncst,extend,2
H_fvsu,rrrrrrtttttt,2
H_halloween,stylist,2
H_bears,are,2
H_everton,news,2
H_boris,johnson,2
H_throwdownthursdays,tomorrow,2
H_dwts,and,2
H_worldnews,sales,2
H_a,change,2
H_,of,2
H_colts,are,2
H_redskins,qb,2
H_teamtexans,all,2
H_bedlington,current,2
H_cre,blog,2
H_dropdeadgorgeous,please,2
H_hu,students,2
H_bollyfit,pro,2
H_econokit,you,8
H_bizikent,hashtag,4
H_chrisfanatics,unite,2
H_artistaacademy,grand,2
H_oscar,for,2
H_steelers,and,2
H_falcons,getting,2
H_rockstarmarylive,beverly,2
H_happybirthday,to,2
H_script,tour,4
H_,look,2
H_tan,for,2
H_ymm,tonight,2
H_barca,so,2
H_,love,2
H_revivaltour,and,2
H_portsmouth,pudsey,2
H_tweetpic,contest,2
H_np,going,2
H_sewanee,with,2
H_spookyminiputt,hoping,2
H_b,gcats,2
H_iphoneography,community,4
H_thsk,thanniversary,2
H_bizikent,and,4
H_louisvuitton,it,2
H_nipclub,see,2
H_unstoppable,mt,2
H_iwishitwerebetter,shhh,2
H_btg,event,2
H_exchangela,tonight,2
H_exchangla,tomorrow,2
H_edm,weekened,2
H_favoritebaseballmovie,field,2
H_f,from,2
H_homeless,residents,6
H_argoslive,always,2
H_water,crisis,2
H_lfc,away,2
H_allifacts,alli,2
H_cgvb,is,2
H_cgvb,to,2
H_followfriday,kings,2
H_ihope,that,2
H_vote,urdayumself,4
H_register,vote,2
H_pledge,vote,2
H_hamont,may,2
H_broncos,outscoring,2
H_southafrica,this,2
H_news,pepe,2
H_sandy,nyc,2
H_meenamorassi,good,2
H_,john,2
H_,novak,2
H_bristol,today,2
H_looper,sat,2
H_magic,very,2
H_mp,ne,2
H_bombgirls,next,2
H_love,cuddles,2
H_np,moanin,2
H_tea,trivia,2
H_,tea,2
H_,wingman,2
H_z,every,2
H_tarheelnation,now,2
H_alessandra,felicia,2
H_breakingdawnpart,the,6
H_igiveuppp,what,2
H_orlandocruz,ranked,2
H_firesuit,commercial,2
H_str,likedat,2
H_ovtv,and,2
H_oltl,in,2
H_bo,wise,2
H_phillipifest,conference,2
H_shreya,ghoshal,2
H_,shorts,2
H_thewalkingdead,tv,2
H_theworldsend,in,2
H_happybirthdaysrk,tomorrow,2
H_,st,2
H_celebrate,your,2
H_littlehavana,but,2
H_gwu,interested,2
H_specialneeds,judo,2
H_southville,centre,2
H_nzbreakers,game,2
H_hamont,is,2
H_totps,with,2
H_littletspeedway,together,2
H_sports,alaskan,2
H_wwe,changed,2
H_btronpcas,time,2
H_time,change,4
H_telford,town,2
H_fml,had,2
H_argentina,we,2
H_brunch,tomorrow,2
H_storytime,with,2
H_thementalist,great,2
H_racha,succesfully,2
H_,chunjiday,6
H_standforqld,qlders,2
H_kstate,player,2
H_leeds,calle,2
H_salsa,party,2
H_curiosity,landed,2
H_moatup,janglybeastfest,2
H_,bctwf,2
H_miway,and,2
H_strate,are,2
H_snlmusic,let,2
H_redneck,sorry,2
H_syria,deir,12
H_pens,mobile,2
H_fakta,on,4
H_siriwantstokillme,if,2
H_whodoesthat,you,2
H_ipad,th,2
H_cnet,just,2
H_noagenda,russian,2
H_omfg,ihateschool,2
H_rays,down,2
H_browns,fear,2
H_,sunday,2
H_allregion,in,2
H_arrow,will,2
H_homs,the,2
H_pawsox,lineup,2
H_homs,today,2
H_homs,baba,2
H_mullahcult,not,2
H_one,termer,2
H_womensday,tag,2
H_mccann,jumped,2
H_syria,ne,2
H_internationaldirectionerday,it,2
H_headiesall,of,2
H_headies,and,2
H_october,suprise,2
H_teamcause,don,2
H_bofa,tomorrow,2
H_dayofthedead,weekend,2
H_questionsihatebeingasked,this,2
H_bills,mario,2
H_,thing,2
H_huskers,hoops,2
H_iditarod,updates,2
H_standdown,on,2
H_uoncareersroadshow,at,2
H_rttt,teachers,2
H_redsox,over,6
H_tunisia,live,2
H_august,march,2
H_hamont,council,2
H_cosatu,vavi,2
H_romnesia,jeff,2
H_schoolsfunding,info,2
H_,casecrown,6
H_nfl,with,2
H_uva,wide,2
H_thelivingroom,volcanoes,2
H_footballnews,the,2
H_mubb,picked,2
H_lanecommunitycollege,eugene,2
H_rent,in,2
H_doworkshop,tomorrow,2
H_con,tomorrow,2
H_cupcakes,tomorrow,2
H_cfc,fans,2
H_stonehill,right,2
H_newhaven,in,2
H_apple,your,2
H_pennstate,players,2
H_pvrdirectorsrare,to,2
H_abosheshey,with,2
H_hotwife,he,2
H_wideawake,don,2
H_barcelona,left,2
H_getafe,through,2
H_favouritealbums,bsb,2
H_epao,jcc,2
H_syracuse,field,2
H_uconn,for,2
H_apple,apple,2
H_,rdtier,2
H_purdue,th,2
H_graphexpo,reserve,2
H_bowltothewall,contest,2
H_springboks,train,2
H_dbf,drops,2
H_gainconference,workshop,2
H_tweatup,dinner,2
H_mrtony,cascades,2
H_,does,2
H_victoria,on,2
H_texans,top,2
H_thefactory,saturday,2
H_mariners,drop,2
H_whitesox,return,2
H_blues,manager,2
H_news,china,2
H_nextchapter,oct,2
H_,stworldproblems,2
H_justathought,if,2
H_teamfollowback,la,4
H_sabudget,on,2
H_nats,lead,2
H_mets,his,2
H_dx,btw,2
H_hbk,life,2
H_soccer,la,2
H_mats,and,2
H_chargers,expect,2
H_floyd,to,2
H_fx,new,2
H_cdos,on,2
H_ics,and,2
H_jellybean,are,2
H_askdongho,see,2
H_syria,oct,2
H_capebretonpost,news,2
H_chargers,are,2
H_chiefs,early,2
H_sanleandro,raised,2
H_nonitodonaire,beats,2
H_svu,season,2
H_breadhead,bouta,2
H_,nonstopsinging,2
H_dkepo,chris,2
H_olympics,david,2
H_abarth,here,2
H_wetnwyde,will,4
H_loganlovestory,remember,2
H_huntsville,building,2
H_orlando,home,2
H_pirates,threat,2
H_colts,reggie,2
H_fantasyfootball,game,2
H_titans,allowed,2
H_noda,visited,2
H_fkbs,live,2
H_redsox,rd,2
H_news,eva,4
H_mustfollow,qoo,2
H_realscience,returning,2
H_marcorubio,ted,2
H_teaparty,latino,2
H_etsy,until,2
H_reasonsiamawrestlingfan,macho,2
H_daso,election,2
H_teamfollowback,yanews,2
H_h,airs,2
H_,dupdates,2
H_security,sophos,2
H_idp,will,2
H_tedxsendai,is,2
H_georgecarlin,and,2
H_paulmooney,wed,2
H_springfest,starts,2
H_,the,4
H_billclinton,was,2
H_stlblues,jacques,2
H_pumped,to,2
H_nyj,with,2
H_,thtime,2
H_youku,just,2
H_lincoln,imagine,2
H_monstermafia,vs,2
H_wcc,it,2
H_gh,about,2
H_ice,out,2
H_swagcorner,at,4
H_info,grand,2
H_beachreach,before,2
H_infosec,and,2
H_marlies,take,2
H_projecttx,right,2
H_hutt,life,2
H_yall,know,2
H_nyc,torn,2
H_capetown,that,2
H_walkingdead,fans,2
H_un,members,2
H_trend,eva,2
H_teamfollowback,gdnews,2
