H_rhom,M_lisahochstein,2
H_cfc,M_juanmata,2
H_matamagic,M_juanmata,2
H_pennycan,M_tbsveryfunny,2
H_pennycan,M_jbmclendon,2
H_newglee,M_elifyk,2
H_,M_n_jeffries,2
H_,M_l_starcevich,2
H_firedooley,M_corylethgo,2
H_firedooley,M_pastorjoshg,2
H_firedooley,M_kcabe,2
H_firedooley,M_kevincabe,2
H_oilersmobile,M_gagns,2
H_rfa,M_jshapmma,2
H_tmhtour,M_real_liam_payne,6
H_nfl,M_ap,2
H_,M_,8
H_,M_juliecbirch,2
H_splapa,M_rinithyme,2
H_closer,M_rinithyme,2
H_killerinstinct,M_rinithyme,2
H_winning,M_megnoel,2
H_thankyoutimeshifting,M_strombo,2
H_getoutthevote,M_kimbemo,2
H_getoutthevote,M_schuy_g,2
H_nevermindpires,M_roanmair,2
H_redjohn,M_thementalistcbs,2
H_halloween,M_discoveryuk,2
H_mrandmrscheek,M_,2
H_freakshow,M_lilpeterr,2
H_linsanity,M_espnstatsinfo,2
H_imagine,M_nounouche,2
H_fracking,M_dhlovelife,2
H_andthenew,M_frankiegavin,2
H_egypt,M_maherzain,2
H_pleaseohplease,M_reaganpitt,2
H_rays,M_raysgameday,2
H_wuwbb,M_allthatjazz_,2
H_wuwbb,M_brooklyntheboss,2
H_godeacs,M_wakemenssoccer,2
H_betstylelounge,M_djpharris,2
H_betstylelounge,M_dtlr,2
H_lynndebate,M_teachpr,2
H_romneyrally,M_teachpr,2
H_biebsmeetbieberwhirls,M_dabieberbreezy,2
H_duval,M_michelleobama,2
H_obama,M_michelleobama,2
H_toofunny,M_wossy,2
H_toofunny,M_russellhoward,2
H_toofunny,M_muse,2
H_toofunny,M_kylieminogue,2
H_wps,M_ascolese,2
H_p,M_mlttr,2
H_sfgchamps,M_mlttr,2
H_romneyryan,M_mittromney,2
H_romneyryan,M_mitt_oh,2
H_amazing,M_kateupton,2
H_mountainsandsea,M_skysportsnews,2
H_mufc,M_redsonfire,2
H_accents,M_cristinarotondo,2
H_cuties,M_cristinarotondo,2
H_a,M_nkeylock,2
H_a,M_gargriff,2
H_ufcengland,M_kingsbu,2
H_asu,M_kingsbu,2
H_warkingsbu,M_kingsbu,2
H_fingerscrossed,M_beyonce,2
H_mufc,M_,2
H_mizsec,M_mizzousoccer,2
H_classic,M_cwell,2
H_soundsexciting,M_cwell,2
H_,M_scorpio_lovinn,2
H_,M_jennettemccurdy,2
H_kubball,M_darnellmayberry,2
H_tweet_yah_later,M_coryjane,2
H_lovely,M_susancallinanxd,2
H_thehawk,M_thehawk,2
H_mufc,M_hull,2
H_tgif,M_,2
H_olivia,M_kerrywashington,2
H_ramdev,M_swamy,2
H_sayno,M_ronaldpederson,2
H_sky,M_geoffstults,2
H_finder,M_geoffstults,2
H_risolutore,M_geoffstults,2
H_rihannanavy,M_rihanna,2
H_fallball,M_drexelclublax,2
H_fundingdrive,M_tokyoeyepatch,2
H_surface,M_surface,2
H_surface,M_microsoftstore,2
H_salute,M_ebow,2
H_vicepogi,M_vicegandako,2
H_ggv,M_vicegandako,2
H_vegvegveg,M_jennykeast,2
H_lean,M_jennykeast,2
H_fact,M_bestueverchad,2
H_nerd,M_bestueverchad,2
H_harvey,M_cdandme,2
H_harvey,M_richardroeper,2
H_harvey,M_tomdreesencomic,2
H_harvey,M_roeconn,2
H_cimbclassic,M_bovanpelt,2
H_cimbclassic,M_robertgarrigus,2
H_cimbclassic,M_tigerwoods,2
H_mohrstories,M_jaymohr,2
H_mohrstories,M_rvd,2
H_dopeness,M_aaronfingj,2
H_nyulclassic,M_,2
H_nyulclassic,M_hbcu,2
H_fatties,M_jackbmore,2
H_ultimatfighterfridays,M_coltonsmithmma,2
H_ckrcomp,M_colin_kazim,2
H_redeye,M_gavin_mcinnes,2
H_straya,M_kruddmp,2
H_loner,M_emmabanfield,2
H_royalrumble,M_therock,2
H_royalrumble,M_wwe,2
H_nuffsaid,M_tylermedeiros,2
H_love,M_tylermedeiros,2
H_comeback,M_tylermedeiros,2
H_smwvan,M_bcama,2
H_cdnpoli,M_angelpike,2
H_party,M_gwendolyn__,2
H_sun,M_sab_cat,2
H_sun,M_kelceywebb,2
H_sun,M_h,2
H_sun,M_niccibeach,2
H_par,M_sab_cat,2
H_par,M_kelceywebb,2
H_par,M_h,2
H_par,M_niccibeach,2
H_fun,M_sab_cat,2
H_fun,M_kelceywebb,2
H_fun,M_h,2
H_fun,M_niccibeach,2
H_snogood,M_imperialsno,2
H_excitedthough,M_jrazzle,2
H_justkidding,M_jrazzle,2
H_worldseries,M_sfgiants,2
H_worldseries,M_cimbclassic,2
H_rackcitybitch,M_florence,2
H_rackcitybitch,M_longman,2
H_someguy,M_hannahraff,2
H_pbbunlimited,M_deniessesters,2
H_empirenola,M_castillesevern,2
H_empirenola,M_missamber,2
H_mizzouspirit,M_muathleticstpp,2
H_fightingtalk,M_,2
H_fightingtalk,M_love,2
H_dwts,M_kellymonaco,2
H_gh,M_kellymonaco,4
H_comeseeme,M_courtneysager,2
H_comeseeme,M_major_peter,2
H_comeseeme,M_heath,2
H_comeseeme,M_aubskidoodle,2
H_sbucheerleaders,M_samicorrado,2
H_fingerscrossed,M_punchestownrace,2
H_adn,M_adhs_football,2
H_tanduayrockfest,M_tanduayrhunph,2
H_tanduayrockfest,M_tanduayrhumph,2
H_itscold,M_smcclain,2
H_itscold,M_deezybaby,2
H_missyallboyz,M_smcclain,2
H_missyallboyz,M_deezybaby,2
H_hehasfourbrot,M_,2
H_hybridtheory,M_joehahn_lp,2
H_mmm,M_annie_cutler,2
H_socomx,M_annie_cutler,2
H_stoked,M_cherlloyd,2
H_goodtimes,M_ashleyhoak,2
H_rightwingparanoia,M_louroberg,2
H_wegrind,M_,2
H_gh,M_brandonbarash,2
H_legend,M_daniel_dennehy,2
H_bsulife,M_paulakrebs,2
H_bsulife,M_bsu_stdtaff,2
H_proudsoldier,M_cherylcole,2
H_ramenwins,M_mssarahredshaw,2
H_ronpaul,M_dougwead,2
H_thatisall,M_cherylcole,2
H_students,M_brandeis_lts,2
H_students,M_brandeisu,2
H_stressfree,M_brandeis_lts,2
H_stressfree,M_brandeisu,2
H_loverss,M_deniessejoaquin,2
H_np,M_meekmill,2
H_np,M_rickyrozay,2
H_np,M_wale,2
H_mmg,M_meekmill,2
H_mmg,M_rickyrozay,2
H_mmg,M_wale,2
H_nashville,M_jamielynndrohan,2
H_trancefamily,M_clubglow,2
H_loveyou,M_nikkitopping,2
H_tvtime,M_marilyndenisctv,2
H_littlepariskitchen,M_rkhooks,2
H_lyon,M_rkhooks,2
H_comedyawards,M_comedycentral,2
H_classic,M_,2
H_classic,M_kwamedidit,2
H_blackhistorymoment,M_whoopigoldberg,2
H_cabinfever,M_krdzn,2
H_melbcupcarnival,M_jessgallagher,2
H_vnzmas,M_fourtv,2
H_vnzma,M_fourtv,2
H_thrillingclimax,M_jimmiejohnson,2
H_riogrind,M_guanacotruck,2
H_ayyyeee,M__northpolecold,2
H_ipittythefoolthatcantkickitoldschool,M_,2
H_believetour,M_justinbieber,2
H_sporno,M_moveslikeroy,2
H_yardofcocktail,M_williscorto,2
H_liquid,M_williscorto,2
H_punk,M_williscorto,2
H_jbmeetdanica,M_justinbieber,2
H_amazing,M_justinbieber,2
H_whiletwitterwasdown,M_evergreenchmbr,2
H_divasofrock,M_patnisiddharth,2
H_meego,M_nokia,2
H_maemo,M_nokia,2
H_cantmissthat,M_example,2
H_throwback,M_pink_dagger,2
H_iamhappyagain,M_pink_dagger,2
H_rwc,M_caroljs,2
H_,M_coupleboobs,4
H_inspiration,M_tankdogc,2
H_cbsbigbrother,M_christynew,6
H_cbsbigbrother,M_teamjorchel,6
H_teamjorchel,M_christynew,6
H_teamjorchel,M_teamjorchel,6
H_bb,M_christynew,6
H_bb,M_teamjorchel,6
H_nickiminaj,M_nickiminaj,2
H_nowplaying,M_cerysmatthews,2
H_afc,M_then,2
H_veryfunnyfilm,M_followimran,2
H_veryfunnyfilm,M_cf,2
H_veryfunnyfilm,M_,2
H_veryfunnyfilm,M_c,2
H_nobama,M_cgblasi,2
H_fight,M_cgblasi,2
H_ishappy,M_sebroche,2
H_yesreally,M_jcpatrick,2
H_yesreally,M_adamf,2
H_n,M_jcpatrick,2
H_n,M_adamf,2
H_teambringit,M_nicegirll,2
H_l,M_spaikin,2
H_ctv,M_spaikin,2
H_raw,M_cmpunk,2
H_ff,M_kev_d,2
H_sigh,M_tebeza,2
H_bradyrules,M_therealpodvader,2
H_patriots,M_therealpodvader,2
H_,M_sho_dexter,2
H_dexter,M_sho_dexter,2
H_omg,M_justinbieber,2
H_believe,M_justinbieber,4
H_myworldtour,M_justinbieber,2
H_rungeordierun,M_sheilatweetss,2
H_rungeordierun,M_nufcofficial,2
H_rungeordierun,M_nufcfans,2
H_cowboysandaliens,M_paramountuk,4
H_indieweekend,M_qubetubers,2
H_realbackyardfifa,M_jrgessler,2
H_juice,M_yorikirii,2
H_teamunited,M_d_degea,2
H_glorymu,M_rendy_r,2
H_glorymu,M_bany_avenger,2
H_rodomontade,M_misslisadc,2
H_rodomontade,M_the_lort_got,2
H_goodtimes,M_aliciajohncock,2
H_goodtimes,M_adelaide_fc,2
H_thehelp,M_katiechka,2
H_hothouse,M_katiechka,2
H_missyoubabe,M_big_mac,2
H_nsn,M_justinbieber,4
H_oldhabitspawwl,M_,2
H_radiosurgery,M_nfgfans,2
H_radiosurgery,M_realjordanfg,2
H_dexter,M_hughhefner,2
H_irish,M_kelseyspajamas,2
H_paris,M_pretavoyager,2
H_hadto,M_the_overtones,2
H_goodanswer,M_playbookmd,4
H_goodanswer,M_bmoregoodfellaz,2
H_jeopardy,M_playbookmd,4
H_jeopardy,M_bmoregoodfellaz,2
H_cowboysandaliens,M_dc_zol,2
H_funny,M_piersmorgan,2
H_funny,M_lennoxlewis,2
H_funny,M_realdonaldtrump,2
H_jetsnation,M_snytv,2
H_jets,M_snytv,2
H_nfl,M_snytv,2
H_nyc,M_snytv,2
H_jamaica,M_missmariejames,2
H_geekgirl,M_nancyseeger,2
H_blessed,M_kevinhart,2
H_fun,M_thecrossbarrsl,2
H_night,M_caroline_mariee,2
H_night,M_georgea_may,2
H_pilove,M_aksumler,2
H_wirec,M_thenewdeal,2
H_wiunion,M_thenewdeal,2
H_comeonyoublues,M_sylvaind,2
H_alzheimers,M_dallasbvb,2
H_alzheimers,M_brunetteinbigd,2
H_fight,M_dallasbvb,2
H_fight,M_brunetteinbigd,2
H_dexter,M_domoniquep,2
H_worldwide,M_jamesmaslow,2
H_tourfcb,M_,2
H_pakistan,M_farrukhsiddiqui,2
H_orangecrush,M_,2
H_orangecrush,M_ekd,2
H_orangecrush,M_millerlite,2
H_dexter,M_dazzlindez,2
H_dexter,M_hotspur,2
H_wiunion,M_onekybabydoll,2
H_sunday,M_halo_juelz,2
H_al,M_nyjets,2
H_gojetsgo,M_dougmaciver,2
H_loveyaforevernalways,M_justinbieber,2
H_pirategang,M_,2
H_gang,M_,2
H_bbn,M_terrencejones,2
H_bbn,M_brandonknight,2
H_loadofbollocks,M_fizzer,2
H_challengeaccepted,M_hot,2
H_justsharing,M_argopariadji,2
H_hisalmightybruceness,M_springsteen,2
H_avfc,M_andiweimann,2
H_utv,M_andiweimann,2
H_cfc,M_chelseaindo,2
H_infinity,M_djself,2
H_infinity,M_djjstar,2
H_infinity,M_djfirstchoice,2
H_hustlehardwednesdays,M_djself,2
H_hustlehardwednesdays,M_djjstar,2
H_hustlehardwednesdays,M_djfirstchoice,2
H_nowplaying,M_,2
H_nowplaying,M_vevo,2
H_sonotintech,M_pandomonthly,2
H_utb,M_boro,2
H_canada,M_hibanffhostel,2
H_canada,M_mtnorquay,2
H_mushroomfm,M_davetaylor,2
H_hh,M_kcommons,2
H_hh,M_dempsey,2
H_,M_justinbieber,2
H_happybirthdaymykidrauhl,M_justinbieber,2
H_ff,M_yingullmann,2
H_gsu,M_lacollegefest,2
H_jsu,M_lacollegefest,2
H_latech,M_lacollegefest,2
H_letzgetit,M_lacollegefest,2
H_ulm,M_lacollegefest,2
H_teamlcf,M_lacollegefest,2
H_ull,M_lacollegefest,2
H_cfc,M_premierleague,2
H_mufc,M_premierleague,2
H_tourofcalifornia,M_familycycling,2
H_tourofcalifornia,M_specialized,2
H_hockey,M_kendo_,2
H_fig,M_kendo_,2
H_midland,M_kendo_,2
H_bna,M_tanuki_meatball,2
H_bna,M_schmidtsrevenge,2
H_ffc,M_snap_kaka_pop,2
H_poppinbottles,M_tobybinge,2
H_univb,M_,2
H_p,M_galtsgirl,2
H_proudmom,M_sherwoodhonda,2
H_massive,M_matt_edmeades,2
H_stoproguetipsters,M_tom_seagul,2
H_stoproguetipsters,M_alan_hinton,2
H_homecoming,M_bwwings,2
H_savage,M_bwwings,2
H_interestinggilfriend,M_scotty_robs,2
H_interestingfactoftheday,M_scotty_robs,2
H_stateofloveandtrust,M_edshow,2
H_stateofloveandtrust,M_mittromney,2
H_stateofloveandtrust,M_pearljam,2
H_edshow,M_edshow,2
H_edshow,M_mittromney,2
H_edshow,M_pearljam,2
H_nacamam,M_naca,2
H_bestlunche,M_naca,2
H_album,M_realblackcoffee,2
H_indonesiasayshbdforjustinbieber,M_justinbieber,2
H_stillkidrauhl,M_justinbieber,2
H_v,M_holden_racing,2
H_gc,M_holden_racing,2
H_genius,M_woodysgamertag,2
H_ladieshereicome,M_jonnymcgailey,2
H_ladieshereicome,M_doconnell,2
H_ladieshereicome,M_eamonn_kenny,2
H_ladieshereicome,M_scuds,2
H_medialabio,M_medialab,2
H_rolltimber,M_indianastatevb,2
H_mysoulisnative,M_chr,2
H_jointhetribe,M_chr,2
H_ifoundyou,M_bbcr,2
H_ifoundyou,M_thewantedmusic,2
H_hitchhikersguide,M_dune,2
H_societyawards,M_thinktastic,2
H_bestteaminbarcelona,M_rosskelly,2
H_prettylittleliars,M_lucyyhale,2
H_greatness,M_houstontexans,2
H_kain,M_wildthyme,2
H_cantwait,M_nyjets,2
H_,M_iamcmoneybx,2
H_prettylittleliars,M_allthingspll,2
H_maybewewillgetfreestuff,M_joeskirkie,2
H_honkytonk,M_the_zoo_bar,2
H_mnfootng,M_mnfootng,2
H_early,M_paperchasinal,2
H_legend,M_chrischris__,2
H_clueless,M_oilersnow,2
H_clueless,M_hockeyyinsiderr,2
H_wimp,M_raggyrach,2
H_occupyauc,M_theamazingsalah,2
H_soapurdue,M_,2
H_truthbetold,M_greysonchance,2
H_xfactor,M_thexfactor,2
H_xfactor,M_itv,2
H_jayisourqb,M_chicagobears,2
H_mile,M_charles_sings,2
H_ihavethepower,M_ihsanomi,2
H_pushandshove,M_nodoubt,2
H_pushandshove,M_vh,2
H_bet,M_truthfighter,2
H_shame,M_rioferdy,2
H_cfc,M_rioferdy,2
H_unc,M_kbutter,6
H_jogon,M_harrysilk,2
H_nycdoe,M_gothamschools,2
H_uft,M_gothamschools,2
H_poorcustomerservice,M_ticketsnow,2
H_,M_caltrain_news,2
H_facepalm,M_mtlgazette,2
H_sandy,M_robbase,2
H_loser,M_vytrannyxo,2
H_,M_jimirsay,2
H_,M_jmv,2
H_wtf,M_jimirsay,2
H_wtf,M_jmv,2
H_wth,M_jimirsay,2
H_wth,M_jmv,2
H_clueless,M_magwer,2
H_rotterdam,M_coplandcasual,2
H_rotterdam,M__s_s_r_,2
H_rotterdam,M_gullitr,2
H_rip,M_drphil,2
H_nastyassmeal,M_ikayrob,2
H_qsteaser,M_qofs_official,2
H_staymetal,M_theghostinside,2
H_staymetal,M_missmayiband,2
H_staymetal,M_lmtf,2
H_endthelockout,M_steviey,2
H_looserpool,M_o,2
H_stonecold,M_,2
H_stonecold,M_generalhospital,2
H_jasonmorgan,M_,2
H_jasonmorgan,M_generalhospital,2
H_benghazi,M_literallyfedup,2
H_nufc,M_marco_ten,2
H_safc,M_marco_ten,2
H_knicks,M_nba,2
H_sheenroast,M_tash_jade,2
H_legendary,M_ctv,4
H_legendary,M_farhanmohamed,2
H_rwc,M_hartspub,2
H_vmas,M_lord_voldemort,2
H_gop,M_sovernnation,2
H_agenda,M_sultanalqassemi,2
H_agenda,M_beleidy,2
H_bpos,M_microsoft,2
H_gop,M_linka,2
H_fawsl,M_shekicksdotnet,2
H_fawsl,M_mshighbury,2
H_londonriots,M_,2
H_tottenham,M_yoginijane,2
H_annahazare,M_rajkarsewak,2
H_londonriots,M_rheagraceb,2
H_nigerianewspaperheadlines,M_yinkadek,2
H_drugs,M_bbcbreaking,2
H_cannabis,M_bbcbreaking,2
H_fol,M_ohsoorels,2
H_nyj,M_conortorr,2
H_tried,M_bkuhhneer,2
H_spellcheckjoke,M_rustysprouts,2
H_sangz,M_justin_kaoma,2
H_nufc,M_nufc_stats,2
H_debate,M_originalkingd,2
H_blackmail,M_bhhopppps_,2
H_pgatour,M_theplayerschamp,2
H_ouch,M_theplayerschamp,2
H_australiawantsdemi,M_ddlovato,2
H_cakecrawl,M_sean_bridge,2
H_thissucks,M_strikeforce,2
H_nottrue,M_niallofficial,2
H_horn,M_,2
H_horn,M_hdashkane,2
H_horn,M_addacapo,2
H_horn,M_ken,2
H_scumbag,M_heathernoel,2
H_londonriots,M_rach_rvx,2
H_alldayb,M_juice,2
H_snarklife,M_azcardinalsftw,2
H_snarklife,M_cardschatter,2
H_georgia,M_stevebeuerlein,2
H_georgia,M_seconcbs,2
H_olemiss,M_stevebeuerlein,2
H_olemiss,M_seconcbs,2
H_heckyeah,M_kjc_,2
H_endofwatch,M_kjc_,2
H_lovesgotaholdonme,M_tiffanyj_curtis,2
H_sat,M_tiffanyj_curtis,2
H_haroldwashingonculcntr,M_tiffanyj_curtis,2
H_dcshows,M_jamminjava,2
H_dcshows,M_byt,2
H_dcshows,M_jimsuperwhite,2
H_unc,M_tarheelnation,2
H_steelernation,M_nfl,2
H_,M_alexarthur,2
H_t,M_anzstadium,2
H_eott,M_stripesrecords,2
H_asot,M_arminvanbuuren,2
H_jager,M_t_m_birch,2
H_beer,M_t_m_birch,2
H_rafa,M_ben_higham,2
H_tf,M_roblowe,2
H_bonjovi,M_benandkerryshow,2
H_marlinsmysteryfanrevealed,M_amyknelson,2
H_audiobook,M_chrisewan,2
H_geno,M_nfldraftscout,2
H_chargerfansbooing,M_espnnfl,2
H_sebringlsa,M_flighttimeradio,2
H_untouchable,M_lifetimetv,2
H_vikes,M_blgj,2
H_vikes,M_saltandhepper,2
H_cards,M_blgj,2
H_cards,M_saltandhepper,2
H_gameoftheweek,M_blgj,2
H_gameoftheweek,M_saltandhepper,2
H_ghostbusters,M_bamberwove,2
H_grittygrindn,M_honeylkcocaine,2
H_grooves,M_kdtrey,2
H_helinacell,M_cmpunk,2
H_trapout,M_cianaf,2
H_kate,M_alznyc,2
H_newhousesm,M_gsyellin,2
H_tcot,M_barackobama,2
H_teamuapb,M_,2
H_movienight,M_,2
H_photography,M_,2
H_thisgirl,M_real_liam_payne,2
H_sexy,M_roblowe,2
H_redskins,M_superskin,2
H_daca,M_janehamsher,2
H_whoboutit,M__kevcastillo,2
H_whoboutit,M_deniszhirov,2
H_whoboutit,M_diquesoyprieto,2
H_bucks,M_okcthunder,2
H_bucks,M_jharden,2
H_bucks,M_pushplayjt,2
H_bemilwaukee,M_okcthunder,2
H_bemilwaukee,M_jharden,2
H_bemilwaukee,M_pushplayjt,2
H_smh,M_okcthunder,2
H_smh,M_jharden,2
H_smh,M_pushplayjt,2
H_thunde,M_okcthunder,2
H_thunde,M_jharden,2
H_thunde,M_pushplayjt,2
H_buckspride,M_okcthunder,2
H_buckspride,M_jharden,2
H_buckspride,M_pushplayjt,2
H_boldaslove,M_,2
H_boldaslove,M_parkcrest,2
H_boldaslove,M_vision,2
H_boldaslove,M_bobrobertsjr,2
H_wednesdaywisdom,M_ozingarmc,2
H_hopeso,M_mw,2
H_msm,M_,4
H_mumbai,M_,2
H_queen,M_,4
H_battleofthesexes,M_queenofcol,2
H_timeflies,M_beingpiper,2
H_bittersweet,M_beingpiper,2
H_sandy,M_,2
H_flex,M_flexcrewgotti,2
H_flex,M_yungtoneworld,2
H_flex,M_da,2
H_flexthursday,M_flexcrewgotti,8
H_flexthursday,M_yungtoneworld,2
H_flexthursday,M_da,8
H_fb,M_yashchoprafilm,2
H_lolle,M_mrbbutterfield,2
H_extratime,M_robertmarawa,2
H_extratime,M_mindlos_khafu,2
H_personally,M_robertmarawa,2
H_personally,M_mindlos_khafu,2
H_wingsday,M_djphife,2
H_education,M_tdsb,2
H_animalrights,M_,2
H_animalrights,M_ecoxpo,2
H_green,M_,2
H_green,M_ecoxpo,2
H_,M_larryblustein,2
H_smwldn,M_charliehilton,4
H_halloween,M_southcoastplaza,2
H_msm,M_surnell,2
H_pinkcity,M_flexcrewgotti,6
H_pinkcity,M_da,6
H_,M_wildwoodchicken,2
H_redwings,M_ansarkhanmlive,2
H_fb,M_rfwppi,2
H_peak,M_babbleemporium,2
H_nlcshakin,M_thirdmanrecords,2
H_nlcshakin,M_mlbonfox,2
H_,M_taecyeonbiased,2
H_ridgemountcup,M_phillehh,2
H_slay,M_rihannadaily,2
H_likemagic,M_dynamomagician,2
H_stanford,M_,2
H_s,M_,2
H_quatchi,M_,2
H_going,M_taylorswift,2
H_mets,M_mets,2
H_stluciemets,M_mets,2
H_smwfrienefits,M_charliehilton,2
H_nyuscps,M_websterhall,2
H_drivetime,M_,2
H_boston,M_bostoncatholic,2
H_mattapan,M_bostoncatholic,2
H_forevermore,M_pinoy_archies,2
H_forevermore,M_onedavidnet,2
H_shakeout,M_tendersociety,2
H_letthemknowthecraic,M_patcunningham,2
H_bacp,M_,2
H_leggo,M_heykevinliu,2
H_nw,M_argery_mae,2
H_nw,M_mapeyyy,2
H_nw,M_sayotekid,2
H_nw,M_better_bitch,2
H_tcot,M_cspanwj,2
H_thfc,M_tancredipalmeri,2
H_mimireloaded,M_jarvdee,2
H_mimi,M_jarvdee,2
H_nocomment,M_eugenia__,2
H_nocomment,M_gafferm,2
H_nocomment,M_inasieff,2
H_nocomment,M__mpho,2
H_smwb,M_froda,2
H_smwb,M_adrianysan,2
H_smwb,M_podio,2
H_wouldntmind,M_jakeowen,2
H_wouldntmind,M_flagaline,2
H_summerjam,M_jakeowen,2
H_summerjam,M_flagaline,2
H_ramdev,M_manju,2
H_nmae,M_lancomeparis,2
H_party,M_,2
H_worldcup,M_,2
H_crunchtimeatkansas,M_motogp,2
H_meconspeed,M_motogp,2
H_housemusic,M_,4
H_fun,M_,2
H_news,M_,2
H_raw,M_wwe,4
H_wwe,M_wwe,2
H_afl,M_pafc,2
H_ncatsu,M_msjoseline,2
H_ncatsu,M_hitmansteviej,2
H_ghoe,M_msjoseline,2
H_ghoe,M_hitmansteviej,2
H_twolves,M_gregstiemsma,2
H_becauseicare,M_danicapatrick,2
H_fb,M_,2
H_music,M_,4
H_house,M_,2
H_idowhatican,M_lauryn_kennedy,2
H_wewillmakeadate,M_lauryn_kennedy,2
H_azfl,M_lb_az,2
H_azfl,M_tabor,2
H_azfl,M_longballgirl,2
H_oooosh,M_ronanjones,2
H_haha,M_c,2
H_roi,M_noriordan,2
H_ohsen,M_chucktodd,2
H_talibkweli,M_,2
H_res,M_,2
H_snl,M_louisck,2
H_justsayin,M_,2
H_nascar,M_jearnhardt,2
H_ddliverpool,M_dunkinboston,2
H_jft,M_siralex,2
H_dontbuythesunanyday,M_siralex,2
H_riplane,M_kwiltj,2
H_afl,M_mlbazfallleague,2
H_afl,M_mlb,2
H_dontbuythesun,M_shutdownthesun,4
H_showdown,M_manlyboyze,2
H_pplhdtv,M_postcodelottery,2
H_competition,M_postcodelottery,2
H_mnscores,M_tommybenson,2
H_sweden,M_,2
H_canada,M_,2
H_coyotes,M_portlandpirates,2
H_dragonslive,M_broadwaybabyto,2
H_mt,M_ebertchicago,2
H_forgeworldonly,M_richards,2
H_forgeworldonly,M_colourpurple,2
H_wla,M_beniboi,2
H_writing,M_edbookfest,2
H_writing,M_edwritersconf,2
H_writers,M_edbookfest,2
H_writers,M_edwritersconf,2
H_boxing,M_koking_bailey,2
H_boxing,M_dalexandereal,2
H_brooklynboxing,M_koking_bailey,2
H_brooklynboxing,M_dalexandereal,2
H_mexicans,M_seximexi,2
H_mexicans,M_jf_gnarly,2
H_horseracing,M_,2
H_bethere,M_cece_giancola,2
H_bethere,M_heatono,2
H_bethere,M_reganohara,2
H_bethere,M_,2
H_bethere,M_jolynn_giancola,2
H_bethere,M_borntorun,2
H_redarmy,M_perthwildcats,2
H_nascar,M_nascarespn,2
H_nascar,M_kevinharvick,2
H_going,M_keltron,2
H_thetalk,M_thetalk_cbs,2
H_whatapair,M_lastcaress,2
H_mtsu,M_rmjackson,2
H_what,M_sportscenter,2
H_ios,M_kris_ten,2
H_infobiz,M_tujukutu,2
H_cbsbigbrother,M_msrosy,4
H_teamjorchel,M_msrosy,4
H_bb,M_msrosy,4
H_ufc,M_jesseseedath,4
H_irene,M_dandelionfuzz,2
H_wow,M_sportscenter,2
H_,M_nickrexum,2
H_,M_nickhexum,2
H_fb,M_blitzmegaplex,2
H_l,M_ppapanicolaou,2
H_shedidntcallbecause,M_brittanyduffygp,2
H_canuc,M_vancan,2
H_ugadawgswag,M__loveebreezyy,2
H_ugadawgswag,M_truthh,2
H_deusex,M_zavvionline,4
H_hoes,M_yungbrodee,2
H_onlymjfansunderstand,M_missmjlover,2
H_musicmonday,M_lucirmas,2
H_boise,M_wordpressdotcom,2
H_bulldogs,M_wordpressdotcom,2
H_dawgs,M_wordpressdotcom,2
H_georgia,M_wordpressdotcom,2
H_uga,M_wordpressdotcom,2
H_ufc,M_kyle_chris_mma,4
H_mma,M_kyle_chris_mma,4
H_p,M_psychosix,2
H_maddow,M_psychosix,2
H_teaparty,M_psychosix,2
H_fok,M_psychosix,2
H_mma,M_adominguez,2
H_clubfitness,M_deannajefferson,2
H_doitnow,M_,2
H_bangtidy,M_leighfrancis,2
H_bangtidy,M_celebjuice,2
H_bangtidy,M_fearnecotton,2
H_bangtidy,M_hollywills,2
H_respeckkk,M_wwe,2
H_epic,M_ryanlochte,2
H_tottenham,M_desi_girl_,2
H_tottenham,M_therealmoconnor,2
H_teenchoiceawards,M_joelmchale,2
H_unbelievable,M_elelibs,2
H_goeagles,M_stephstackk,2
H_amandaknox,M_ninab,2
H_emmys,M_spin,2
H_dexter,M_reignofsuccess,2
H_guelph,M_guelphfab,2
H_oolegooo,M_wernickvt,2
H_oolegooo,M_vtrel,2
H_datameet,M_mayameme,2
H_thatisall,M_da_underdog,2
H_thatisall,M_k_mapp,2
H_awful,M_espn_colin,2
H_sec,M_espn_colin,2
H_sportsnation,M_espn_colin,2
H_,M_und_com,2
H_dexter,M_,2
H_dexter,M_iheardavoicesay,2
H_u,M_colinudoh,2
H_u,M_sportsworldokon,2
H_,M_yahoonoise,2
H_u,M_billy_knott,2
H_p,M_art,2
H_wirecall,M_art,2
H_tcot,M_art,2
H_news,M_amitkarnani,2
H_ak,M_amitkarnani,2
H_bam,M_terryfoster,2
H_bsbp,M_,2
H_whytho,M_jasonlacanfora,2
H_snbto,M_sbnuitblancheto,2
H_fitblog,M_netflix,2
H_dexter,M_netflix,2
H_indowantsgreenday,M_greendaysoul,4
H_dc,M_artallnightdc,2
H_tptalmanac,M_mckennaewen,2
H_corkbuzz,M_corkbuzz,2
H_corkbuzz,M_ummera,2
H_sufc,M_robstaton,2
H_rand,M_yankeesnark,2
H_rolltide,M_mrsmommymatters,2
H_chargers,M_jim_alexander,2
H_nfl,M_si_peterking,2
H_bills,M_si_peterking,2
H_eagles,M_si_peterking,2
H_derbyday,M_bones,2
H_tombraider,M_crystaldynamics,2
H_colga,M_,2
H_wtf,M_jencattle,2
H_wtf,M_craigsiedschlag,2
H_atl,M_,2
H_leo,M_,2
H_nba,M_insidehoops,2
H_pricewise,M_live_ladbrokes,2
H_newmarket,M_live_ladbrokes,2
H_horseracing,M_live_ladbrokes,2
H_backtohauntthescum,M_ladbrokes,2
H_backtohauntthescum,M_louissaha,2
H_bagger,M_ladbrokes,2
H_bagger,M_louissaha,2
H_boom,M_donsantillan,2
H_brettbeakermyers,M_southsideasylum,2
H_nuge,M_am,2
H_hunting,M_am,2
H_kandifactory,M_kandi,2
H_labordaywkend,M_,6
H_labordaywkend,M_darnellmvp,4
H_labordaywkend,M_bennyt,6
H_labordaywkend,M_dropsquad,2
H_galaxyplaytrackoftheday,M_phsamsungmobile,2
H_byu,M_y,2
H_byu,M_aaronk_mn,2
H_defendourcoast,M_erin_hanson,2
H_westsalemyounglife,M_,2
H_onetowatch,M_bbcquestiontime,2
H_hhgttg,M_dannychoo,2
H_,M_torontoist,2
H_ff,M_kaijzer,2
H_teamfollowback,M_kaijzer,2
H_learning,M_profpjm,2
H_fiftyshades,M_getglue,2
H_fiftyshadesofgrey,M_getglue,2
H_wtf,M_jcrclarksonesq,2
H_mittromney,M_mattmonihan,2
H_unitedsoundsofafrica,M_thebeat,2
H_packers,M_tsmithnd,2
H_illhaveanother,M_whorseplayer,2
H_illhaveanother,M_breederscup,2
H_illhaveanother,M_horseracing,2
H_bodemeister,M_whorseplayer,2
H_bodemeister,M_breederscup,2
H_bodemeister,M_horseracing,2
H_kandikoatednight,M_kandi,2
H_chatoscar,M_oficial,2
H_halloween,M_tutus,2
H_labordaywkend,M_dcyoungrebel,2
H_,M_indystatefair,2
H_,M_indystarsports,2
H_appletv,M_firecore,2
H_cre,M_journalrecord,2
H_dropdeadgorgeous,M_nvsofficial,2
H_wps,M_clintstoerner,2
H_wps,M_king_johnson,2
H_bizikent,M_itspetem,2
H_econokit,M_itspetem,2
H_bizitalk,M_itspetem,2
H_fiyastarter,M_rodimusprime,2
H_teamchris,M_aachrisleonardo,2
H_artistaacademy,M_aachrisleonardo,2
H_chrisfanatics,M_aachrisleonardo,2
H_weezerjkt,M_marygopsstudios,2
H_rockstarmarylive,M_marygopsstudios,2
H_gotheeeem,M_skyshaw,2
H_gotheeeem,M_thedubalitious,2
H_itshowyoufinish,M_skyshaw,2
H_itshowyoufinish,M_thedubalitious,2
H_happybirthdayremuslupin,M_hpotterheads,2
H_happybirthday,M_zaynmalik,2
H_proud,M_justinbieber,2
H_votebieber,M_justinbieber,2
H_script,M_thescript,4
H_script,M_thescript_danny,4
H_edchat,M_barryofarrell,2
H_edchat,M_teachersfed,2
H_crushsohard,M_foxsportsfowler,2
H_dcu,M_streffsoccer,2
H_dcu,M_chris__smith_,2
H_yolo,M_ellezirk,2
H_tan,M_,2
H_tan,M_htansatlanta,2
H_free,M_,2
H_free,M_htansatlanta,2
H_yorkshire,M_teamgb,2
H_canttouchthis,M_dankretchman,2
H_i,M_thescript,2
H_i,M_thescript_danny,2
H_tiyft,M_paigetaylor_,2
H_c,M_joefooty,2
H_,M_yewmadcunt,2
H_revivaltour,M_chuckragan,2
H_bbn,M_sltcloud,2
H_iloveyourg,M_matthewberrytmr,2
H_bigdebute,M_rmueksch,2
H_iaprsa,M_rebeccaharrisdr,2
H_hockeyisback,M_johnstownhawks,2
H_iphoneography,M_,4
H_mobitog,M_,4
H_latechsuckd,M_tlcbigred,2
H_latechsuckd,M_perryh,2
H_justsaying,M_joeygraceffa,2
H_bizikent,M_digiadvansouth,2
H_econokit,M_digiadvansouth,2
H_bizitalk,M_digiadvansouth,2
H_nipclub,M_kokotheturtle,2
H_unstoppable,M_meganguza,2
H_unstoppable,M_kellydumrauf,2
H_nfldraft,M_itsarob,2
H_hopeless,M_diarmuidm,2
H_loveyouuuuu,M_irelandmarchand,2
H_btg,M_exeter,2
H_bestmixtapesever,M_liltunechi,2
H_edm,M_bonni,2
H_exchangla,M_bonni,2
H_exchangela,M_bonni,2
H_goodtimes,M_andyroddick,2
H_homeless,M_,6
H_homeless,M_helpusa,6
H_sandyvolunteer,M_,6
H_sandyvolunteer,M_helpusa,6
H_teamnd,M_skydigg,2
H_trueposh,M_martynshaw,2
H_belarus,M_bbcsport,2
H_lfc,M_bbcsport,2
H_bbcsportsday,M_bbcsport,2
H_allifacts,M_allisimpson,2
H_wolverinenation,M_denardx,2
H_ihope,M_leeegabrielle,2
H_pledge,M_,2
H_pledge,M_ali_speaks,2
H_register,M_,2
H_register,M_ali_speaks,2
H_vote,M_,4
H_vote,M_ali_speaks,4
H_bizikent,M_kent_ba,2
H_econokit,M_kent_ba,2
H_bizitalk,M_kent_ba,2
H_hamont,M_dandundas,2
H_broncos,M_mikehillespn,2
H_broncos,M_markschlereth,2
H_espn,M_mikehillespn,2
H_espn,M_markschlereth,2
H_ladsontour,M_dean,2
H_yeahbuddy,M_haidam,2
H_sandy,M_dcunited,2
H_mls,M_dcunited,2
H_bizikent,M_fionasalsa,2
H_econokit,M_fionasalsa,2
H_bizitalk,M_fionasalsa,2
H_bombgirls,M_sweetbabyliebs,2
H_cantwait,M_sweetbabyliebs,2
H_guiltypleasure,M_richardm,2
H_love,M_lalauras,2
H_love,M_makailastatham,2
H_xoxoxo,M_lalauras,2
H_xoxoxo,M_makailastatham,2
H_idowellwiththegeishas,M_teenheartthrobs,2
H_hejustlovesthebeards,M_paul_ragland,2
H_hejustlovesthebeards,M_firehawkz,2
H_soundcloud,M_,2
H_soundcloud,M_djjasonvernau,2
H_s,M_karlrove,2
H_,M_shalenko,2
H_breakingdawnpart,M_michellelmyers,2
H_loveislouderthanrollingthefinalcredits,M_michellelmyers,2
H_igiveuppp,M_byrnekatelyn,2
H_gobobcats,M_chewb,2
H_macbaseball,M_chewb,2
H_lovely,M_rodders,2
H_lovely,M_jimbocameron,2
H_lovely,M_phildixon,2
H_lovely,M_photojon,2
H_firesuit,M_kaseykahne,2
H_firesuit,M_wearefarmers,2
H_str,M_djtrocatlanta,2
H_bo,M_mr__mahesh,2
H_bo,M_saishashank,2
H_bo,M_suresh_mb,2
H_phillipifest,M_mikebellafiore,2
H_breakingdawnpart,M_twi_tour,2
H_breakingdawnpart,M_twilightfb,2
H_loveislouderthanrollingthefinalcredits,M_twi_tour,2
H_loveislouderthanrollingthefinalcredits,M_twilightfb,2
H_yyc,M_villagebrewery,2
H_charity,M_villagebrewery,2
H_breakingdawnpart,M_kellanlutz,2
H_loveislouderthanrollingthefinalcredits,M_kellanlutz,2
H_happybirthdaysrk,M_iamsrk,2
H_chilled,M__whosthatjess,2
H_wheresdinner,M__whosthatjess,2
H_celebrate,M_themembox,2
H_heroes,M_r_roddy_piper,2
H_heroes,M_beastieboys,2
H_sheisthefemalebigbuck,M_paddypower,2
H_sagarin,M_eldermars,2
H_herestoanother,M__smileemptysoul,2
H_thankyou,M_chartersss,2
H_thankyou,M_sjwright,2
H_thankyou,M_garywoods,2
H_nzbreakers,M_nzbreakers,2
H_nzbreakers,M_flavaradio,2
H_hallowe,M_,2
H_hallowe,M_crissy_khun,2
H_hallowe,M_a_g_h,2
H_hallowe,M_veechow,2
H_hamont,M_whitingdesign,2
H_mcbam,M_valentinifrank,2
H_mcbam,M_carlivatiron,2
H_gh,M_valentinifrank,2
H_gh,M_carlivatiron,2
H_sozmate,M__killtom,2
H_student,M_darren_healy,2
H_student,M_scotttancock,2
H_fml,M_,2
H_goddoesgoodthing,M_alliebrown,2
H_goddoesgoodthing,M_redheadswaggin,2
H_goddoesgoodthing,M_mscutiepie,2
H_storytime,M_rouge_mort,2
H_getinvolved,M_juniorbiano,2
H_amazeballs,M_gulianarancic,2
H_salsa,M_thefaversham,2
H_leeds,M_thefaversham,2
H_classic,M_llcoolj,2
H_sagalove,M_leemazin,2
H_cityswag,M_nadiamarychurch,2
H_run,M_rapsunited,2
H_run,M_backspin_mag,2
H_happydays,M_ollyofficial,2
H_snlmusic,M_,2
H_time,M_,2
H_redneck,M_notdanica,2
H_syria,M_lccsy,10
H_pleaseandthankyou,M_tbovea,2
H_pleaseandthankyou,M_hrometz,2
H_pleaseandthankyou,M_zoe_estabrook,2
H_,M_espngreeny,2
H_browns,M_bananannieee,2
H_,M_shelboxoxo,2
H_,M_elsarcasmmm,2
H_nolie,M_,2
H_nolie,M_mc_squ,2
H_nolie,M_fresh_prince,2
H_mccann,M_tina__tubs,2
H_pissed,M_meekmill,2
H_dreamsandnightmares,M_meekmill,2
H_nascar,M_kaseykahne,2
H_bofa,M_kaseykahne,2
H_dayofthedead,M_ianasbury,2
H_dayofthedead,M_doug_zamensky,2
H_dayofthedead,M_suzzifiazco,2
H_hard,M_ianasbury,2
H_hard,M_doug_zamensky,2
H_hard,M_suzzifiazco,2
H_ncaa,M_jcfsports,2
H_ncaa,M_drakecoachdl,2
H_ncaa,M_calloway,2
H_help,M_nflfantasy,2
H_bills,M_wgrz,2
H_edl,M_youtube,2
H_norestforthewicked,M_muccas,2
H_wewillnotletthisgo,M_barackobama,2
H_standdown,M_barackobama,2
H_apple,M_,2
H_yerbabue,M_,2
H_iphone,M_,2
H_dst,M_phillywx,2
H_bg,M_jgreeds,2
H_bewarethegolfcarts,M_jgreeds,2
H_un,M_brookingsinst,2
H_partners,M_dallasderby,2
H_partners,M_paleycenter,2
H_thelivingroom,M_channelten,2
H_kd,M_paigeshuffler,2
H_regionpride,M_spikealbrecht,2
H_iguardedyouinpractice,M_spikealbrecht,2
H_tween,M__jcpels,2
H_tween,M_,2
H_igfame,M__jcpels,2
H_igfame,M_,2
H_sunday,M__jcpels,2
H_sunday,M_,2
H_igers,M__jcpels,2
H_igers,M_,2
H_basketball,M__jcpels,2
H_basketball,M_,2
H_pba,M__jcpels,2
H_pba,M_,2
H_araneta,M__jcpels,2
H_araneta,M_,2
H_bff,M__jcpels,2
H_bff,M_,2
H_rent,M_apartmentlist,2
H_hallowfreakend,M_,4
H_cupcakes,M_tiiaahhx,2
H_cfc,M_vivicas,2
H_yr,M_georgeguzman,2
H_wideawake,M_katyperry,2
H_firstworldpains,M_pinckashtronaut,2
H_uconn,M_dosports,2
H_syracuse,M_dosports,2
H_fpannan,M_foreignpressctr,2
H_fpannan,M_un,2
H_bowltothewall,M_rajasthanroyals,2
H_bowltothewall,M_dravidoholic,2
H_bokke,M_bokrugby,2
H_springboks,M_bokrugby,2
H_leggggoo,M_eviplist,2
H_dbf,M_tonetoneinherre,2
H_paidnfulleastsaidup,M_tonetoneinherre,2
H_noworkforme,M_itsaserverslife,2
H_victoria,M_naomiaklein,2
H_defendourcoast,M_naomiaklein,2
H_cdnpoli,M_naomiaklein,2
H_bcpoli,M_naomiaklein,2
H_listen,M_sambolitho,2
H_raonair,M_sambolitho,2
H_,M_fmdrkmc,2
H_,M_caplannfl,2
H_tbf,M_,2
H_mariners,M_mariners,2
H_mariners,M_rootsports_nw,2
H_whitesox,M_mariners,2
H_whitesox,M_rootsports_nw,2
H_blues,M_bennogk,2
H_bcfc,M_bennogk,2
H_teamdanny,M_danny,2
H_nextchapter,M_oprah,2
H_nextchapter,M_invisible,2
H_kony,M_oprah,2
H_kony,M_invisible,2
H_move,M_oprah,2
H_move,M_invisible,2
H_nufc,M_your_screen_name,2
H_ufc,M_junior_cigano,2
H_ufc,M_cainmma,2
H_yum,M_bwwings,2
H_bulls,M_qldcricket,2
H_toonami,M_deadmantakagi,2
H_toonami,M_clarknova,2
H_hbk,M_shawnmichaels,2
H_dx,M_shawnmichaels,2
H_vkscores,M_scoresinkansas,2
H_kpop_stream,M_hardyz_g,2
H_cdos,M_kare,2
H_jellybean,M_vzwsupport,2
H_htc,M_vzwsupport,2
H_ics,M_vzwsupport,2
H_syria,M_syriatweeten,2
H_svu,M_therealttunie,2
H_svu,M_mariska,2
H_mystery,M_peterjamesuk,2
H_n,M_peterjamesuk,2
H_breadhead,M_,2
H_breadhead,M_dj_goldie,2
H_boxing,M_nathanclev,2
H_jets,M_robhill,2
H_bucketlist,M_d_copperfield,2
H_,M_northstandchat,2
H_nodoubt,M_shaneruane,2
H_abarth,M_fiatusa,2
H_voteonedirection,M_wildabout,2
H_bass,M_bassfaceyeg,2
H_bass,M_future_roots,2
H_party,M_bassfaceyeg,2
H_party,M_future_roots,2
H_redsox,M_wabi_tv,2
H_redsox,M_timthrock,2
H_senat,M_,2
H_hitstick,M_whiebs,2
H_lightwork,M_datpiffmixtapes,2
H_scfafootball,M_lbccvikings,2
H_scfafootball,M_scgauchos,2
H_donate,M_deepdancenyc,2
H_paulmooney,M_deepdancenyc,2
H_georgecarlin,M_deepdancenyc,2
H_money,M_deepdancenyc,2
H_coys,M_chriswaddle,2
H_springfest,M_,2
H_dnc,M_michaeledyson,2
H_billclinton,M_michaeledyson,2
H_rock,M_mia_klose,2
H_london,M_mia_klose,2
H_miaklose,M_mia_klose,2
H_ithoughtitwasclever,M_oliviachiarelli,2
H_isthisreallyreal,M_danny__woodhead,2
H_pats,M_danny__woodhead,2
H_pumped,M_danny__woodhead,2
H_nyj,M_danny__woodhead,2
H_monstermafia,M_rcw_md,2
H_rematch,M_rcw_md,2
H_nola,M_groovy,2
H_gotoreros,M_uofsandiego,2
H_gotoreros,M_usdvolleyball,2
H_gotoreros,M_usdtoreros,2
H_gotoreros,M_espnu,2
H_wcc,M_uofsandiego,2
H_wcc,M_usdvolleyball,2
H_wcc,M_usdtoreros,2
H_wcc,M_espnu,2
H_swagcorner,M_,4
H_info,M_cherrybelleindo,2
H_benefit,M_wyattish,2
H_lefooding,M_wyattish,2
H_nutcases,M_,2
H_un,M_un,2
H_jamesbb,M_jameslepp,2
H_saucerpass,M_jameslepp,2
