fantastic,M_swedeng,2
fantastic,M_dj,2
jg,M_grdina,2
jg,M_paverlayer,2
jg,M_fsbull,2
jg,M_revkahjc,2
jg,M_dickstrash,2
jg,M_borderfox,2
the,M_,2
january,M_tbsveryfunny,2
its,M_nickjonas,2
here,M_nbcofchicago,2
hades,M_camphalfblood,2
by,M_shopbop,2
day,M_maziing,2
lights,M_l_starcevich,2
lights,M_n_jeffries,2
with,M_theeconomist,2
tuesday,M_icaptainmorgan,2
gagner,M_gagns,2
good,M_bsociallyactive,2
boy,M_jshapmma,2
with,M_adamrgarcia,2
xxx,M_theellenshow,2
xxx,M_princesssgb,2
xxx,M_princessrgm,2
with,M_juliecbirch,2
bad,M_,2
vs,M_gonzaldr,2
with,M_megnoel,2
got,M_chasericemusic,2
with,M_schuy_g,2
and,M_kimbemo,2
via,M_youtube,36
hey,M_kcrw,2
on,M_mbekcrw,2
on,M_anne_litt,2
for,M_ufc,2
playing,M_garbage,2
veldheer,M_,2
celebration,M_cheryl,2
wood,M_chere,2
cofield,M_vanessa,2
gabe,M_,2
nowfm,M_jenniferhudson,2
life,M_lyle_and_scott,2
to,M_lilpeterr,2
via,M_,6
see,M_fancystepdad,2
boys,M_theprincerupert,2
and,M_jakecausey,2
via,M_nounouche,2
th,M_dhlovelife,2
amazing,M_justinbieber,2
believe,M_alesso,2
with,M_davidguetta,2
has,M_itsjustinmartin,2
do,M_waterbearer,2
do,M_tanycoutur,2
with,M__courtssx,2
continues,M_,2
ladies,M_brooklyntheboss,2
ladies,M_allthatjazz_,2
attend,M_wftda,2
lat,M_stephy_t,2
lat,M_onthenikdrum,2
of,M_wakemenssoccer,2
with,M_getsiyli,4
saturday,M_dtlr,2
and,M_djpharris,2
the,M_blackburnrovers,2
know,M_teachpr,2
for,M_miamiheat,2
fl,M_michelleobama,2
na,M_tomthewanted,2
concert,M_,6
and,M_kylieminogue,2
done,M_wossy,2
part,M_ew,2
tomorrow,M_late_show,2
that,M_thatalexday,2
real,M_pastorgeno,2
hai,M_avrillavigne,2
nov,M_mlttr,2
vegas,M_sarahsside,2
vegas,M_joelpollak,2
vegas,M_breitbartnews,2
vegas,M_govchristie,2
oh,M_mitt_oh,2
oh,M_mittromney,2
get,M_kateupton,2
saturday,M_ollyofficial,2
and,M_themgeorge,2
happy,M_cristinarotondo,2
for,M_toquiwa_jp,2
that,M_themgeorge,2
for,M_russellhoward,2
mother,M_kingsbu,2
for,M_beyonce,2
with,M_kielder_obs,2
you,M_scorpio,2
cuz,M_chico_a_dusty,2
its,M_cm,2
well,M_,2
dear,M_misskahi,2
and,M_ssosso_,2
to,M_mizzousoccer,2
and,M_jennettemccurdy,2
with,M_pea_starks,2
forget,M_dwindass,2
jacksonville,M_scorpio_lovinn,2
ladyfriend,M_kellyalbrecht,2
met,M_kfreberg,2
account,M_beacaresosa,2
from,M_eurohawks_,2
mt,M_darnellmayberry,2
with,M_susancallinanxd,2
davos,M_davos,2
well,M_hull,2
social,M_,2
friend,M_treesmellsnice,2
monday,M_,8
with,M_ritaora,2
internship,M_temasekpoly,2
by,M_carrieunderwood,2
friday,M_dylanevz,2
care,M_,2
in,M_matrimonyband,2
this,M_michaelroston,2
winning,M_thebandblake,2
sep,M_trwinchester,2
follow,M_amandawanxo,14
people,M_kerrywashington,2
drink,M_catg_photo,2
of,M_orjan_nilsen,2
on,M_siriusxmarea,2
with,M_quikgunz,2
and,M_pbrasfieldato,2
tomorrow,M_ronaldpederson,2
homie,M_kimaniah,2
bali,M_tjvictoriacnd,2
november,M_rihanna,2
and,M_chuckonthewolf,2
at,M_drexelclublax,2
of,M_brooklyncured,2
destroyer,M_davidprice_,2
against,M_audley_harrison,2
jam,M_,2
is,M_ericwfoster,2
visit,M_gussysews,2
jlin,M_jerrrmy,2
side,M_mytigermytiming,2
woman,M_estelledarlings,2
for,M_cassadeepope,2
to,M_rspcayork,2
with,M_mrsiveson,2
night,M_,16
bro,M_ebow,2
eating,M_,2
awesome,M_beckypallack,2
match,M_danielwalsh,4
by,M_abpanphoto,2
the,M_byclive,2
with,M_linpel,2
with,M_lettersfromgena,2
for,M_joebiden,2
live,M_skyavenue,2
trending,M_vicegandako,2
grade,M_bestueverchad,2
the,M_roeconn,2
with,M_richardroeper,2
see,M_tomdreesencomic,2
at,M_cdandme,2
valor,M_pastorshaemun,2
about,M_useclear,2
wednesday,M_pisceslikejosh,2
funny,M_joshgroban,2
by,M_samwallaceindy,2
with,M_kweddlee,2
and,M_courtknee_eat,2
oct,M_,8
from,M_robertgarrigus,2
from,M_bovanpelt,2
from,M_tigerwoods,2
on,M_speed,2
on,M_wicricnews,2
and,M_levi_tation,2
first,M_betrescue,2
nov,M_,6
stadium,M_hbcu,2
ya,M_maggieborchardt,2
for,M__c_lavender_,2
lovely,M_jackbmore,2
too,M_foufa_b,2
think,M_coltonsmithmma,2
ask,M_bluenunuk,2
be,M_,12
ever,M_smokers_lane,2
the,M_gavin_mcinnes,2
rudd,M_kruddmp,2
if,M_therock,2
the,M_wwe,2
wish,M_jaylaura_,2
think,M_tylermedeiros,2
the,M_bcama,2
cool,M_angelpike,2
seeing,M_wyeoak,2
with,M_theroots,2
thanks,M_capitalfmarena,2
wild,M_sab_cat,2
wild,M_kelceywebb,2
sun,M_h,2
cake,M_imperialsno,2
for,M_cimbclassic,2
huge,M_sfgiants,2
you,M_least,2
funny,M_lazydaysies,2
_da_prince,M_lakers,2
tomorrow,M_fairmontpacific,2
to,M_kirkfranklin,2
to,M_insidejmoss,2
to,M_therealmarymary,2
the,M_conceptofficial,2
with,M_example,2
it,M_jawsespn,2
rd,M_longman,2
lrj,M_florence,2
come,M_nasyakale,2
day,M_athariyyah,2
saturday,M_mycloset_italia,2
with,M_happinessbrand,2
baltimore,M_bbc,2
cream,M_tuptuppalace,2
see,M_johncena,2
and,M_cmpunk,4
other,M_wwe,2
and,M_besitos_xoxo,2
it,M_realwizkhalifa,2
on,M_love,2
and,M_,2
live,M_,32
support,M_kellymonaco,2
see,M_thesaturdays,2
is,M_manndy,2
to,M_abronsartsctr,2
beautiful,M_annamariapdt,2
will,M_courtneysager,2
will,M_aubskidoodle,2
will,M_heath,2
will,M_major_peter,2
congrats,M_jimmydykeslive,2
armstrong,M_sarmstrong,2
sat,M_,6
tomorrow,M_punchestownrace,2
roxy,M_youtube,2
best,M_adhs_football,2
with,M_smitty_lp,2
luck,M_coachdoty,2
best,M_tanduayrhunph,2
cm,M_,2
att,M_m,2
natchitoches,M_deezybaby,2
natchitoches,M_smcclain,2
sweet,M_,2
with,M_hannabananas,2
lee,M_amyleeev,4
ever,M_iglevine,2
advising,M_ellenbobellen,2
see,M_cherlloyd,2
marvellous,M_maydeva,2
grade,M_ashleyhoak,2
love,M_thevacantlots,2
love,M_lovelybadtweets,2
love,M___cosmonauts__,2
way,M_lewishobbs,2
way,M_dcfcspoonz,2
via,M_navigating,2
at,M_makeupsfx,2
with,M_nomusamtshali,2
of,M_brandonbarash,2
with,M_suzieinnocent,2
day,M_,6
thanks,M_bsu_stdtaff,2
dean,M_paulakrebs,2
sandler,M_krtalley,2
destructo,M_,2
sessions,M_,4
tonight,M_jenyouben,2
at,M_brandeisu,2
you,M_brandeis_lts,2
rosedale,M_dcpl,2
ate,M_deniessejoaquin,2
ft,M_meekmill,2
ft,M_rickyrozay,2
ft,M_wale,2
there,M_wchardin,2
there,M_philfry,2
show,M_,10
eunhae,M_,4
schulz,M_clubglow,2
seeing,M_nikkitopping,2
july,M_,6
the,M_marilyndenisctv,2
via,M_pinterest,2
on,M_comedycentral,2
you,M_simonmac,2
the,M_irbsevens,2
with,M_boldacademy,2
via,M_cloe_shasha,2
friend,M_collinraye,2
with,M_johnleebrandon,2
about,M_cifc,2
was,M_whoopigoldberg,2
for,M_alltimelow,2
tho,M_krdzn,2
via,M_devour,2
from,M_critcizethis,2
amazing,M_jessgallagher,2
on,M_fourtv,2
saturdays,M_,2
disappointed,M_vanessathesats,2
via,M_zee,2
have,M_guanacotruck,2
sister,M__northpolecold,2
tomorrow,M_,34
block,M_opkitchen,2
in,M_tsl_lemag,2
allencarlanz,M_myrtlegail,2
_kuyt,M_jamespearceecho,2
noticed,M_,2
mga,M_popsters_fsg,2
via,M_woot,2
washington,M_itsa_privilege,2
lif,M_keyvo,2
congrats,M_inawarriors,2
to,M_uk_bsu,2
friend,M_nknight,2
for,M_mollyorangette,2
and,M_delanceyseattle,2
play,M_iamfakeblood,2
meeting,M_justinbieber,2
the,M_evergreenchmbr,2
is,M_patnisiddharth,2
make,M_lissalustcherub,2
guide,M_ziggysmogdust,2
guide,M_jaypfrancis,2
morning,M_nokia,2
that,M_example,2
when,M_liltunechi,2
netflix,M_pink_dagger,2
yayyy,M_coupleboobs,2
thanks,M_jamcompadre,2
th,M_graceellisxo,2
etc,M_missedgehead,2
ayyyyyee,M_aderadoesit,2
with,M_clarekirstin,2
with,M_fi,2
tonight,M_,12
epic,M_ufc,2
when,M_tomfelton,2
thi,M_youtube,2
sunday,M_dimaahhh,2
prt,M_credo_liyo,2
to,M_demonrust,2
wish,M_i,2
onert,M_nokiaknowings,2
last,M_ctvnationalnews,2
and,M_jemmlou,2
via,M_addthis,2
life,M_nickiminaj,2
want,M_sn,2
as,M_cerysmatthews,2
see,M_usaeaglesrugby,2
at,M_bitten,2
st,M_darealmrc,2
to,M_mango,2
client,M_drcasio,2
bff,M_miamck,2
on,M_cinema,2
on,M_c,2
held,M_adamf,2
on,M_gdla,2
with,M_tomfeltonsmrs,2
points,M_,2
all,M_cmpunk,2
tonight,M_cwood,2
day,M_j_cross,2
see,M_example,2
wohooo,M_blitzmegaplex,2
shating,M_leighfrancis,2
cosn,M_richswaggamoss,2
to,M_kev_d,2
chance,M_,2
nohle,M_tebeza,2
it,M_cristiano,2
from,M_androidpolice,2
night,M_sho_dexter,2
job,M_terrancewilson,2
lovely,M_officialkat,4
saturday,M_nufcfans,2
saturday,M_nufcofficial,2
watching,M_qubetubers,2
and,M_miss_wowah,2
more,M_bjaofficial,2
show,M_jimrome,2
burning,M_jrgessler,2
at,M_drysdalebjj,2
thanks,M_dee,2
milan,M_bany_avenger,2
woohoo,M_the_lort_got,2
homie,M_misslisadc,2
to,M_arsenalladies,2
sis,M_amy_veranda,2
of,M_arsenalscotland,2
alongside,M_bcole,2
and,M_antmaley,2
sir,M_jikiboy,2
haha,M_adelaide_fc,2
with,M_katiechka,2
lol,M_conniejordanna,2
lol,M_ashmalvarado,2
dallas,M_gaypornfanatic,2
dallas,M_bonepilot,2
today,M_big_mac,2
life,M_ayepeemaxin,2
ay,M_therealbhop,2
when,M_cainmma,2
it,M_elmiragriswold,2
it,M_vah_raflatahugs,2
to,M_mark_sanchez,2
and,M_nickmangold,2
of,M_mr_grimshaw,2
please,M_realjordanfg,2
attention,M_earnestpugh,2
fl,M_,2
hope,M_swp,2
blues,M_mcfc,2
set,M_craigyferg,2
anythng,M_pritypinkyy,2
love,M_kmaiadanyelle,2
october,M_justinbieber,2
is,M_playbookmd,4
am,M_dianakander,2
on,M_snytv,2
tonight,M_antwannettebond,2
fun,M_breedlove_,2
give,M_thekeysuk,2
fun,M_sbnuitblancheto,2
october,M_sho_dexter,2
of,M_culturedays,2
of,M_mbculturedays,2
seeing,M_aquinobanana,2
and,M_aliyacakes,2
watching,M_kevinhart,2
to,M_lacehge,2
girls,M_georgea_may,2
and,M_caroline_mariee,2
nebraska,M_aksumler,2
nd,M_sciam,2
set,M_steezclinton,2
set,M_ohhsheeeila,2
the,M_lostalone,4
today,M_dallasbvb,2
today,M_brunetteinbigd,2
with,M_iamlafaille,2
with,M_domoniquep,2
hope,M_elianacwg_,2
amen,M_jessykarh,2
on,M_scuzztv,2
to,M_andrewripp,2
watching,M_kimlittle,2
dream,M_gqswaggg,2
tonight,M_ekd,2
_ayersjr,M_millerlite,2
with,M_strikeupthecool,2
from,M_jfsain,2
sunday,M_scotonsunday,2
lol,M_halo_juelz,2
year,M_uncsangam,2
via,M_sachislife,2
there,M_justinbieber,2
turned,M_justinbieber,2
bill,M_onesimo,2
jan,M_chelseafc,2
snake,M_thefpshow,2
cats,M_terrencejones,2
and,M_brandonknight,2
since,M_lazofficial,2
gonzaga,M_uofsandiego,2
is,M_cox,2
the,M_nfl,4
via,M_adamschefter,2
with,M_marybwelch,2
the,M_hot,2
is,M_springsteen,2
boss,M_chelseaindo,2
ever,M_jendres,2
ever,M_taysmith_,2
tate,M_mieshatate,2
you,M_,6
via,M_vevo,2
gil,M_,2
th,M_sarbeco,2
th,M_a_festervan,2
th,M_kristenklee,2
nov,M_quozhappens,2
lmaoo,M_nvme,2
at,M_pandomonthly,2
to,M_the_millfield,2
the,M_ea,2
to,M_foofighters,2
tomorrow,M_forevertheday,2
the,M_onedirection,2
love,M_justinbieber,2
affect,M_lacollegefest,2
oii,M_premierleague,2
bud,M_familycycling,2
boonen,M_specialized,2
from,M_kendo_,2
time,M_mikejrga,2
want,M_wakaflockabsm,4
via,M_sharethis,2
iii,M_williamdcarter,2
with,M_tobybinge,2
seeing,M_nickiminaj,2
line,M_,2
state,M_,4
monterey,M_smooth,2
see,M_theactionsband,2
birthday,M__bumbarasclaat,2
getting,M_jassy_baby,2
back,M_haralabob,2
the,M_team_barrowman,2
ever,M_,2
captain,M_love,2
and,M_barbicancentre,2
brilliant,M_,2
thoughts,M_heatherlblythe,2
by,M_tom_seagul,2
its,M_alan_hinton,2
at,M_levittshell,2
matthew,M_oatmeal,2
out,M_bwwings,2
artists,M_akielbeatz,2
but,M_edshow,2
with,M_pearljam,2
plsplsplspls,M_owyposadas,2
for,M_naisy,2
to,M_drlindseyduncan,2
amazing,M_edsheeran,2
th,M_hollyparkracing,2
th,M_santaanitapark,2
awaitrt,M_realblackcoffee,2
dude,M_patrickfabila,2
bicyclefilmfestival,M_bffworld,2
fry,M_,2
via,M_golfchannel,2
oberst,M_comvb,2
oberst,M_brighteyesband,2
birthday,M_justinbieber,2
and,M_bteband,2
with,M_thskit,2
lirik,M_sierrasoetedjo,2
into,M_,2
hockenberry,M_medialab,2
move,M_sms_serpong,2
mon,M_nbcagt,2
mon,M_sternshow,2
the,M_nytimes,4
stern,M_howardstern,4
crew,M_,2
sunday,M_,6
see,M_dynamomagician,2
to,M_indianastatevb,2
thursday,M_chr,2
see,M_theiqonsband,4
lovely,M_gbarlowofficial,2
sept,M_,2
you,M_kellyripa,2
day,M_justinbieber,2
hope,M_sammy_ameobi,2
playing,M_,2
day,M_theonlyayrton,2
americaplatz,M_musikfest,2
congrats,M_lucyyhale,2
plus,M_houstontexans,2
the,M_nyjets,2
you,M_sbklive,2
isrt,M_trujohnson,2
enjoying,M_gnev,2
to,M_us,2
yay,M_kellymonaco,2
from,M_tomfelton_usa,2
and,M_tfeltonchicago,2
it,M_blueraider,2
and,M_joeskirkie,2
tonite,M_the_zoo_bar,2
owner,M_s,2
nyc,M_rasmussenpoll,2
the,M_tvguidemagazine,2
see,M_zachmtv,2
and,M_megnicolelewis,2
nd,M_jemelehill,2
mt,M_waterloord,2
by,M_nigel_farage,2
favourite,M_oprah,2
get,M_donbroco,2
crap,M_sportsaholic,2
free,M_janie_austin,2
bitch,M_backyardbetty,2
before,M_itv,2
into,M_vh,2
special,M_nodoubt,2
bgv,M_merfreistroffer,2
make,M_c_lassyy,2
election,M_truthfighter,2
art,M_carolinemanzo,2
pe,M_yahoonews,2
tomorrow,M_hellomnamesjim,2
dude,M_kbutter,2
at,M_twitter,4
and,M_gothamschools,2
sat,M_bigdaddybunce,2
fight,M_,2
nigga,M_octobersown,2
and,M_ticketsnow,2
mt,M_caltrain_news,2
me,M_lstreetz,2
about,M_mtlgazette,2
on,M_thered_show,2
channing,M_themixxradio,2
nizzle,M_susan_leperaxo,2
satisfy,M_craigfots,2
tomorrow,M_alwhit,2
idiot,M_jimirsay,2
idiot,M_jmv,2
up,M_sinbin_grill,2
tomorrow,M_ikayrob,2
after,M_missmayiband,2
and,M_lmtf,2
waaaah,M_tonigfanpage,2
it,M_realtaeyang,2
text,M_lyl_bro,2
text,M__nenejackson,2
text,M_getmoneya,2
tomorrow,M_generalhospital,2
if,M_marco_ten,2
poss,M_iflwranglers,2
the,M_nba,4
alive,M_ufc,2
league,M_jovinhomorales,2
for,M_ctv,4
hidden,M_windows,2
out,M_itsthesituation,2
crime,M_pwire,2
one,M_nellebekillinem,2
you,M_thehill,2
re,M_leighacton,2
watch,M_,2
adventure,M_misterjorgensen,2
player,M_buccigross,2
then,M_jussobrooklyn,2
like,M_kingjames,2
taking,M_giteau_rugby,2
try,M_jedthian,2
sick,M_,2
tt,M_yinkadek,2
son,M_bbcbreaking,2
see,M_greg_sherwood,2
bridge,M_tim_hecht,2
too,M_nascarnowespn,2
lionsrt,M_adamschefter,2
correction,M_baltcops,2
litair,M_idfsoldiergirl,2
litair,M_persianfarzad,2
tonight,M_stevieryan,2
qt,M_soosuh_ditty,2
first,M_theplayerschamp,2
town,M_steveyc,2
help,M_teamromney,2
xy,M_devyyyyyyyy,2
via,M_westy_,2
think,M_ddlovato,2
is,M_god,2
friday,M_randaroo_,2
homies,M_hdashkane,2
homies,M_addacapo,2
homies,M_ken,2
mnf,M_,2
lmao,M_heathernoel,2
via,M_pjmedia_com,2
adv,M_door,2
seeing,M_iam_faithreid,2
the,M_wef,2
on,M_fearnecotton,2
tank,M_custymcnoob,2
rose,M_selzky,2
rose,M_trisiska_putri,2
rose,M_inadio,2
day,M_taylor_mcneill,2
it,M_espngreeny,2
with,M_dwhy,2
party,M_,4
then,M_,2
on,M_seconcbs,2
and,M_hayleyrose,2
pm,M_waterstonesiom,2
pbr,M_mokbpresents,2
the,M_do,2
fact,M_mikehillespn,2
fact,M_mortreport,2
fact,M_edwerderespn,2
fact,M_pti,2
via,M_lastfm,2
with,M_kjc_,2
see,M_tiffanyj_curtis,2
wonder,M_treysongz,2
via,M_byt,2
via,M_jamminjava,2
via,M_jimsuperwhite,2
lamar,M_messengerlady,2
and,M_ima_pancake,2
said,M_tarheelnation,2
said,M_kbutter,2
if,M_cmpunk,2
the,M_giants,2
contract,M_profootballtalk,2
contract,M_nfl,2
contract,M_espnfantasy,2
ur,M_,2
cc,M_vowfm,2
cc,M_ewbwits,2
georgetown,M_smokinggreat,2
here,M_,4
via,M_nfl,2
if,M_taylorswift,2
with,M_thecivilwars,2
mt,M_wingoz,2
weekend,M_anzstadium,2
malanday,M_emmieismahname,2
malanday,M_annabananaftw,2
veilrt,M_fazachary,2
irt,M_abityab,2
cutouts,M_,2
on,M_stripesrecords,2
and,M_arminvanbuuren,2
busted,M_t_m_birch,2
via,M_footballfancast,2
with,M_nessa_sassy,2
with,M_nellybeee_,2
with,M_frecklejuice,2
of,M_roblowe,2
the,M_theatreeagles,2
friend,M_sethmeyers,2
up,M_benandkerryshow,2
game,M_willvanhalen,2
uk,M_chrisewan,2
channel,M_theraychul,2
saturday,M_,10
bowl,M_nfldraftscout,2
for,M_jonathancape,2
in,M_telegraphmag,2
milford,M_flighttimeradio,2
on,M_lifetimetv,2
with,M_honeylkcocaine,2
with,M_kdtrey,2
including,M_yael_averbuch,2
picking,M_cmpunk,2
indeed,M_seanpeterbudge,2
bird,M_tomcole,2
fail,M_cyclingsam,2
inspired,M_hannahstakim,2
this,M_josecanseco,2
joins,M_kylebrandt,2
the,M_jimrome,2
for,M_alznyc,2
nigeria,M_,2
nta,M_omojuwa,2
train,M_,2
promise,M_barackobama,2
union,M_,2
presentations,M_,2
thingrt,M_doctorgc,2
radio,M_,2
than,M_roblowe,2
was,M_,2
the,M_yahoonews,2
looool,M_bumight,2
the,M_theatreeages,2
friday,M_selectlounge,2
make,M_joshkoscheck,2
our,M_yeproc,2
tomorrow,M_myles_collier,2
tomorrow,M_nia_girlbow,2
is,M_rtedigital,2
the,M_okcthunder,2
traded,M_jharden,2
for,M_jgoody,2
yoooo,M_itzlavz,2
yoooo,M__beeniee,2
to,M_parkcrest,2
hear,M_bobrobertsjr,2
sun,M_,2
sun,M_vision,2
lookout,M_wawa,2
with,M_travisporter,2
homie,M_bradychant,2
on,M_myspace,2
old,M_ozingarmc,2
hey,M_caracarriveau,2
night,M_iconsgrille,2
team,M_ryanpmacd,2
team,M_getfertlized,2
team,M_grizzdalton,2
crowd,M_,4
with,M_simon_reeve,2
check,M_mrdavidhaye,2
tomorrow,M_beckybull_x,2
tomorrow,M_emmaharv,2
around,M_davidarchie,2
with,M_georgiakington,2
and,M_abbieparker,2
me,M_queenofcol,2
for,M_casualviolence,2
hand,M_ny_sexylady,2
with,M_showyousuck,2
for,M_tsn,2
commend,M_thekaufmanshow,2
miami,M_,2
with,M_thepudseybear,2
with,M_paulslim,2
and,M_jimboflynn,2
vs,M_mrdavidhaye,2
with,M_beingpiper,2
than,M_bluerodeo,2
friday,M_,4
under,M_,2
tuesday,M_jennadeerywhio,2
wit,M_flexcrewgotti,8
wit,M_da,8
fans,M_yashchoprafilm,2
thurs,M_,2
ceremonies,M_,2
at,M_rupp_arena,2
adventures,M_,2
like,M_ournameisfun,2
via,M_flashmobamerica,2
with,M_robertmarawa,2
lol,M_mindlos_khafu,2
bali,M_kapallautbali,2
surely,M_billybragg,2
see,M_kchenoweth,2
to,M_netrootsuk,2
preacher,M_jen_bennings,2
heat,M_djphife,2
tickets,M_,2
instead,M_tdsb,2
sat,M_radio,4
co,M_,2
team,M_,2
yo,M_crream,2
prospect,M_larryblustein,2
founder,M_charliehilton,4
today,M_moogb,2
lax,M_,2
follow,M_blackberryhelp,4
where,M_yenkeseijunkawa,2
at,M_southcoastplaza,2
pm,M_manchesterpride,2
the,M_ohiou,2
from,M_markazmuaadh,2
mt,M_labourbroomhill,2
for,M_tom_watson,2
nancy,M_cgendrolis,2
kelly,M_,2
th,M_,18
indy,M_k_pease,2
out,M_shoutheyband,2
rgcruz,M_lyndajumilla,2
make,M_wildwoodchicken,2
per,M_ansarkhanmlive,2
time,M_rfwppi,2
out,M_carolinakidz,2
and,M_trilla_guapo,2
besides,M_eliw,2
tomorrow,M_trythev,2
via,M_spinner,2
lolrt,M_speaknofashh,2
to,M_ntrl_racing,2
patibag,M_popsters_fsg,2
patibag,M_popsters,2
patibag,M_sarahgupdates,2
patibag,M_sarahgfans,2
bringing,M_joshwolfcomedy,2
via,M_mashable,2
to,M_,2
wednesday,M_brendoe_gallaga,2
april,M_taylorswift,2
st,M_,6
finale,M_,2
attendance,M_mets,2
catch,M_johnvoce,2
to,M_ilovetmills,2
with,M_tartanterrors,2
of,M_primus,2
at,M_fmkirbycenter,2
cc,M_willbeekman,2
to,M_therevivaltour,2
london,M_lsqtheatre,2
to,M_djyuzi,2
to,M_archuletaphils,2
house,M_markstorey,2
tix,M_,2
then,M_foolishinapril,2
then,M_blove,2
church,M_bostoncatholic,2
follow,M_general_sms,2
follow,M_ms_dhoni_,2
with,M_stephanietannz,2
the,M_cavs,2
with,M_heykevinliu,2
with,M_mapeyyy,2
with,M_argery_mae,2
with,M_better_bitch,2
with,M_sayotekid,2
tomorrow,M_stephenwulff,2
tomorrow,M_stevi_mo,2
tomorrow,M_s,2
mple_jack,M_gen__beauregard,2
mple_jack,M_,2
for,M_leedsstudent,2
mon,M_,2
so,M_onedirection,2
the,M_capitalofficial,2
seattle,M_jarvdee,2
by,M_tyga,2
saw,M_russell_packer,2
website,M_missfarahsawa,2
with,M_adrianysan,2
and,M_froda,2
tomorrow,M_podio,2
pm,M_,6
hey,M_jakeowen,2
buddies,M_flagaline,2
via,M_bozopornocircus,2
horn,M_manju,2
us,M_lancomeparis,2
the,M_westendredbacks,2
woooop,M_,2
hussle,M_joeybadass_,2
follow,M_mrdeejaywatts,2
and,M_motogp,2
mt,M_smithsonianmag,2
expo,M_cloudexpo,2
on,M_wwe,2
kisw,M_bjshea,2
kisw,M_hotkyle,2
round,M_hornseyclub,2
start,M_,2
th,M_tremontmusic,2
festival,M_,4
freebies,M_estevencollins,2
freebies,M_phillyfight,2
are,M_pafc,2
strong,M_charcyb,2
morte,M_patriciacross,2
and,M_gregstiemsma,2
on,M_tunein,2
center,M_arshtcenter,4
with,M_jasminealexis,2
saturday,M_thekingcrawlers,2
villaaaans,M_avfcofficial,2
via,M_zonalmarking,2
via,M_guardian,2
building,M_geezyallstar,2
building,M_crazyronallstar,2
getrt,M_toshamakia,2
then,M_carrieunderwood,2
and,M_hunterhayes,2
tendy,M_aaronmantle,2
shmellout,M_edmontonoilers,2
via,M_lion_heartv,2
kennedy,M_mrpeniche,2
am,M_,2
clash,M_noriordan,2
mon,M_chucktodd,2
via,M_amc_tv,2
fri,M_,2
there,M_,2
pm,M_toniliciousz_tg,2
pm,M_tonigfanpage,2
monday,M_pcbcricketpk,4
follow,M_taxslayerracing,2
race,M_cltmotorspdwy,2
soccer,M_,2
attn,M_echoeren,2
see,M_thegoodmad,2
roxy,M_curtclendenin,2
to,M_nova,2
for,M_wendytabusalla,2
for,M_noreinsgirl,2
the,M_gothamgirls,2
with,M_chrisgethard,2
and,M_mattsinger,2
the,M_mlbazfallleague,2
all,M_mlb,2
th,M_curelounge,2
the,M_kystatefair,2
in,M_getsomegaming,2
philly,M_thealumni,2
center,M_,2
sat,M_nctbury,2
sky,M_,2
with,M_racingraphael,2
see,M_onedirection,2
rainfall,M_,6
richwood,M_,2
grambling,M_,2
fred,M_montgomery,2
wk,M_newsstarsports,2
with,M_chitownk,2
rain,M_,4
quarter,M_iflwranglers,2
for,M_loovemedo_,2
by,M_djyoungcee,2
via,M_southbankcentre,4
ac,M_jillkatz,2
ac,M_tesschands,2
ac,M_wkthal,2
ac,M_alxpetro,2
ac,M_syddthekid,2
read,M_stuostro,2
center,M_marcelligosteli,2
infantryman,M_barneyronay,2
more,M_,4
league,M_portlandpirates,2
by,M_engadget,2
saw,M_annecurtissmith,2
with,M_vicegandako,2
play,M_,2
with,M_jojoc,2
pires,M_beniboi,2
started,M_edbookfest,2
the,M_edwritersconf,2
uk,M_double,2
jg,M_isandbach,2
begin,M_koking_bailey,2
and,M_dalexandereal,2
from,M_firehousebread,2
tomorrow,M_seximexi,2
tomorrow,M_jf_gnarly,2
it,M_,2
sat,M_herald_st,2
and,M_maureenpaley,2
in,M_timeoutart,2
in,M_timeoutlondon,2
selection,M_hm,2
aswell,M_carriebark,2
crowd,M_spbowley,2
to,M_nikkibeachmiami,2
craigmaplesden,M_sky,2
adm,M_ellen,2
community,M_saigonheat,2
live,M_surfcomber,2
by,M_djjasonvernau,4
your,M_perthwildcats,2
via,M_nme,2
into,M_nascarespn,2
race,M_kevinharvick,2
tomorrow,M_cpolk_,2
http,M_paradunaa,2
sat,M_shesruthless,2
by,M_eth,2
out,M_bencuzzupe,2
quarter,M_kappkvew,2
via,M_collegefashion,2
having,M_monstershockey,2
kentucky,M_rmjackson,2
fox,M_,2
on,M_sportscenter,4
deh,M_tujukutu,2
air,M_galamolabi,2
minaj,M_boity,2
ziiinggg,M_zingbot_,2
buy,M_iphoneplaza,2
bisaa,M_blitzmegaplex,2
via,M_the_stir,2
so,M_nickhexum,2
lmao,M_skinnycuh,2
sheen,M_princecbn,2
book,M_dwyanewade,2
mt,M_thehill,2
an,M_evanpdonohue,2
concert,M_mike_kavouras,2
too,M_fth_rawdawg,2
drt,M_blitzmegaplex,2
with,M_mrlovis,2
feb,M_kreayshawn,2
man,M_truthh,2
yes,M_blitzmegaplex,2
here,M_karencherine,2
via,M_wordpressdotcom,2
with,M_muslimsrcoming,2
alert,M_themtn,2
dm,M_pinkysibbs,2
for,M_gotk,2
ajayi,M_ids_broncobeat,2
for,M_,4
comme,M_adominguez,2
letter,M_jamiedupree,2
ha,M_amnewyork,2
the,M_usaeaglesrugby,2
speak,M_,2
with,M_chibivampi,2
with,M_marb_light,2
ha,M_fauxjohnmadden,2
news,M_ctvnationalnews,2
news,M_ctvcanadaam,2
july,M_mynameisaramie,2
via,M_ctvnews,2
sept,M_missjpangelina,2
hore,M_blitzmegaplex,2
classy,M_pwire,2
win,M_jasminehglove,2
on,M_thejournal_ie,2
with,M_kevinmcanally,2
and,M_jimbolosoldier,2
everton,M_lordbelgareth,2
everton,M_petemeechan,2
on,M_,8
injury,M_shrekxican,2
injury,M_the_raheel,2
wisconsin,M_davecatanese,2
held,M_pmwenzel,2
and,M_blushshop,2
am,M_hp,2
book,M_ninab,2
tonight,M_halbop,2
tonight,M_meghaneliz,2
tomorrow,M_michellemalkin,2
fans,M_bjaofficial,2
is,M_thee_lolamonroe,2
huh,M_stop,2
monday,M_espn_colin,2
august,M_xuanyi,2
weed,M_takef_light,2
with,M_wernickvt,2
prepared,M_vtrel,2
and,M_mayameme,2
that,M_rickyrozay,2
word,M_k_mapp,2
smh,M_da_underdog,2
surprise,M_espn_colin,2
frame,M_perfect_,2
off,M_,2
today,M_,2
by,M_tonykatz,2
work,M_savagebeaute,2
wit,M_shanewilmoth,2
nd,M_jamestambone,2
amen,M_leonkilledparis,2
central,M_lord_sugar,4
cowboys,M_,2
via,M_j_hussain,2
era,M_charlesmblow,4
era,M_gma,4
people,M_michellemalkin,2
guess,M_willknoxmusic,2
dear,M_namrata_joshi,2
finally,M_billy_knott,2
enough,M_ap,2
bags,M_,2
sai,M_amitkarnani,2
wow,M_adamschefter,2
planner,M_sbnuitblancheto,2
hurry,M_netflix,2
rtrtrt,M_greendaysoul,2
via,M_ap,2
lmao,M_richardkingson,2
cowboys,M_adamschefter,2
sept,M_artallnightdc,2
me,M_,2
merlin,M_,2
acccg,M_accsports,2
again,M_thedevilsden,2
again,M_accsports,2
also,M_chris_tiu,2
talk,M_out_of_the_blue,2
on,M_knbr,2
summer,M_,2
afternoon,M_melissa_bxl,2
champion,M_jonathonlittle,2
activity,M_,2
with,M_bones,2
mon,M_ballismylife,2
la,M_jalexanderfunny,2
la,M_normaroyston,2
issue,M_crystaldynamics,2
thursday,M_,6
gadkari,M_malviyamit,2
ps,M_craigsiedschlag,2
on,M_foursquare,4
turnup,M_,2
rsvpfirstclass,M_,2
attending,M_bett_show,2
catch,M_yumjungle,2
catch,M_streetfeastldn,2
mt,M_keitholbermann,2
carter,M_davidshuster,2
heat,M_insidehoops,2
on,M_live_ladbrokes,4
office,M_adrianagee,2
sunday,M_louissaha,2
reaaaady,M_donsantillan,2
sunday,M_gocreighton,2
sunday,M_bluejaylife,2
sunday,M_whitebluereview,2
sunday,M_cubluecrew,2
via,M_culturemapatx,2
hf,M_cumbedance,2
does,M_mittromney,2
writer,M_danieljmartin_,2
mind,M_am,2
on,M_kandi,2
florida,M_,2
tomorrow,M_cheonsa_jia,2
with,M_farhanmahfuz,2
the,M_itsdevinmiles,2
hit,M_martyrslive,2
the,M_mallofamerica,2
apply,M_,4
via,M_obeygiantstore,2
the,M_wellsfargogolf,2
after,M_immandaschmidt,2
with,M_king_gunter,2
down,M_ummorris,2
your,M_frank_ocean,2
score,M_chevyendzone,2
march,M_newgirlonfox,2
via,M_arjaypaulreyes,2
our,M_liveandswingin,2
and,M_johnowenjones,2
starts,M_sternshow,2
st,M_hustla_ambition,2
marshall,M_,2
joe,M_,2
malkovich,M_irishrep,2
for,M_torontoist,2
via,M_tm_insider,2
sheet,M_obeygiant,2
sheet,M_stuckuppieceof,2
party,M_masterliam,2
harris,M_danlanois,2
ed,M_dmiliband,2
it,M_kaijzer,2
wed,M_,2
right,M_profpjm,2
tomorrow,M_fefenticle,2
tomorrow,M_jackmicookiez,2
tomorrow,M_ipimpanzee,2
tomorrow,M_nammerzzzz,2
time,M_getglue,2
over,M_cheshirejets,2
by,M_cielamara,2
who,M_cbus_matt,2
march,M_demitourupdater,2
nd,M_,4
sketsa,M_,2
cc,M_thebeat,2
via,M_all_bangla_news,2
again,M_officialpandor,2
meow,M_vickandreakos,2
via,M_brainpicker,2
from,M_goodmancbs,2
messi,M_rmadridinfo,2
via,M_firstshowing,2
fw,M_janellesofcpke,2
open,M_,2
before,M_djshowtime,2
beg,M_breederscup,2
to,M_isenberg,2
stylist,M_tutus,2
with,M_maryrobinette,2
eating,M_alinea,2
tracks,M_fantomk_music,2
of,M_superelmo,2
rw,M_wireshire,2
fairey,M_obeygiant,2
friday,M_stolenspaceldn,2
contact,M_socayute,2
theatre,M_tollybandz,2
to,M_indystatefair,2
espn,M_sfgiantsfan,2
vs,M_osunnyg,2
lmao,M_daveearl,2
pad,M_lildzie,2
pad,M_mortystv,2
the,M_detroitlionsnfl,2
again,M_kugrlover,2
not,M_zmystique,2
not,M_nazrin_l,2
not,M_meryana,2
not,M_tweetthis,2
the,M_journalrecord,2
educational,M_xietadst,2
seen,M_jonasbrothers,2
um,M_,2
an,M_eminem,2
lockdown,M_summerworks,2
it,M_king_johnson,2
title,M_smith,2
guys,M_,2
follow,M_samix,2
love,M_itsthegwebb,2
hyungjunthebest,M_youtube,2
win,M_iphonefirmware,2
speaking,M_surveyormag,2
good,M_rodimusprime,2
finals,M_aachrisleonardo,2
bro,M_derrickwalton,2
on,M_dailybuzztv,2
on,M_lifeloveshop,2
and,M_daytimetvshow,2
follow,M_mrspippasykesx,4
our,M_berlingeekettes,2
qt,M_hpotterheads,2
the,M_sephora,2
proud,M__changsuns,2
proud,M_barryofarrell,2
proud,M_teachersfed,2
tho,M_anabeii,2
tho,M_ohheyal,2
tho,M_christhundah,2
saturday,M_cnn,2
material,M_firstaffection,2
in,M_sivathewanted,2
so,M_chris__smith_,2
let,M_ellezirk,2
yesterday,M_htansatlanta,2
my,M_teamgb,2
with,M_maccosmetics,2
cr,M_mamiself,2
to,M_teeaaaceex,2
aye,M_hitmanholla,2
man,M_jus_mesha,2
cosatu,M_timeslive,2
us,M_,4
day,M_htbchurch,2
with,M_mercyministries,2
tomorrow,M_sirgtw,2
tomorrow,M_reallyremster,2
scene,M_natebias,2
so,M_chuckragan,2
world,M_neiltyson,2
sunday,M_joseph_morong,2
and,M_paulryanvp,2
decca,M_thoorryy,2
with,M_swissvodoochild,2
tomorrow,M_dvdbits,2
and,M_sltcloud,2
way,M_harrymccracken,2
bieber,M_matthewberrytmr,2
taeyeon,M_,2
via,M_instyle_uk,2
you,M_maddow,2
rocked,M_,2
bro,M_rmueksch,2
birthday,M_,2
all,M_kenyakona,2
with,M_jalangomwenyewe,2
with,M_otos,2
with,M_mashamba,2
that,M_countingcrows,2
job,M_rebeccaharrisdr,2
inspiring,M_invisible,2
inn,M_derbycq,2
to,M_vaultnightclub,4
bauss,M_yung,2
my,M_johnstownhawks,2
only,M_,4
community,M_,4
franchises,M_spotlightworkpa,2
to,M_hannahroehrigg,2
mt,M_kellydumrauf,2
mt,M_meganguza,2
man,M_chuckragan,2
lolrt,M_davidwildwest,2
love,M_best_coast,2
annan,M_aminattaforna,2
annan,M_hannahpool,2
more,M_africanbkfest,2
working,M_itsarob,2
to,M_thewantedmusic,2
spence,M_exeter,2
weekened,M_bonni,2
awe,M_andyroddick,2
me,M_allisimpson,2
supports,M_bbbso,2
free,M_,2
of,M_helpusa,6
apt,M_,6
dominate,M_skydigg,2
laugh,M_allisimpson,2
world,M_fricknatalie,2
that,M_denardx,2
sahia,M_,2
the,M_bucks,2
st,M_nbasummerleague,2
the,M_hornets,2
on,M_nbatv,2
with,M_famouslyalone,2
with,M_heathergro,2
that,M_leeegabrielle,2
that,M_jimdoyle,2
beats,M_gmail,2
via,M_tuaw,2
man,M_thewantedmusic,2
with,M_hc_emmy_,2
monday,M_j,2
thaad,M_dcatoe,2
mt,M_dandundas,2
away,M_dean,2
it,M_beyoutiful_mv,2
is,M_,2
sauerkraut,M_,2
birthday,M_loveee_lexie,2
with,M_haidam,2
recognition,M_dcunited,2
walker,M_trucker_ty_,2
for,M_ericfishertwc,2
stronger,M_buffalobills,2
missed,M_shawnmichaels,2
omg,M_haanann,2
if,M_richardm,2
best,M_lalauras,2
best,M_makailastatham,2
was,M_teenheartthrobs,2
if,M_shaggyspoutine,2
broke,M_paul_ragland,2
receive,M_aaahc_quality,2
to,M_cmusoftball,2
coachella,M_,2
vips,M_soompi_bigbang,2
buddy,M_dwill_wku,2
of,M_sweeneytodduk,2
to,M_chewb,2
for,M_statebaseball,2
the,M_kaseykahne,2
year,M_yungralphworld,2
bill,M_,2
for,M_nbcfashionstar,2
to,M_alexiaeyy,2
of,M_mikebellafiore,2
the,M_griersonleitch,2
from,M_villagebrewery,2
ever,M_kellanlutz,2
duelo,M_francowestcoast,2
marina,M_,2
tomorrow,M_bleedgreen,2
tomorrow,M_jpetroffii,2
tomorrow,M_massey_,2
tomorrow,M_clauded,2
the,M_wildcatdolls,2
with,M_laydeemarz,2
to,M_gregy,2
buddy,M_djpaulyd,2
with,M__whosthatjess,2
meet,M_themembox,2
brother,M_polesel,2
of,M_beastieboys,2
in,M_rwaus,2
info,M_kayafestival,2
with,M_julianathelady,2
with,M_paddypower,4
triangle,M_thedevilwolf,2
floods,M_kinagrannis,2
hbk,M_shawnmichaels,2
the,M_randsrecords,2
the,M_boilerroomtv,2
fantasy,M_tiraquon,2
fantasy,M_pariahbeats,2
how,M_flavaradio,2
how,M_nzbreakers,2
concert,M_theroxy,2
for,M_a_g_h,2
with,M_crissy_khun,2
with,M_veechow,2
thanhnii,M_,2
and,M_grabmywerner,2
back,M_valentinifrank,2
back,M_carlivatiron,2
and,M__killtom,2
tuesday,M_,2
birthday,M_theboyswifties,2
on,M_adafruit,2
from,M_rte_co,2
up,M_,2
tomorrow,M_mscutiepie,2
back,M_alliebrown,2
back,M_redheadswaggin,2
with,M_rouge_mort,2
mwah,M_heffrondrive,2
ty,M_glowworm,2
house,M_,2
luck,M_flashesbaseball,2
clique,M_mizz_kaytee,2
clique,M_solphenduka,2
clique,M_flavabreakfast,2
clique,M_djsabby,2
proud,M_ironlioncit,2
proud,M_markus_taljaard,2
proud,M_michielopperman,2
tonight,M_mmadnesstiff,2
cast,M_,2
hope,M_gazgshore,2
follow,M_iamnicole_,2
friday,M_wtju,2
like,M_edstetzer,2
and,M_badchoreo,2
think,M_ariennaminx,2
the,M_ksiolajidebt,2
th,M_thefaversham,2
the,M_kbmteam,2
the,M_monsterenergy,2
seeing,M_llcoolj,2
watch,M_kevinmitchell,2
one,M_mrchrisrene,2
tshirts,M_theroxy,2
vogel,M_nytimes,2
event,M_,2
vedette,M_,2
thanks,M_leemazin,2
wgc,M_nadiamarychurch,2
with,M_catdowlingmusic,2
with,M_thevrkills,2
th,M_rapsunited,2
choc,M_ollyofficial,2
support,M_lilsquab,2
birthday,M_miryoakajohoney,2
that,M_richeisen,2
tweeting,M_,2
followers,M_proverbs,2
and,M_earthdefendah,2
soon,M_mikesuskie,2
guys,M_natalielynn,2
mt,M_lccsy,10
streaking,M_,2
it,M_zoe_estabrook,2
it,M_tbovea,2
it,M_hrometz,2
and,M_disneyhyperion,2
to,M_gethenian,2
upset,M_mydesert,2
sick,M_invisible,2
speaks,M_,4
of,M_liltunechi,2
injury,M_bananannieee,2
sad,M_thescienceguy,2
sirius,M_frostedlaurel,2
for,M_elsarcasmmm,2
zzy,M_fresh_prince,2
everybody,M_,2
did,M_senfeinstein,2
place,M_funkmasterflex,2
do,M_annakatedb,2
do,M_marthaveldkamp,2
do,M_alicia_davids,2
do,M_devonanne,2
told,M_clbrooks_,2
nigga,M_finally_rich,2
that,M_kaseykahne,2
then,M_kakaty,2
sunday,M_wgrz,2
see,M_rosstheboss,2
and,M_kstew,2
several,M_b,2
for,M_prospecthospice,2
with,M_jasongraymusic,2
with,M_kyletmanmusic,2
at,M_itickets,2
personal,M_danninolan,2
astrophysicist,M_neiltyson,2
via,M_phillywx,2
at,M_,6
silently,M_appletweets,2
silently,M_applenws,2
silently,M_appstore,2
mt,M_imthesportsdude,2
at,M_brookingsinst,2
mt,M_watchj,2
dear,M_wickednemesis,2
me,M_awsumlala,2
and,M_divinehon,2
even,M_,2
on,M_channelten,2
date,M_paigeshuffler,2
by,M_iamjahi,2
with,M__jcpels,2
with,M_,2
st,M_thoefthecreator,2
on,M_foxsportsaz,2
nstatsguy,M_biznasty,2
wiyh,M_ajelkallejero,2
the,M_guardian,2
says,M_apartmentlist,2
sis,M_tiiaahhx,2
tequi,M_,2
with,M_rileyxxxjensen,2
with,M_misscelestestar,2
occasion,M_mabine_seabe,2
tee,M_,2
lupin,M_rjmoony,2
vma,M_katyperry,2
via,M_nbcdfwweather,2
via,M_fashionista_com,2
for,M_dosports,2
een,M_youtube,2
former,M_un,2
tweet,M_jessicamerizan,2
pm,M_bokrugby,2
via,M_overthowed,2
msnbc,M_maddow,2
is,M_ghincapie,2
been,M_gnewsmelissa,2
and,M_tonetoneinherre,2
news,M_,2
interview,M_brookingsfp,2
input,M_encanews,2
work,M_itsaserverslife,2
see,M_francoishougi,2
want,M_sambolitho,2
credit,M_fmdrkmc,2
for,M_kenyakona,2
link,M_jalangomwenyewe,2
saturday,M_yaris_sanchez,2
and,M_sunniandthecity,2
from,M_waterlution,2
mt,M_caplannfl,2
bash,M_,4
on,M_rootsports_nw,2
bennett,M_bennogk,2
to,M_danny,2
with,M_ellawaechter,2
russell,M_invisible,2
on,M_oprah,2
the,M_pgallamerican,2
legendary,M_mazjobrani,2
chaucer,M_starnewsvarsity,2
chaucer,M_wectsports,2
chaucer,M_wway,2
battalion,M_stcolumbia,2
end,M_playbill,2
hear,M_callmehype,2
florida,M_coach_heath,2
via,M_your_screen_name,2
official,M_cainmma,2
vs,M_junior_cigano,2
with,M_cvillenews_desk,4
and,M_wtju,2
times,M_japanfoundation,2
tohoku,M_thamesfestival,2
th,M_joedalton,2
owen,M_,2
cracker,M_qldcricket,2
war,M_,2
follow,M_clarknova,2
starts,M_,2
nd,M_scoresinkansas,2
with,M_hardyz_g,2
so,M_bubbleselise,2
the,M_kare,2
tomorrow,M_vzwsupport,2
eljabl,M_syriatweeten,2
september,M_ashbenson,2
at,M_vertigoclubkl,2
th,M_mysteryjets,2
at,M_stageclubkl,2
dm,M_mrchrisrene,2
november,M_japansociety,2
sport,M_galoppsport,4
and,M_supcuts,2
stone,M_miggyaugusto,2
tomorrow,M_fabulous_miami,2
on,M_nabeelrajab,2
whoa,M_mariska,2
whoa,M_therealttunie,2
shot,M_peterjamesuk,2
everyone,M_kinagrannis,2
everyone,M_kinagrannisph,2
everyone,M_davidchoiph,2
everyone,M_ajrafaelph,2
upp,M_dj_goldie,2
about,M_nathanclev,2
afterparty,M_liquids,2
with,M_power,2
shrews,M_,2
forgetrt,M_yunglysol,2
new,M_bassfaceyeg,2
hotel,M_rickyrozay,2
with,M_drseandaner,2
go,M_calvin,2
fr,M_neyo,2
some,M_rickyrozay,2
to,M_castlepalooza,2
per,M_capitalweather,2
siddiq,M_,4
coach,M_timthrock,2
on,M_wabi_tv,2
senator,M_,2
with,M_jonandary,2
via,M_markudall,2
studio,M_iamhypenation,2
floor,M_,2
with,M_kyliejenner,2
with,M_charlie_mills,2
as,M_gerihalliwell,2
show,M_bccare,2
movies,M_,2
sets,M_whiebs,2
see,M_msterrymcmillan,2
see,M_,2
get,M_kaiology,2
workshop,M_,2
to,M_giginow,2
out,M_,2
with,M_wtju,4
and,M_cvillenews_desk,4
lvms,M_kylebusch,2
lvms,M_samantha_busch,2
solutions,M_,4
genera,M_,2
defeat,M_scgauchos,2
vs,M_lbccvikings,2
drive,M_deepdancenyc,2
the,M_mia_klose,2
hey,M_oliviachiarelli,2
with,M_vogueitalia,2
thursday,M_pacegallery,2
from,M_rcw_md,2
from,M_cobthfc,2
band,M_groovy,2
on,M_espnu,2
pm,M_uofsandiego,2
pm,M_usdtoreros,2
opening,M_pacegallery,2
thought,M_kellymonaco,2
of,M_ridingthepine,2
tonight,M_fbhw,2
with,M_cherrybelleindo,2
with,M_wyattish,2
tournament,M_kingofeights_,2
with,M_deejaycasper,2
with,M_miatakeover,2
mar,M_eloisepretorius,2
mar,M_staal_burger,2
at,M_raiseit,2
senator,M_senjohnmccain,2
senior,M_haysteed,2
junior,M_jenhamson,2
did,M_garylineker,2
occasionally,M_kp,2
occasionally,M_xiii_rlz,2
with,M_probablymolly,2
on,M_wtju,2
with,M_shortychorizo,2
at,M_oaklandscollege,2
via,M_y,2
november,M_,2
ever_,M_beach_rusher,2
parade,M_celticfestvan,2
candidate,M_murphyslaw,2
cup,M_,2
met,M_melissailorkidd,2
fans,M_jameslepp,2
