now,H_getafterit,2
watching,H_rhom,2
place,H_matamagic,2
jordan,H_pennycan,2
nov,H_newglee,2
show,H_itvfashion,2
is,H_untouchable,2
saeed,H_nowplaying,2
day,H_getexcited,2
it,H_mjtunes,2
out,H_red,2
acm,H_,2
forget,H_biggestdayoftheyear,2
tuesday,H_highhopes,2
sports,H_fb,2
wednesday,H_hilarious,2
and,H_,4
spurs,H_spurs,2
spurs,H_nba,2
tomorrow,H_cantwait,4
funny,H_firedooley,2
shaun,H_winitforshaun,2
vegas,H_rfa,2
the,H_tmhtour,6
sunday,H_nfl,4
wwe,H_raw,2
bad,H_,2
night,H_knicksnation,2
denzel,H_flight,2
company,H_,6
hahahahahaha,H_rewatchingaofinal,2
sports,H_closer,2
sports,H_killerinstinct,2
sports,H_splapa,2
superbowl,H_steelers,2
the,H_,12
films,H_sunday,2
with,H_winning,2
sunday,H_missyou,2
around,H_illegaleagles,2
wu,H_nyfw,2
and,H_getoutthevote,2
in,H_shanghai,2
class,H_nevermindpires,2
to,H_egypt,6
sd,H_cantcontainexcitement,2
irieapril,H_mrandmrscheek,2
monday,H_struggles,2
the,H_freakshow,2
sunday,H_vamos,2
diggy,H_imagine,2
anti,H_fracking,2
head,H_andthenew,2
new,H_sexy,2
sound,H_np,2
tomorrow,H_pleaseohplease,2
him,H_rays,2
at,H_excitingtimes,2
juice,H_nolife,2
favorite,H_wuwbb,2
spring,H_stressful,2
night,H_godeacs,2
saturday,H_positivetroll,2
keef,H_ohhyeahh,2
hangout,H_romneyrally,2
know,H_lynndebate,2
woot,H_loveher,2
sunday,H_czechrep,2
hill,H_cantwait,2
thursday,H_jt,2
trend,H_biebsmeetbieberwhirls,2
egypt,H_,4
saturday,H_obama,4
saturday,H_duval,2
friday,H_imwearingblue,2
friday,H_istillloveeastview,2
face,H_truelove,2
face,H_exists,2
done,H_toofunny,2
huhuhuhu,H_fuckingawesome,2
huhuhuhu,H_btwftr,2
spectacles,H_bestleagueintheworld,2
january,H_poundinggrape,2
january,H_pennycan,2
match,H_sfgchamps,2
match,H_p,2
hot,H_streakin,2
tomorrow,H_keepitrollin,2
support,H_recapo,2
at,H_silentnight,2
oh,H_romneyryan,2
saturday,H_esherrugby,2
saturday,H_refereeing,2
saturday,H_excited,2
time,H_true_story,2
upright,H_amazing,2
white,H_mountainsandsea,2
in,H_turkey,2
boy,H_classic,2
at,H_mufc,2
saturday,H_cantwait,2
happy,H_accents,2
happy,H_cuties,2
juice,H_hilarious,2
colorado,H_fuckyes,2
miranda,H_lovethem,2
miranda,H_obsessed,2
candy,H_halloween,2
history,H_ignorance,2
and,H_nfl,4
and,H_nyg,2
and,H_giants,2
birdhouse,H_a,2
at,H_ufcengland,2
states,H_warkingsbu,2
states,H_asu,2
leftover,H_halloween,2
tomorrow,H_letmeloveyou,2
rumble,H_wwe,2
ready,H_lovestory,2
ready,H_noah,2
ali,H_tears,2
true,H_fingerscrossed,2
the,H_niners,2
the,H_giants,2
villa,H_stfc,2
lewis,H_thegreatest,2
semester,H_excited,2
on,H_milkchocolateday,2
taiwan,H_ironman,2
sunday,H_goodmood,2
your,H_halloween,2
nfl,H_getsome,2
nfl,H_dabears,2
original,H_gasp,2
ball,H_mufc,2
at,H_ciscos,2
pm,H_mizsec,2
dinner,H_romney,2
it,H_obamafailed,2
soon,H_celebratetherightholiday,2
was,H_,2
to,H_,8
potential,H_,2
free,H_fb,2
to,H_florida,2
the,H_tyrf,2
the,H_strikeforce,2
goes,H_mittromney,2
goes,H_tcot,2
goes,H_txcot,2
goes,H_dallasgop,2
tomorrow,H_soundsexciting,2
tomorrow,H_classic,2
see,H_shedseven,2
iii,H_meta,2
iii,H_classy,2
touchdown,H_miami,2
leads,H_vtech,2
detroits,H_,2
basketball,H_kubball,2
there,H_tweet_yah_later,4
under,H_sexysoulsinterestingpics,2
week,H_loveit,2
with,H_lovely,2
at,H_flibs,2
just,H_watched,2
hit,H_thehawk,2
football,H_mufc,2
dance,H_ayyyyye,2
monday,H_dudeimstoked,2
happen,H_makeredknapparover,2
see,H_nyfw,2
november,H_cebufinest,2
tomorrow,H_beready,2
care,H_tgif,2
waitin,H_olivia,2
countdown,H_countdowntokickoff,2
ilmi,H_ramdev,2
this,H_knickstape,2
this,H_gonewyork,2
tomorrow,H_zzzz,2
wednesday,H_np,2
sixteen,H_sweetsixteen,2
for,H_bayern,2
weekend,H_sayno,2
tomorrow,H_lebron,2
tomorrow,H_wade,2
november,H_rihannanavy,2
game,H_ca,2
kids,H_dreamy,2
tomorrow,H_fallball,2
amazing,H_faith,2
fran,H_americascup,2
pm,H_fundingdrive,2
if,H_reggie,2
baseball,H_,2
baseball,H_kid,2
baseball,H_lgm,2
years,H_mtsustepshow,2
at,H_bgsu,2
better,H_excited,2
bodi,H_salute,2
album,H_cool,2
done,H_altitude,2
done,H_paceit,2
me,H_boxoffice,2
great,H_tetra,2
danger,H_estatesales,2
pandas,H_bustamove,2
friday,H_teamheat,2
right,H_happybirthdaydj,2
world,H_girltime,2
world,H_realtalk,2
trending,H_ggv,2
trending,H_vicepogi,2
crazy,H_sarahglive,2
mean,H_lean,2
mean,H_vegvegveg,2
grade,H_nerd,2
grade,H_fact,2
my,H_heat,2
on,H_cmaawards,2
night,H_bulldogbash,2
night,H_hailstate,2
sen,H_johnny,2
right,H_harvey,2
though,H_fuckyouviagogo,2
win,H_cimbclassic,2
night,H_welcomemaya,2
haha,H_insidejoke,2
haha,H_sleep,2
haha,H_goodnight,2
gumby,H_releasethegumby,2
again,H_dotp,2
november,H_soundsgood,2
sunday,H_missit,2
me,H_dopeness,2
yes,H_muchneeded,2
lol,H_npu,2
is,H_excusememr,2
the,H_nyulclassic,2
intriguing,H_smwldn,2
on,H_ndtv,2
jayalalithaa,H_tn,2
players,H_pnefc,2
sunday,H_ahhhhhh,2
forever,H_nokidding,2
forever,H_blownaway,2
tomorrow,H_fatties,2
to,H_ultimatfighterfridays,2
lol,H_shedontknow,2
on,H_point,2
this,H_redvelvetcupcakebreakfast,2
day,H_monday,2
legal,H_cantwait,2
tomorrow,H_smwfilmcamp,2
avatars,H_lovemeeeeeeeee,2
xd,H_nanditoako,2
one,H_ckrcomp,2
event,H_,2
happy,H_cincodemayo,2
jlin,H_nbarank,2
griffith,H_straya,2
tomorrow,H_cutiepies,2
archie,H_loner,2
at,H_royalrumble,2
to,H_forevermore,2
listening,H_bliss,2
intifada,H_khaderexists,2
tomorrow,H_collegevisit,2
of,H_technogymvillage,2
him,H_nuffsaid,2
him,H_comeback,2
him,H_love,2
mother,H_rns,2
excited,H_smwvan,2
cool,H_cdnpoli,2
tomorrow,H_hype,2
mall,H_yay,2
mall,H_shoptilwedrop,2
luckily,H_celticnation,2
cif,H_golions,2
say,H_party,2
th,H_gaza,2
laugh,H_memories,2
nba,H_fact,2
it,H_bestgiftx,2
off,H_lfc,2
friday,H_fun,2
going,H_cfr,2
cake,H_snogood,2
fyi,H_justkidding,2
fyi,H_excitedthough,2
fan,H_worldseries,2
th,H_omg,2
saturday,H_myluck,2
th,H_specialnight,2
the,H_cmaawards,2
wow,H_stayingthefuckawayfromtumblrsj,2
friday,H_makeithappen,2
plays,H_joking,2
hahaha,H_annabelleenglish,2
rd,H_rackcitybitch,2
january,H_achiversparadise,2
january,H_onthereal,2
rally,H_hopeful,2
complaining,H_easyontheears,2
complaining,H_nicesurprise,2
my,H_wordlesswednesday,2
is,H_mickymouse,2
saturday,H_someguy,2
the,H_pbbunlimited,6
the,H_pplhdtv,6
have,H_jbmeetdanica,2
mobile,H_placebogig,2
via,H_dgitjustbecause,2
live,H_empirenola,2
success,H_gcard,2
success,H_c,2
way,H_mizzouspirit,2
us,H_fightingtalk,2
you,H_whataseason,2
bellarmine,H_bruinfam,2
bellarmine,H_studentsection,2
bellarmine,H_loudandproud,2
work,H_chiefs,2
in,H_md,2
hey,H_gh,2
of,H_dwts,4
chardon,H_timetowin,2
chardon,H_herewego,2
tomorrow,H_comeseeme,2
pay,H_tebaklagu,2
pay,H_duet,2
pay,H_barat,2
place,H_slamdunkchampion,2
place,H_sctopten,2
by,H_saab,6
for,H_sbucheerleaders,2
yesterday,H_maxcc,2
hurdles,H_fingerscrossed,2
best,H_adn,2
rule,H_du,2
rule,H_duhast,2
rule,H_duhastmich,2
ang,H_tanduayrockfest,2
group,H_winningmentality,2
group,H_coybig,2
to,H_hardsummer,2
aug,H_losangeles,2
night,H_thunderup,2
them,H_missyallboyz,2
them,H_itscold,2
sweet,H_hehasfourbrot,2
crowd,H_mmm,2
crowd,H_socomx,2
danica,H_hernewfavoritemovie,2
luck,H_runforrestrun,2
sat,H_justkidding,2
sat,H_iwish,2
th,H_stoked,2
grade,H_goodtimes,2
there,H_help,2
th,H_rightwingparanoia,2
leave,H_wegrind,2
june,H_watchthethrone,2
racing,H_nascar,2
racing,H_fb,2
on,H_gh,2
world,H_legend,2
day,H_bsulife,2
position,H_bnbagus,2
watch,H_gh,2
flyyyy,H_nowaynicki,2
flyyyy,H_congrats,2
much,H_proudsoldier,2
first,H_ramenwins,2
of,H_ade,2
clever,H_ronpaul,2
north,H_playoffs,2
best,H_bbm,2
regionals,H_ttums,2
another,H_chelsea,2
vs,H_manchesterunited,2
rockin,H_proudtobeatiger,2
devine,H_yorkshirehour,2
you,H_thatisall,2
the,H_students,2
monthsary,H_loverss,2
happy,H_monday,2
for,H_china,2
the,H_mmg,2
in,H_or,2
in,H_ne,2
in,H_peace,2
out,H_excited,2
us,H_sukipt,2
the,H_dunfermlinewolves,2
do,H_itsyourtime,2
tomorrow,H_nashville,2
win,H_tigers,2
th,H_trancefamily,2
seeing,H_loveyou,2
today,H_player,2
today,H_cheersforthenetboys,2
again,H_beavercentral,2
again,H_pride,2
read,H_ld,4
wednesday,H_tgiw,2
row,H_tvtime,2
tomorrow,H_suffolk,2
tomorrow,H_bringiton,2
is,H_,2
repeats,H_littlepariskitchen,2
repeats,H_lyon,2
in,H_comedyawards,2
yes,H_hopefultweet,2
work,H_spoiledgf,2
work,H_lovemesomeog,2
work,H_sosweet,2
watch,H_itscomplicated,2
at,H_nccdc,2
her,H_blackhistorymoment,2
wait,H_siuenation,2
so,H_cabinfever,2
at,H_rosamexicano,2
sexiest,H_thv,2
woohoo,H_thealienlife,2
the,H_lakings,2
on,H_nhl,2
january,H_isthatpossible,2
why,H_youcount,2
st,H_tvc,2
brightest,H_bpo,2
ph,H_convergys,2
year,H_melbcupcarnival,2
fashion,H_vnzma,2
fashion,H_vnzmas,2
interesting,H_thrillingclimax,2
goal,H_greathattickfromrobbie,2
me,H_whoopwhoop,2
spanish,H_riogrind,2
saturday,H_packattack,2
up,H_ayyyeee,2
tournament,H_ipittythefoolthatcantkickitoldschool,2
daughter,H_hellyeah,2
game,H_nbafinals,2
is,H_gameday,2
season,H_letsgetthatwin,2
at,H_believetour,2
game,H_goodnight,2
tomorrow,H_jfk,2
lol,H_gottafindanewjob,2
game,H_proudparents,2
at,H_innovationgeneration,2
woo,H_days,2
woo,H_gh,2
the,H_sporno,2
all,H_muslims,2
pm,H_excitedmuch,2
pm,H_biggelontv,2
on,H_sarahglive,2
up,H_punk,2
up,H_yardofcocktail,2
up,H_liquid,2
out,H_amazing,2
out,H_jbmeetdanica,2
get,H_btronpcas,2
it,H_tomiroseteam,2
the,H_divasofrock,2
mary,H_fashion,2
wow,H_wasntexpectingthat,2
gaga,H_hustlehard,2
editing,H_filmmaking,2
juice,H_cantmissthat,2
mornings,H_throwback,2
mornings,H_iamhappyagain,2
biscuits,H_rwc,2
august,H_yeswecan,2
gentlemen,H_duli,2
shore,H_best,2
truly,H_biwinning,2
tonight,H_blessed,2
tonight,H_freshtodeath,2
black,H_lazynight,2
dagg,H_rwc,2
me,H_launch,2
at,H_sckcs,2
few,H_plusinvites,2
the,H_gtchat,2
on,H_entourage,2
wait,H_samcro,2
hehe,H_inspiration,2
yeahhhh,H_soa,2
bad,H_shouldbegood,2
man,H_spidersense,2
season,H_stoked,2
tonight,H_yesssss,2
think,H_jerseyshore,2
tonight,H_teamjorchel,6
tonight,H_bb,6
tonight,H_cbsbigbrother,6
life,H_nickiminaj,2
the,H_rwc,2
tonga,H_loveabitofbiff,2
afternoon,H_blackthornendmyrealhome,2
more,H_afc,2
imran,H_veryfunnyfilm,2
to,H_fight,2
obama,H_nobama,2
lt,H_ishappy,2
one,H_n,2
one,H_yesreally,2
one,H_teambringit,2
perfection,H_check,2
nw,H_goducks,2
the,H_mercury,2
act,H_ctv,2
act,H_l,2
again,H_raw,2
memories,H_michaeljackson,2
evening,H_ltotheltotheoyd,2
evening,H_fb,2
time,H_lloyd,2
lottery,H_,2
tomorrow,H_livingthegoodlife,2
for,H_clubfitness,4
too,H_nowplaying,2
kiss,H_sigh,2
era,H_thatsthekindofdayitsbeen,2
lol,H_teamfollowback,2
morning,H_pizzasweats,2
morning,H_dominos,2
tv,H_chargers,2
blanche,H_video,2
blanche,H_art,2
blanche,H_love,2
today,H_patriots,2
more,H_bradyrules,2
night,H_dexter,2
mexico,H_myworldtour,2
line,H_believe,2
champion,H_packers,2
to,H_dexter,2
stream,H_indieweekend,2
ten,H_realbackyardfifa,2
enjoy,H_juice,2
and,H_teamunited,2
everything,H_thatincludesbeingbetterchristians,2
tonight,H_glorymu,2
of,H_dexter,16
the,H_rodomontade,2
lovely,H_raggedtalk,2
drillhall,H_skiing,2
drillhall,H_newnickname,2
today,H_goeagles,4
too,H_goodtimes,2
seeing,H_thehelp,2
out,H_hothouse,2
today,H_missyoubabe,2
jeezus,H_legends,2
vodka,H_wild,2
else,H_dexter,2
please,H_nsn,2
damn,H_skolvikings,2
tomorrow,H_oldhabitspawwl,2
watching,H_dexter,4
season,H_wareagle,2
for,H_radiosurgery,2
day,H_fb,2
florida,H_lookingfoward,2
vacay,H_longoverdue,2
tomorrow,H_lejog,2
art,H_legend,2
art,H_,2
excited,H_packers,2
com,H_irish,2
much,H_nsn,4
friday,H_impact,2
there,H_gooners,2
there,H_goonerpower,2
in,H_paris,2
today,H_hadto,2
morning,H_mdb,2
is,H_goodanswer,4
at,H_,6
myself,H_funny,2
to,H_nyc,2
day,H_jamaica,2
camp,H_grind,2
amazing,H_beerandtacos,2
now,H_lovethisplace,2
now,H_backwoodslivin,2
am,H_b,2
wisconsin,H_tcot,2
wisconsin,H_teaparty,2
wisconsin,H_wiunion,4
wisconsin,H_wirecall,2
wisconsin,H_gop,2
wisconsin,H_tpx,2
em,H_geekgirl,2
yesterday,H_notreally,2
yesterday,H_getfucked,2
yesterday,H_gaa,2
today,H_blessed,2
boiii,H_entourage,2
side,H_dexter,2
matches,H_fun,2
nebraska,H_wx,2
nebraska,H_aurora,2
now,H_night,2
got,H_,4
nebraska,H_pilove,2
her,H_svu,2
perfect,H_wiunion,4
perfect,H_wirec,2
friday,H_areyoufreakingkiddingme,2
spurs,H_comeonyoublues,2
the,H_emmys,4
dueeetttttt,H_blackbirdgang,2
today,H_fight,2
today,H_alzheimers,2
at,H_ffchurch,2
greetings,H_worldwide,2
at,H_getpumped,2
the,H_emmy,2
spain,H_tourfcb,2
weeks,H_legend,2
on,H_syfy,2
tomorrow,H_footballseason,2
today,H_whatabadass,2
season,H_millwall,2
of,H_pakistan,2
footy,H_goeagles,2
footy,H_afleaglestigers,2
it,H_orangecrush,2
bestfriends,H_winning,2
discuss,H_dexter,2
lol,H_sunday,2
hahahah,H_familyguy,2
too,H_gojetsgo,2
tomorrow,H_thishasgottabeagoodlife,2
great,H_wareagle,2
turned,H_loveyaforevernalways,2
hahaha,H_woowoowoo,2
team,H_mitt,2
music,H_gang,2
watch,H_advengers,2
friends,H_gladidonthaveparents,2
going,H_tcot,2
going,H_gop,2
going,H_teaparty,2
reveals,H_,2
in,H_orlrank,2
th,H_cfc,2
supplies,H_celebrate,2
supplies,H_catholic,2
you,H_ps,2
and,H_bbn,2
the,H_eyclassics,2
play,H_truevolfan,4
play,H_gobigorange,4
affair,H_affaireapollonia,2
one,H_loadofbollocks,2
one,H_gsu,2
one,H_jsu,2
one,H_ull,2
one,H_ulm,2
one,H_tech,2
tomorrow,H_havefun,2
rucks,H_rugby,2
year,H_gozags,2
gah,H_noexam,2
tomorrow,H_challengeaccepted,2
at,H_mtnfest,2
celebrate,H_pulaskiday,2
tuesday,H_nufc,2
tuesday,H_mfc,2
uk,H_hisalmightybruceness,2
ridiculous,H_needstostop,2
ridiculous,H_butilovethemsomuch,2
ridiculous,H_itssoearly,2
ridiculous,H_eyeswithpride,2
ridiculous,H_maybenextyear,2
warriors,H_suns,2
made,H_okami,2
made,H_clover,2
started,H_avfc,2
started,H_utv,2
cars,H_nascar,2
best,H_cfc,2
best,H_halamadrid,2
night,H_lehgo,2
at,H_infinity,2
for,H_hustlehardwednesdays,2
seen,H_nascar,2
seen,H_nscs,2
stars,H_sonotintech,2
tuesday,H_utb,2
by,H_evalesco,4
division,H_gsw,2
division,H_nba,2
division,H_lakers,2
division,H_clippers,2
division,H_suns,2
division,H_kings,2
tho,H_canada,2
great,H_merica,2
tonight,H_coys,2
november,H_yaknowyawanna,2
appointment,H_botox,2
appointment,H_juvederm,2
appointment,H_madison,2
on,H_soundcloud,6
giveaway,H_listenup,2
friday,H_mushroomfm,2
limit,H_hh,2
day,H_bhafc,2
day,H_misstheamex,2
fca,H_dontmissit,2
fca,H_freepizza,2
has,H_princetontec,2
okinawa,H_miss,2
say,H_happybirthdaymykidrauhl,2
sape,H_aliens,2
tv,H_thekandifactory,2
tv,H_viggle,2
boonen,H_procycling,2
ying,H_ff,2
him,H_wwfc,4
monroe,H_teamlcf,2
affect,H_gsu,2
affect,H_jsu,2
affect,H_ull,2
affect,H_ulm,2
affect,H_latech,2
affect,H_letzgetit,2
for,H_cfc,2
vs,H_mufc,2
him,H_gfyh,2
him,H_thaoshow,2
friday,H_flosc,2
yesterday,H_tourofcalifornia,2
lol,H_soserious,2
win,H_midland,2
win,H_hockey,2
win,H_fig,2
be,H_,2
fam,H_yumyum,2
at,H_openchampionship,2
day,H_greatkickoff,2
day,H_goodnight,2
mcquarrie,H_starwars,2
mcquarrie,H_may,2
glorious,H_goodwood,2
glorious,H_horseracing,2
at,H_bna,2
the,H_ffc,2
though,H_cycling,2
with,H_poppinbottles,2
ever,H_gamingitup,2
to,H_p,2
game,H_excited,2
pm,H_chicago,2
pm,H_wmfchicago,2
surrey,H_christmas,2
soccer,H_proudmom,2
again,H_howlyes,2
again,H_gostate,2
at,H_delmar,2
them,H_massive,2
readyy,H_dmvsofficialhost,2
it,H_totalylmove,2
it,H_ythelnot,2
it,H_best,2
istep,H_lolwtf,2
ever,H_excitedmuch,2
friday,H_downn,2
from,H_shariq,2
captain,H_love,2
irony,H_stoproguetipsters,2
in,H_savage,2
for,H_homecoming,2
right,H_ogoplay,2
too,H_premierpunditry,2
britian,H_interestingfactoftheday,2
britian,H_interestinggilfriend,2
vanessa,H_tequiero,2
said,H_stateofloveandtrust,2
said,H_edshow,2
room,H_homeworkcanwait,2
like,H_loverboy,2
cause,H_legalizeweed,2
it,H_swfc,2
it,H_operationptl,2
in,H_orangecounty,2
monroe,H_bestlunche,2
pm,H_iparty,6
answer,H_parisnice,2
best,H_cufidc,2
playing,H_mitd,2
food,H_rt,2
night,H_littlethingsvideocountdown,2
line,H_letsgox,2
at,H_belmont,2
em,H_yhoo,2
along,H_fb,2
the,H_album,2
backyard,H_alwaysinourshadow,2
saturday,H_aff,2
guys,H_yfcpublishingisulong,2
at,H_newmarket,2
the,H_julyfestival,2
the,H_racing,2
saturday,H_pufc,2
saturday,H_utp,2
genius,H_hhgttg,2
written,H_fact,2
night,H_yl,2
ever,H_determined,2
camp,H_whoops,2
camp,H_overachiever,2
camp,H_dontmindme,2
giving,H_ulol,2
instead,H_soundsgoodtome,2
on,H_bbcqt,2
march,H_gc,2
march,H_v,2
fav,H_genius,2
nervous,H_ncstate,2
faithful,H_emaw,2
field,H_,2
field,H_beast,2
field,H_damnright,2
rohypnol,H_ladieshereicome,2
explode,H_shakeandbakejays,2
explode,H_bootstoasses,2
hockenberry,H_medialabio,2
wsh,H_hihaterz,2
us,H_whywouldyounot,2
via,H_instagram,2
planet,H_weeeeeee,2
grimmie,H_takemeback,2
tonight,H_rolltimber,2
out,H_jointhetribe,2
out,H_mysoulisnative,2
boys,H_ifoundyou,2
win,H_nufc,4
win,H_uel,2
now,H_nufc,2
drinking,H_profgetcrunk,2
the,H_blackout,2
to,H_hitchhikersguide,2
tomorrow,H_nevergetsold,2
day,H_mata,2
day,H_lukaku,2
at,H_societyawards,2
them,H_bestteaminbarcelona,2
doubles,H_tulsaita,2
doubles,H_goduke,2
calendar,H_,2
wait,H_flightboys,2
from,H_prettylittleliars,4
mnf,H_greatness,2
nova,H_kain,2
it,H_indians,2
mnf,H_cantwait,2
jeans,H_yeahbuddy,2
to,H_beatcleve,2
and,H_espn,2
graphics,H_thanks,2
perfect,H_nfl,2
rating,H_cardinals,2
with,H_texans,2
and,H_jets,2
september,H_maybewewillgetfreestuff,2
clitoris,H_itsnoteasy,2
tonite,H_honkytonk,2
football,H_mnfootng,2
rager,H_whaa,2
rager,H_liamneesonisbosstho,2
scoreboard,H_raleigh,2
with,H_early,2
something,H_why,2
saturday,H_africa,2
madonna,H_legend,2
soccer,H_,2
utd,H_biasprick,2
down,H_steelers,2
cry,H_shitmyself,2
attractive,H_callmecrazy,2
attractive,H_justsayin,2
attractive,H_donthateme,2
fran,H_priorities,2
re,H_clueless,2
twat,H_saintsfc,2
th,H_hornets,2
manning,H_beware,2
off,H_overratededucation,2
off,H_dook,2
night,H_wimp,2
mean,H_occupyauc,2
is,H_ohioprovisionalballot,2
friend,H_soapurdue,2
th,H_linsanity,2
th,H_sarcasm,2
blocky,H_stickingtoit,2
to,H_iran,2
bills,H_bills,2
bills,H_nfl,2
singing,H_eewww,2
singing,H_getoffmytv,2
race,H_m,2
dear,H_truthbetold,2
bad,H_xfactor,2
today,H_wut,4
autocrat,H_civics,2
come,H_confused,2
boring,H_xfactor,2
before,H_xfactor,2
tennessee,H_jayisourqb,2
dr,H_mile,2
sleep,H_,2
powers,H_ihavethepower,2
work,H_ashamed,2
special,H_pushandshove,2
election,H_bet,2
coke,H_sendmetoasleep,2
the,H_usps,4
goal,H_thfc,2
die,H_missherlots,2
die,H_itsbeentolong,2
die,H_mybaby,2
did,H_shame,2
did,H_cfc,2
stupid,H_valentine,2
on,H_boring,2
trail,H_bulls,2
road,H_thereisnothingontv,2
episode,H_notfair,2
days,H_unc,6
and,H_cmonman,2
slaps,H_jogon,2
knuckle,H_price,2
go,H_news,2
second,H_new,2
second,H_swag,2
the,H_seriea,2
rich,H_parenting,2
tomorrow,H_gonnaendalife,2
wednesday,H_damn,2
with,H_comeonman,2
caltrain,H_,2
from,H_nycdoe,2
you,H_uft,2
fast,H_rushingflow,2
wolrd,H_youjustruinedmylife,2
wolrd,H_fuckyou,2
failure,H_auspol,2
riots,H_d,2
opinion,H_fb,2
sunday,H_mardigras,2
sunday,H_nola,2
theatre,H_drop,2
you,H_hurricanesandy,2
my,H_fantasybasketball,2
smith,H_truestory,2
peace,H_ripmitchlucker,2
available,H_poorcustomerservice,2
it,H_iycsask,2
train,H_,2
photo,H_facepalm,2
injury,H_cowboys,2
obligation,H_catholicproblems,2
obligation,H_catholicfail,2
saturday,H_idiot,2
the,H_sfgiants,2
tomorrow,H_sandy,2
him,H_boxing,2
out,H_bye,2
eyelashes,H_fuck,2
mf,H_knicksnation,2
mf,H_teammelo,2
murray,H_afc,2
hill,H_youjustruinedmylife,2
roe,H_loser,2
th,H_sick,2
katrina,H_sandy,2
katrina,H_october,2
going,H_what,2
going,H_notokay,2
night,H_eotpro,2
the,H_india,2
snow,H_valorproblems,2
snow,H_richkidproblems,2
snow,H_letsgetoursecondcarsout,2
tonight,H_hearthorses,2
tomorrow,H_boring,2
tomorrow,H_blag,2
said,H_,2
class,H_wth,2
class,H_wtf,2
pond,H_skyfall,2
th,H_damnyou,2
thought,H_fb,2
usually,H_pmq,2
too,H_toughcall,2
converting,H_boilingmad,2
blasphemy,H_nufc,2
blasphemy,H_wufc,2
also,H_clueless,2
quater,H_fact,2
estella,H_greatexpectations,2
friday,H_rtesoccer,2
just,H_leaveityeah,2
about,H_sockersweek,2
about,H_chicagomagicpsg,2
stuff,H_sarurdaykitchen,2
for,H_cardinals,2
tomorrow,H_dontbethatguy,2
haha,H_thinkaboutitnobhead,2
drink,H_rotterdam,2
against,H_braves,2
win,H_twostreaks,2
them,H_rip,2
offences,H_dorset,2
tuesday,H_gh,2
th,H_dumbass,2
tomorrow,H_nastyassmeal,2
snow,H_thanksweather,2
language,H_friday,2
language,H_tokadventures,2
know,H_auspol,2
and,H_staymetal,2
fuck,H_endthelockout,2
tomorrow,H_godhelpme,2
sleep,H_nhllockout,2
freezing,H_heatingtime,2
the,H_nhl,2
center,H_brooklyn,2
for,H_looserpool,2
marijuana,H_reallystupid,2
steveburton,H_jasonmorgan,2
steveburton,H_stonecold,2
monday,H_shopping,2
monday,H_norwich,2
monday,H_addicted,2
pr,H_,2
friday,H_fuckme,2
had,H_hypocrites,2
in,H_benghazi,2
fairies,H_wow,2
fairies,H_iwantone,2
the,H_knicks,2
him,H_girls,2
sense,H_spanish,2
bec,H_newyork,2
bec,H_sports,2
cancelled,H_nhllockout,2
lord,H_praying,2
sheen,H_sheenroast,2
against,H_gop,4
saints,H_nfl,2
people,H_duh,2
voice,H_legendary,4
position,H_epl,2
right,H_rwc,2
all,H_rip,2
the,H_vmas,2
the,H_iphone,2
something,H_bs,2
anniversary,H_justsaying,2
let,H_oomf,2
and,H_agenda,2
cup,H_zero,2
to,H_dawnsearlylight,2
bitch,H_gogaga,2
this,H_earthquake,2
presley,H_elvispresley,2
it,H_teaparty,2
it,H_,4
thanks,H_nycproblems,2
soon,H_singlecell,2
with,H_bpos,2
be,H_wirecall,2
be,H_p,2
anymore,H_lloyd,2
hey,H_gop,2
already,H_fawsl,2
sick,H_londonriots,4
is,H_depressing,2
is,H_dexter,2
is,H_darkpassenger,2
rip,H_jhub,2
down,H_teamravens,2
it,H_tottenham,2
mon,H_nebrasketball,2
night,H_gettincrazy,2
night,H_getmehome,2
for,H_annahazare,4
exercise,H_roadbiking,2
homos,H_terror,2
homos,H_nyj,2
homos,H_wtc,2
today,H_kenwrightout,2
tt,H_nigerianewspaperheadlines,2
yet,H_fb,2
son,H_drugs,2
son,H_cannabis,2
of,H_friends,2
home,H_typical,2
morn,H_afl,2
haha,H_fol,2
attend,H_snbto,2
them,H_couldbebythebeach,2
sucks,H_tried,2
romo,H_spellcheckjoke,2
team,H_noonecares,2
did,H_sangz,2
forthcoming,H_ivaluemylife,2
sunday,H_nufc,2
tomorrow,H_yaycollege,2
st,H_sike,2
again,H_macandcheese,2
khedi,H_fb,2
son,H_debate,2
day,H_jealousy,2
day,H_hate,2
bars,H_badass,2
grade,H_blackmail,2
apparently,H_havoc,2
qtr,H_damn,2
blood,H_hadtohurt,2
blood,H_shoutfore,2
blood,H_players,2
dangerous,H_rugby,2
dangerous,H_saeng,2
may,H_taptotweet,2
though,H_,2
mon,H_strikeforce,2
better,H_rouseykaufman,2
parents,H_looooser,2
writer,H_motivation,2
head,H_ouch,2
to,H_superscoreboard,2
morning,H_epl,2
defence,H_wwfc,2
bag,H_worthit,2
him,H_dohertyindisguise,2
overdue,H_tville,2
it,H_thatmakessense,2
it,H_noitdoesnt,2
brb,H_not,2
redneck,H_ouch,2
reason,H_ugh,2
unbroken,H_australiawantsdemi,2
the,H_cakecrawl,2
cant,H_bars,2
tape,H_unihoops,2
that,H_perksofbeingawallflower,2
playoffs,H_mdpreps,2
choice,H_cafc,2
mon,H_discovery,2
artists,H_starwars,2
in,H_toronto,2
tomorrow,H_thissucks,2
grades,H_bbcnews,2
pressure,H_indvafg,2
pressure,H_wt,2
defensively,H_nufc,2
defensively,H_everton,2
to,H_stolenspacelnd,2
club,H_nufc,2
club,H_safc,2
club,H_ftm,2
caputo,H_targetonourbacks,2
caputo,H_hatedbyall,2
caputo,H_champions,2
go,H_f,2
nov,H_nottrue,2
soccer,H_whatsnew,2
silence,H_littlethings,2
over,H_purehonesty,2
saturday,H_betthat,2
tomorrow,H_wtf,4
tomorrow,H_pt,2
st,H_leansix,2
beiber,H_aintgottimeforthatshit,2
down,H_reading,2
snap,H_done,2
snap,H_imatmybreakingpoint,2
snap,H_canttakethisanymore,2
dirty,H_jets,2
something,H_mcfc,2
have,H_mufc,2
the,H_horn,2
sunday,H_scumbag,2
me,H_livewireathletics,2
tenenbaums,H_tigers,2
warning,H_coys,2
night,H_alldayb,2
in,H_madden,2
madden,H_connectedcareers,2
tomorrow,H_orioles,2
tomorrow,H_stayhungry,2
truth,H_snarklife,2
quarter,H_redskins,2
day,H_nojoke,2
thursday,H_nba,2
thursday,H_playersnews,2
sound,H_weouthere,2
norwich,H_spurs,2
tilley,H_samsimmons,2
rec,H_football,2
voted,H_rockpunk,2
the,H_nba,2
release,H_,2
on,H_whenwillitend,2
on,H_localnews,2
on,H_chicago,2
part,H_judgeus,2
nelson,H_squeeeeee,2
saturday,H_olemiss,2
saturday,H_georgia,2
country,H_forward,2
pick,H_chargers,2
run,H_problemsolved,2
my,H_mufc,2
life,H_thisisme,2
season,H_football,2
season,H_nfl,2
season,H_nfceast,2
missin,H_banjoooooooooooooooooo,2
against,H_nba,2
vote,H_justdoit,2
see,H_lovesgotaholdonme,2
see,H_sat,2
the,H_haroldwashingonculcntr,2
say,H_knutsfordlitfest,2
sack,H_httr,2
sunday,H_somethingisayalot,2
via,H_dcshows,2
look,H_steelers,2
tennis,H_,2
earlier,H_uprlka,2
got,H_revenge,2
rumor,H_blackhawks,2
the,H_oilers,2
afc,H_ravens,2
tatum,H_november,2
tatum,H_challenge,2
tatum,H_photoaday,2
tatum,H_sexy,2
tatum,H_damn,2
th,H_,2
weekend,H_oops,2
nd,H_lateshow,4
skiing,H_peak,2
friend,H_scarfacial,2
day,H_t,2
championship,H_mogganaut,2
december,H_dafuzz,2
january,H_footballfanatic,2
basically,H_please,2
basically,H_iwillcry,2
kong,H_buzzin,2
same,H_el,2
same,H_leadership,2
gooners,H_uwcl,2
gooners,H_alfc,2
donation,H_ssu,2
donation,H_,2
borehamwood,H_wucl,2
lan,H_nashville,2
now,H_eott,2
the,H_kanata,2
civic,H_art,2
civic,H_gallery,2
via,H_askllcoolj,2
via,H_llcooljhangout,2
via,H_kpoptv,2
via,H_,2
sport,H_transfertalk,2
for,H_asot,2
of,H_overdoser,2
house,H_thonglor,2
hart,H_beer,2
hart,H_jager,2
for,H_penygraig,2
officer,H_md,2
flop,H_gacky,2
flop,H_rank,2
flop,H_beer,2
go,H_rafa,2
on,H_tf,2
just,H_blackberry,2
friday,H_buymethat,2
feature,H_mufc,2
question,H_votefor,2
audience,H_,2
feb,H_bonjovi,2
co,H_coreformulas,2
over,H_marlinsmysteryfanrevealed,2
gets,H_hard,2
the,H_audiobook,2
the,H_entertainment,2
the,H_oc,2
day,H_facts,2
bowl,H_geno,2
zone,H_chargerfansbooing,2
milford,H_sebringlsa,2
sunday,H_ravens,2
longer,H_untouchable,2
hahaha,H_vikes,2
hahaha,H_cards,2
hahaha,H_gameoftheweek,2
murray,H_ghostbusters,2
game,H_boro,2
ie,H_grittygrindn,2
addressed,H_syria,2
january,H_helinacell,2
at,H_yyt,2
fc,H_blackandwhitearmy,2
th,H_arefreshersreadyforbane,2
th,H_shermanoff,2
textbook,H_knighteng,2
issue,H_trapout,2
for,H_kate,2
nervous,H_stfc,2
outages,H_newhousesm,2
game,H_,4
the,H_moviesyoucantdislike,2
carolyn,H_jasonwu,2
carolyn,H_nyfw,2
promise,H_tcot,2
house,H_teamuapb,2
time,H_redbox,2
time,H_latepass,2
sat,H_photography,2
february,H_fashion,2
february,H_style,2
show,H_photography,2
show,H_art,2
show,H_design,4
show,H_fashion,4
on,H_wahh,2
on,H_getmeouttahere,2
april,H_deals,2
superbowl,H_mademyday,2
sat,H_beatappstate,2
sat,H_gsu,2
msg,H_thisgirl,2
gp,H_nyrangers,2
movie,H_sexy,2
oxford,H_,2
show,H_nyfw,2
show,H_mbfw,2
show,H_fashionweek,2
into,H_redskins,2
saturday,H_cantwaittofindout,2
for,H_daca,2
way,H_winnning,2
coming,H_ufc,2
coming,H_mma,2
football,H_siuenation,2
mitt,H_tcot,2
mitt,H_tlot,2
mitt,H_bcot,2
mitt,H_ccot,2
mitt,H_gop,2
mitt,H_nra,2
mitt,H_ocra,2
mitt,H_sgp,2
mitt,H_teaparty,2
mitt,H_twisters,2
mitt,H_breitbart,2
mitt,H_israel,2
channel,H_spotify,2
remember,H_channel,2
years,H_pennstate,2
today,H_dizzyinhappyvalley,2
negros,H_whoboutit,2
pick,H_smh,2
pick,H_bucks,2
pick,H_thunde,2
pick,H_bemilwaukee,2
pick,H_buckspride,2
rosie,H_obsessed,2
rosie,H_shelikesrosie,2
rosie,H_seriousfan,2
midnight,H_okaaaay,2
run,H_justbecause,2
ahaha,H_teamorjan,2
ahaha,H_clhrday,2
sun,H_boldaslove,2
sat,H_hollywood,2
sat,H_news,2
day,H_rage,2
again,H_hopeso,2
hence,H_mumbai,2
see,H_msm,2
used,H_shazam,2
theirs,H_randomshit,2
for,H_battleofthesexes,2
please,H_dalalwantslucasscott,2
rd,H_netsnation,2
model,H_pi,2
the,H_commentawards,2
habif,H_sarally,2
habif,H_pr,2
first,H_ac,2
first,H_aciii,2
if,H_oomf,2
word,H_subtweet,2
feelings,H_timeflies,2
feelings,H_bittersweet,2
of,H_allsaints,2
sin,H_catholic,2
co,H_sandy,2
days,H_fuckuover,2
wit,H_flex,2
is,H_news,2
up,H_clippers,2
up,H_nba,2
fans,H_fb,2
know,H_sblondon,2
know,H_linkedin,2
porto,H_comeon,2
had,H_london,2
the,H_arsenal,2
of,H_yalta,2
crowd,H_ramdev,2
maidan,H_likeaboss,2
wednesday,H_lolle,2
rider,H_nowwatching,2
watch,H_extratime,2
at,H_wingsday,2
in,H_vancouver,2
zap,H_nba,4
for,H_daytona,2
on,H_speed,2
on,H_espn,2
chi,H_news,2
instead,H_education,2
ss,H_ssfootball,2
the,H_dmv,2
friday,H_green,2
friday,H_animalrights,2
too,H_boom,2
bruce,H_,2
today,H_foxct,2
october,H_un,2
stopped,H_rallyitalia,2
saturday,H_weekendplans,4
darrell,H_ripdt,2
week,H_smwldn,4
with,H_redsox,2
cherington,H_redsoxnation,2
heat,H_atthesamedamtime,2
th,H_teamspoiled,2
perform,H_cntrltour,2
wednesday,H_lastweekendhome,2
nuggets,H_teamheat,2
nuggets,H_heatnation,2
it,H_boxing,2
october,H_halloween,2
tomorrow,H_goodnight,2
rd,H_gamer,2
tonight,H_getusedtoit,2
tomorrow,H_holyday,2
tomorrow,H_gettingupat,2
goes,H_cantdecidewhethertocareornot,2
day,H_february,2
with,H_india,2
google,H_in,2
how,H_msm,2
poll,H_ovc,2
friday,H_indesperateneed,2
etc,H_cbcnorth,2
wit,H_pinkcity,6
game,H_sanbedaredlions,2
milan,H_,2
your,H_,2
per,H_redwings,2
saturday,H_eu,2
saturday,H_uk,2
jlin,H_linsanity,2
time,H_fb,2
hurricane,H_sandy,2
murder,H_stoked,2
smfh,H_hypebeast,2
am,H_peak,2
street,H_vpdebate,2
game,H_nlcshakin,2
see,H_theused,2
taecyeon,H_,2
one,H_thirstythirsday,2
one,H_alcoholic,2
sunday,H_ridgemountcup,2
trig,H_zombie,2
trig,H_iwontbesocial,2
bucks,H_takeover,2
words,H_teammelo,2
words,H_knickstape,2
tomorrow,H_mixingitup,2
tomorrow,H_tacobellisgettingold,2
place,H_nextgenseries,2
work,H_ourday,2
deca,H_beatlexington,2
live,H_slay,2
night,H_tiwia,2
night,H_wildboy,2
disappeared,H_likemagic,2
to,H_stanford,2
to,H_quatchi,2
to,H_s,2
quarter,H_hellobrooklyn,2
lexington,H_going,2
live,H_piercetheveil,2
tomorrow,H_sadtweet,2
tomorrow,H_gonnamissher,2
tomorrow,H_sad,2
tomorrow,H_gonnacry,2
attendance,H_mets,2
nirvana,H_clt,2
tomorrow,H_back,2
of,H_thecurioussavage,2
november,H_fallplay,2
november,H_thespiangazelles,2
november,H_mcfc,2
rumoured,H_lfc,2
fit,H_voyagetovenus,2
dialogue,H_whovianproblems,2
radio,H_hamradio,2
them,H_bigbang,2
them,H_gd,2
yolo,H_headingtohipstertown,2
lost,H_thunderdown,2
more,H_openstacksummit,2
more,H_dreamcompute,2
like,H_teamtyga,2
it,H_smwfrienefits,2
of,H_nyuscps,2
level,H_youppiwillbehere,2
the,H_queen,2
tix,H_drivetime,2
performs,H_bathsalts,2
tuesday,H_avl,2
tuesday,H_wnc,2
tuesday,H_sandy,2
church,H_boston,2
to,H_gas,2
me,H_smh,2
bradley,H_forevermore,2
day,H_,2
by,H_nets,2
half,H_nets,2
half,H_nba,2
for,H_shakeout,2
jagger,H_photography,2
friday,H_justwondering,2
wednesday,H_letthemknowthecraic,2
saturday,H_bacp,2
choir,H_leggo,2
around,H_nw,2
what,H_tabc,2
that,H_sec,2
that,H_gigem,2
it,H_sports,2
that,H_heavymetal,2
youtube,H_filthyrichclip,2
der,H_fact,2
song,H_swagswagswag,2
th,H_acidalumni,2
see,H_ottawa,2
tuesday,H_tcot,2
bertuzzi,H_realtalk,2
act,H_liespeoplealwaystell,2
wed,H_awkwardrushedplanning,2
move,H_thfc,2
seattle,H_mimireloaded,2
tuesday,H_earlyvoting,2
event,H_smwb,2
watney,H_cimbclassic,2
day,H_smwchicago,2
buddies,H_wouldntmind,2
buddies,H_summerjam,2
wednesday,H_celebration,2
tv,H_decisions,2
beach,H_fb,2
out,H_d,2
us,H_nmae,2
rest,H_lfc,2
rest,H_stillinthehat,2
racing,H_crunchtimeatkansas,2
time,H_meconspeed,2
game,H_seahawks,2
tomorrow,H_nojoke,2
game,H_wimbledon,2
arena,H_vibes,2
th,H_bigdata,2
th,H_cloud,2
time,H_ihavenoregrets,2
time,H_ooc,2
contest,H_eurovision,2
on,H_raw,2
in,H_wwe,2
me,H_fun,2
taste,H_ouimybuddy,2
saturday,H_hmfc,2
warheads,H_cuba,2
north,H_noshortcuts,2
upcoming,H_lebronx,2
jade,H_teamlebron,2
concerning,H_afl,2
for,H_ghoe,2
nc,H_ncatsu,2
long,H_twolves,2
bca,H_becauseicare,2
morning,H_needmysleep,2
fw,H_homecoming,2
all,H_news,2
all,H_benefits,2
all,H_bloomberg,2
all,H_clearwire,2
all,H_future,2
stories,H_rollingstones,2
rosedale,H_wewillmakeadate,2
winstead,H_magicmike,2
friday,H_wt,2
wall,H_hc,2
the,H_redsox,2
successive,H_wt,2
against,H_pakistan,2
forecast,H_weatherbomb,4
forecast,H_,2
thirteen,H_steep,2
thirteen,H_graduation,2
sun,H_melbourne,2
sun,H_news,2
yet,H_azfl,2
goals,H_nb,2
problem,H_girls,2
josh,H_justsayin,2
timeout,H_ssu,2
trails,H_armstrong,2
the,H_ncdebate,2
dog,H_yegmusic,2
daughter,H_jspace,2
ask,H_gummybear,2
the,H_acoustic,2
the,H_hospice,2
for,H_patramsey,2
for,H_talahasseeevents,2
for,H_,2
az,H_pinterest,2
az,H_grief,2
morning,H_haha,2
to,H_sponsor,2
bank,H_nonprofit,2
days,H_lightshow,2
sunday,H_deprived,2
sunday,H_cheeseplease,2
weekend,H_geek,2
stare,H_whenharrymetsally,2
clash,H_roi,2
law,H_ohsen,2
fans,H_talibkweli,2
with,H_res,2
but,H_soextra,2
hosting,H_snl,2
belushi,H_rembrandt,2
belushi,H_belushi,2
garden,H_noshame,2
st,H_abl,2
memba,H_ambrozia,2
today,H_halloween,2
today,H_weird,2
northwest,H_classicmovielotto,2
race,H_nascar,2
continue,H_okcbarons,2
cannavaro,H_legend,2
agents,H_top,2
retweet,H_ronpaul,4
race,H_ebay,2
frost,H_,2
final,H_ddliverpool,2
echo,H_efc,2
attn,H_nyc,2
noon,H_bethere,2
noon,H_bjp,2
tomorrow,H_utpol,2
tomorrow,H_denverdebate,2
former,H_mizzou,2
gibson,H_twins,2
posters,H_dontbuythesunanyday,2
posters,H_jft,2
again,H_piginpoo,2
lp,H_,2
bus,H_different,2
link,H_isaacon,2
teams,H_afl,2
daytona,H_communists,2
more,H_comicswapmeet,2
that,H_redbullstratos,2
monday,H_soundsgoodtome,2
monday,H_teambbn,2
monday,H_cats,2
sat,H_yankees,2
thursday,H_partyanimal,2
ien,H_nascar,2
lfc,H_dontbuythesun,2
tomorrow,H_please,2
ipad,H_gobigorgohome,2
in,H_gso,2
th,H_takemeimyours,2
wednesday,H_loner,2
wednesday,H_scared,2
world,H_wwjd,2
now,H_mumfords,2
stop,H_wescoas,2
tressa,H_ffffdate,2
last,H_showdown,2
in,H_theannevan,2
along,H_northiowaschoolplaytour,2
the,H_dolphins,2
pick,H_nfldraft,2
the,H_competition,2
blues,H_mp,2
blues,H_themaine,2
qtr,H_mnscores,2
instead,H_ohdear,2
bands,H_nsyncforlife,2
live,H_ffs,2
live,H_failure,2
season,H_hockey,2
via,H_soundcloud,4
college,H_youcanbelievethat,2
park,H_korea,2
park,H_vacation,2
park,H_seoul,2
park,H_,2
crap,H_mindblowing,2
the,H_dontbuythesun,2
the,H_coyotes,2
that,H_mommyonamission,2
then,H_dragonslive,2
centerfield,H_bugsbunnystyle,2
lol,H_forgeworldonly,2
hussle,H_turnup,2
stats,H_nascar,2
tomorrow,H_orelse,2
pires,H_wla,2
siberia,H_writers,2
siberia,H_writing,2
lower,H_helpmeout,2
alexander,H_boxing,2
alexander,H_brooklynboxing,2
birthday,H_arsenal,2
garter,H_solihull,2
tomorrow,H_mexicans,2
morning,H_lifeinsurance,2
morning,H_hauntedcoliseum,2
flats,H_homestretch,2
info,H_dontsleeponthisone,2
rate,H_letsgovcu,2
website,H_ssfc,2
website,H_cuprun,2
spuds,H_liverintraining,2
tomorrow,H_bethere,2
game,H_playoffs,2
tonight,H_spacefact,2
to,H_portchuck,2
quaid,H_sandy,2
hey,H_redarmy,2
in,H_kc,2
to,H_nascar,2
world,H_denver,2
roast,H_goodfoodchannel,2
event,H_nascar,2
the,H_going,2
maribor,H_thfc,2
gives,H_baylor,2
nov,H_cricket,4
five,H_thetalk,2
transaction,H_always,2
against,H_lazio,2
download,H_whatapair,2
rochester,H_happyhalloween,2
news,H_burma,2
now,H_nbd,2
the,H_wave,2
debate,H_dufc,2
debate,H_dfc,2
debate,H_spl,2
kentucky,H_mtsu,2
with,H_kalb,2
on,H_what,2
won,H_cloud,2
for,H_ios,2
cave,H_legit,2
cave,H_crazy,2
cave,H_woah,2
isk,H_infobiz,2
well,H_raw,2
hurricane,H_irene,2
old,H_wow,2
powwow,H_,2
iv,H_toomuch,2
there,H_whatthe,2
st,H_bieberbestedagain,2
raw,H_earthquake,2
iv,H_respect,2
are,H_takingittothehouse,2
tonight,H_fifa,2
isk,H_fb,2
made,H_golf,2
cave,H_l,2
iv,H_shedidntcallbecause,2
flight,H_canuc,2
th,H_ugadawgswag,2
series,H_deusex,2
service,H_hoes,2
th,H_onlymjfansunderstand,2
today,H_nowplaying,2
one,H_youcantcheatdeath,2
tonight,H_mmi,2
for,H_musicmonday,2
mobile,H_verizon,2
mobile,H_phone,2
it,H_justiceformj,2
via,H_uga,2
via,H_dawgs,2
via,H_boise,2
via,H_georgia,2
via,H_bulldogs,2
me,H_britneygaga,2
me,H_clichehiamplug,2
viewing,H_rwc,2
okami,H_ufc,4
tonight,H_mma,4
point,H_p,2
point,H_fok,2
point,H_maddow,2
point,H_teaparty,2
at,H_mma,2
here,H_plantation,2
august,H_addictedtonetflixinstant,2
netflix,H_addiction,2
bleacher,H_live,2
coverage,H_doitnow,2
tonight,H_bangtidy,2
okami,H_ufcrio,2
console,H_deusex,2
final,H_raw,2
summerslam,H_respeckkk,2
be,H_epic,2
name,H_illini,2
in,H_tottenham,2
the,H_teenchoiceawards,2
saha,H_efc,2
fr,H_ireland,2
fr,H_news,2
fr,H_eu,2
italy,H_amandaknox,2
today,H_fantasyfootball,2
lineage,H_vegan,2
shop,H_unbelievable,2
concert,H_biting,2
the,H_lulu,2
the,H_getyourfix,2
tommorrow,H_nervousmuch,2
or,H_amandaknox,2
dexter,H_relaxedtweet,2
later,H_momyoubettagetmethatshirt,2
michele,H_emmys,2
caught,H_dexter,2
preseason,H_clemson,2
play,H_nyj,2
xx,H_bsbp,2
yes,H_oolegooo,2
there,H_italy,2
there,H_weather,2
there,H_ipad,2
pm,H_datameet,2
times,H_thatisall,2
in,H_sec,2
surprise,H_awful,2
the,H_iom,2
with,H_dexter,2
time,H_u,2
tonight,H_echelonfamily,2
by,H_,2
sanchez,H_seadogs,2
th,H_wiunion,2
th,H_wirecall,2
th,H_p,2
tweeting,H_churchflow,2
in,H_u,2
football,H_michaelvick,2
reuters,H_p,2
reuters,H_tcot,2
reuters,H_wirecall,2
sai,H_ak,2
around,H_bam,2
sep,H_bsbp,2
ravens,H_whytho,2
planner,H_snbto,2
nd,H_fitblog,2
day,H_indowantsgreenday,4
night,H_doubtit,2
vote,H_wi,2
vote,H_holiday,2
vote,H_vote,2
year,H_jets,2
tweet,H_twittwit,2
blanche,H_dc,2
definition,H_stoneage,2
on,H_tptalmanac,2
school,H_rtr,2
apes,H_whew,2
runners,H_corkbuzz,2
there,H_fb,2
son,H_dallascowboys,2
son,H_hop,2
vs,H_sufc,2
tonight,H_heavenforgiveme,2
boston,H_rand,2
game,H_rolltide,2
sniff,H_afleaglestigers,2
friday,H_jacked,2
thursday,H_getnthefucoutofhere,2
le,H_dorset,2
tweeps,H_goonerfamily,2
in,H_chargers,2
perfect,H_wirecall,2
perfect,H_p,2
february,H_bills,2
february,H_eagles,2
february,H_nfl,2
friday,H_,4
with,H_derbyday,2
crazy,H_wwii,2
star,H_cfc,2
nov,H_tcot,2
issue,H_tombraider,2
mcquarrie,H_top,8
suite,H_,4
id,H_colga,2
boston,H_edchat,2
rd,H_wtf,2
pm,H_fvsu,6
centre,H_trippin,2
top,H_behindthegoal,2
this,H_trend,6
lounge,H_lionking,2
garden,H_paradise,2
motives,H_tcot,2
motives,H_teaparty,2
lg,H_android,2
now,H_nba,2
races,H_newmarket,2
races,H_horseracing,2
sunday,H_backtohauntthescum,2
sunday,H_bagger,2
of,H_hmsbounty,2
now,H_boom,2
season,H_newgirl,2
season,H_schmidt,2
sjp,H_nufc,2
sjp,H_brugge,2
vb,H_ue,2
at,H_royalascot,2
at,H_horseracing,2
th,H_brettbeakermyers,2
timeout,H_mtvb,2
any,H_opm,2
gym,H_jazzercise,2
of,H_women,4
march,H_pakistan,4
march,H_mqm,4
march,H_womenpk,4
church,H_solid,2
walk,H_lazy,2
day,H_wow,2
laughs,H_drewpeterson,2
about,H_hunting,2
tomorrow,H_tg,2
tomorrow,H_overit,2
factory,H_kandifactory,2
return,H_weymouth,2
return,H_live,2
to,H_safc,2
time,H_divortrivia,2
mvc,H_compete,2
time,H_dontjudgeme,2
liberty,H_wakawaka,2
saturday,H_labordaywkend,6
that,H_mythbusting,2
ea,H_e,2
th,H_omgdroid,2
wo,H_linux,2
on,H_venous,2
in,H_cyprus,2
ph,H_galaxyplaytrackoftheday,2
lot,H_byu,2
the,H_afghanistan,2
started,H_news,2
halo,H_sometimesyouhaveto,2
night,H_defendourcoast,2
rd,H_featured,2
rd,H_hype,2
rd,H_movienews,2
monday,H_shockers,2
monday,H_mvc,2
stuff,H_hotdiggitydog,2
whedon,H_dontjudgeme,2
tomorrow,H_westsalemyounglife,2
be,H_collegefever,2
sale,H_ghetto,2
sale,H_candy,2
miliband,H_onetowatch,2
job,H_myfirstjob,2
mind,H_hhgttg,2
going,H_athenryville,2
going,H_gonnahaveadj,2
going,H_cancernight,2
the,H_imaginaryfriends,2
superstorm,H_sandy,2
holiday,H_drewpeterson,2
help,H_teamgobama,2
th,H_constantcontact,2
ref,H_,2
updated,H_packinspain,2
quitt,H_india,2
in,H_origin,4
in,H_nrl,2
code,H_,2
brought,H_tlvbog,2
be,H_ncaa,2
vikings,H_nfl,2
union,H_bethere,2
idol,H_,2
former,H_nufc,2
from,H_,2
it,H_quizzage,2
ro,H_f,2
mma,H_debate,2
mma,H_front_page,2
mma,H_miesha_tate,2
the,H_bornthiswayball,2
it,H_ff,2
lock,H_debate,2
right,H_learning,2
characteristics,H_halamadrid,2
nov,H_indveng,2
on,H_fiftyshades,2
time,H_fiftyshadesofgrey,2
again,H_iahsfb,2
again,H_kcrgfnl,2
friday,H_repeat,2
friday,H_mountienation,2
room,H_ham,2
room,H_hamradio,2
you,H_wtf,2
for,H_shaktar,2
willian,H_thfc,2
willian,H_epl,2
eastern,H_naptime,2
when,H_,2
list,H_nascar,2
when,H_pedrocalungsod,2
borrowed,H_hinthint,2
photo,H_ncaaf,2
words,H_pastor,2
words,H_faith,2
words,H_word,2
report,H_buccaneers,2
struggle,H_coys,2
jerusalem,H_tc,2
dimatteo,H_cfc,2
dimatteo,H_mufc,2
dimatteo,H_supersunday,2
recos,H_sarcasmnotwelcome,2
th,H_photooftheday,2
is,H_animal,2
the,H_unitedsoundsofafrica,2
sun,H_arsenal,2
bangs,H_jayz,2
willian,H_bpl,2
grade,H_im,2
grade,H_uroutoftouch,2
miami,H_iamnotpetty,2
monday,H_collegeproblems,2
spectr,H_apps,2
monday,H_win,2
monday,H_catholic,2
monday,H_prayer,2
you,H_demitofrance,2
kristi,H_gay,2
with,H_realplayer,2
the,H_packers,2
triangle,H_aliens,2
yo,H_football,2
behind,H_illhaveanother,2
behind,H_bodemeister,2
heat,H_nba,2
and,H_worldbookday,2
you,H_chatoscar,2
it,H_aliens,2
my,H_halloween,2
florence,H_tracknation,2
eastern,H_reminder,2
lane,H_safc,2
lane,H_ftm,2
lpg,H_odisha,2
newcastle,H_nufc,2
newcastle,H_safc,2
th,H_nascar,2
sf,H_bears,2
prohibition,H_protest,2
of,H_vinoomankad,2
game,H_cajuns,2
tomorrow,H_yes,4
jet,H_boris,2
morton,H_wi,2
askin,H_asianboyproblems,2
notice,H_a,2
day,H_sky,2
day,H_clouds,2
day,H_nature,2
day,H_outside,2
day,H_sun,2
day,H_day,2
day,H_nofilter,2
day,H_instagood,2
right,H_nfl,2
right,H_wishfulthinking,2
man,H_colts,2
the,H_colts,2
concussion,H_nfl,2
concussion,H_colts,2
football,H_teamtexans,2
tomorrow,H_mns,2
park,H_bedlington,2
buying,H_appletv,2
my,H_cre,2
in,H_dellwebcast,2
loveeedd,H_dropdeadgorgeous,2
you,H_mdmadness,2
saturday,H_hottytoddy,2
happen,H_dcu,2
cuba,H_dontknowwhatyourtalkingbout,2
cuba,H_butok,2
saturday,H_wps,2
calling,H_hu,2
great,H_bollyfit,2
following,H_econokit,8
use,H_bizikent,8
per,H_bizitalk,8
football,H_fiyastarter,2
students,H_icsprobs,2
the,H_artistaacademy,2
finals,H_teamchris,2
neck,H_goforgold,2
the,H_oscar,2
website,H_kony,2
course,H_asematy,2
state,H_steelers,2
and,H_falcons,2
enjoy,H_mnf,2
alive,H_kony,4
shape,H_steep,2
at,H_midterm,2
half,H_itshowyoufinish,2
half,H_gotheeeem,2
wait,H_standard,2
hogwarts,H_happybirthdayremuslupin,2
say,H_happybirthday,2
place,H_proud,2
place,H_votebieber,2
on,H_script,4
proud,H_edchat,2
with,H_oomf,2
manning,H_crushsohard,2
dinner,H_cantwaitt,2
rock,H_doingwork,2
saturday,H_dcu,2
th,H_android,2
th,H_tech,2
tomorrow,H_yolo,2
lol,H_lush,2
this,H_noshamenogame,2
this,H_ilovefood,2
mark,H_mobile,2
bib,H_,2
wanderers,H_millwall,2
when,H_community,2
venture,H_entrepreneurs,2
yesterday,H_tan,2
for,H_free,2
saturday,H_cyclonenation,2
bubbles,H_iwd,2
and,H_yorkshire,2
march,H_,2
pants,H_qt,2
lunch,H_fattweet,2
alright,H_ymm,2
at,H_ymmreads,2
merica,H_canttouchthis,2
thursday,H_not,2
handle,H_barca,2
hashtag,H_lcclife,2
sun,H_summer,2
india,H_officelife,2
bangz,H_lasvegas,2
bangz,H_turnup,2
here,H_limited,2
sats,H_thankyoubitch,2
yourself,H_r,2
amazin,H_i,2
industry,H_luvit,2
mood,H_tiyft,2
pacific,H_,2
game,H_getoutofhere,2
game,H_attentionneeders,2
omg,H_beasts,2
legend,H_ynwalfc,2
the,H_revivaltour,2
us,H_sharefest,2
ceremony,H_teamwork,2
joking,H_bbn,2
whoop,H_oyw,2
tec,H_asematy,2
bieber,H_iloveyourg,2
here,H_womensday,2
here,H_iwd,2
saturday,H_toomuchexcitement,2
at,H_sewanee,2
basketball,H_soitbegins,2
the,H_spookyminiputt,2
ones,H_gcwcc,2
it,H_bigdebute,2
thursday,H_hookem,2
thursday,H_l,2
telling,H_music,2
saturday,H_b,2
sxsw,H_iaprsa,2
proud,H_indvsaus,2
puck,H_hockeyisback,2
global,H_iphoneography,4
community,H_mobitog,4
day,H_latechsuckd,2
you,H_justsaying,2
was,H_louisvuitton,2
sun,H_yellow,2
in,H_nipclub,2
tonight,H_terrierball,2
tonight,H_htafc,2
tonight,H_dontfancyarfieldingoal,2
the,H_nfldraft,2
tv,H_iwishitwerebetter,2
season,H_hopeless,2
down,H_np,2
colton,H_loveyouuuuu,2
win,H_cfc,2
pey,H_fumatubloodline,2
pey,H_allstar,2
pey,H_golouisville,2
badly,H_dilemma,2
at,H_exchangela,2
at,H_exchangla,2
night,H_edm,2
wells,H_goodtimes,2
tonight,H_f,2
jenson,H_boro,2
the,H_homeless,6
st,H_sandyvolunteer,6
for,H_argoslive,4
world,H_water,2
season,H_hognation,2
dominate,H_teamnd,2
it,H_trueposh,2
about,H_lfc,2
in,H_belarus,2
season,H_automaticqualifier,2
me,H_enoughsaid,2
me,H_realtalk,2
ten,H_wolverinenation,2
cheer,H_cgvb,2
for,H_lfc,2
it,H_followfriday,2
for,H_chelsea,2
tho,H_teamgetfit,2
it,H_oscars,2
again,H_toarthur,2
get,H_register,2
or,H_pledge,2
excited,H_me,2
excited,H_mybodyisready,2
in,H_hamont,2
quarter,H_broncos,2
quarter,H_espn,2
march,H_ladsontour,2
upgrade,H_fb,2
win,H_review,4
win,H_siri,4
win,H_theidoctor,4
tomorrow,H_uisbaseball,2
in,H_southafrica,2
with,H_yeahbuddy,2
treasure,H_italianengagement,2
post,H_sandy,2
bulls,H_mls,2
pick,H_tsn,2
pick,H_nhldraft,2
minister,H_actvotes,2
the,H_absapremiership,2
the,H_oncealways,2
the,H_upthebucs,2
months,H_justaguess,2
effort,H_teamgdcf,2
sunday,H_daymade,2
beaten,H_,2
top,H_johnisner,2
surge,H_toon,2
in,H_bristol,2
see,H_looper,2
this,H_nice,2
announcement,H_magic,2
clocks,H_smallvictory,2
northglenn,H_ifyoulovemeyouwillcome,2
file,H_music,4
file,H_song,4
for,H_bombgirls,2
reelz,H_cantwait,2
ass,H_guiltypleasure,2
wow,H_classof,2
tomorrow,H_stayfocus,2
tomorrow,H_eatup,2
todd,H_excited,2
best,H_xoxoxo,2
best,H_love,2
was,H_idowellwiththegeishas,2
make,H_castle,2
what,H_bulls,2
heat,H_idcwhatthehatershavetosay,2
hahaha,H_ratchet,2
tomorrow,H_smashit,2
again,H_anniesboobs,2
pm,H_toon,2
go,H_clippernation,2
broke,H_hejustlovesthebeards,2
friday,H_fridaynightlive,2
interesting,H_tea,2
trivia,H_,2
these,H_s,2
there,H_,2
antonio,H_nba,2
on,H_z,2
nightclub,H_tonymonaco,2
tech,H_tarheelnation,2
texas,H_mountaineernation,2
moomba,H_alessandra,2
sunday,H_lfc,2
sunday,H_ynwa,2
ever,H_loveislouderthanrollingthefinalcredits,6
free,H_bristol,2
free,H_comedy,2
free,H_poetry,2
free,H_hashtag,2
night,H_smartkids,2
time,H_igiveuppp,2
buddy,H_gobobcats,2
buddy,H_macbaseball,2
job,H_drillers,2
you,H_bestsubject,2
tomorrow,H_lovely,2
sport,H_orlandocruz,2
the,H_firesuit,2
tomorrow,H_yeahbuddy,2
cry,H_voiceofanangel,2
hollowell,H_str,2
boo,H_teamproud,2
yesterday,H_the,2
on,H_ovtv,2
john,H_oltl,2
playing,H_goodday,2
ofcourse,H_bo,2
first,H_phillipifest,2
stadium,H_shreya,2
brother,H_toddeugenefreeman,2
brother,H_excited,2
brother,H_miracle,2
tomorrow,H_optimistic,2
june,H_yyc,2
june,H_charity,2
anyone,H_changingthesubject,2
sunday,H_ncaabaseball,2
dot,H_,2
today,H_lowes,2
loves,H_thewalkingdead,2
shooting,H_theworldsend,2
half,H_supersunday,2
now,H_,2
grandad,H_chilled,2
grandad,H_wheresdinner,2
park,H_mufc,2
park,H_glory,2
bag,H_engaged,2
little,H_ichigono,2
picture,H_heroes,2
into,H_littlehavana,2
more,H_excited,2
closet,H_courage,2
hey,H_gwu,2
me,H_sheisthefemalebigbuck,2
rd,H_sagarin,2
the,H_southville,2
better,H_nascar,2
dayton,H_herestoanother,2
gazza,H_thankyou,2
skycity,H_nzbreakers,2
thanhnii,H_hallowe,2
hype,H_fb,2
back,H_gh,2
back,H_mcbam,2
now,H_swish,2
days,H_totps,2
lmao,H_sozmate,2
happened,H_reminiscing,2
at,H_littletspeedway,2
where,H_wwe,2
tweet,H_btronpcas,2
est,H_time,2
lift,H_student,2
to,H_telford,2
elon,H_tarheelnation,2
at,H_fml,2
there,H_winnin,2
tomorrow,H_goddoesgoodthing,2
in,H_argentina,2
with,H_brunch,2
attention,H_storytime,2
part,H_happyhalloween,2
winter,H_hybridfacts,2
done,H_abouttime,2
cup,H_mufc,2
iphone,H_lovemymac,2
pictures,H_excited,2
after,H_getinvolved,2
tarheels,H_unc,2
tarheels,H_girlswhoplayrugby,2
tarheels,H_rugby,2
oven,H_amazeballs,2
coffee,H_wtf,2
coffee,H_grannyalert,2
boys,H_,2
may,H_standforqld,2
nd,H_kstate,2
th,H_leeds,2
best,H_salsa,2
as,H_curiosity,2
exciting,H_det,2
microsystems,H_quotes,2
heaven,H_classic,2
natalie,H_gh,2
oct,H_sagalove,2
friday,H_leapinno,2
boooy,H_cityswag,2
deloitte,H_,2
times,H_virginactivesa,2
times,H_miway,2
and,H_strate,2
heard,H_run,2
you,H_taongbahay,2
to,H_mosh,2
news,H_happydays,2
exam,H_pssa,2
bolee,H_tbt,2
rush,H_snlmusic,2
happen,H_time,2
many,H_worthitbut,2
imminent,H_yum,2
mt,H_syria,10
from,H_pens,2
thursday,H_nhl,2
movie,H_imsickandnothingison,2
up,H_siriwantstokillme,2
grader,H_romney,2
me,H_whodoesthat,2
bell,H_always,2
delayed,H_annoying,2
ipad,H_fail,2
it,H_pleaseandthankyou,2
par,H_itm,2
deliveries,H_dying,2
hosts,H_cbseries,2
hehe,H_mufc,2
hehe,H_bplonfox,2
it,H_atlanticcity,2
it,H_sandy,2
game,H_true,2
cards,H_,2
used,H_middleschooljams,2
tomorrow,H_bethiphopawards,2
texas,H_longhornforlife,2
tomorrow,H_omfg,2
the,H_rays,2
the,H_browns,2
will,H_,2
up,H_awkward,2
up,H_awaydays,2
bomb,H_allregion,2
news,H_arrow,2
bombard,H_homs,2
amr,H_syria,4
the,H_pawsox,2
vulnerable,H_ops,2
victim,H_pakvaus,2
victim,H_cricket,2
tomorrow,H_what,2
call,H_notlookingforwardtodennys,2
amr,H_homs,2
peace,H_syria,2
wanderers,H_bwfc,2
serious,H_onetouch,2
serious,H_instinctive,2
serious,H_class,2
world,H_cnn,2
world,H_bbc,2
world,H_nbc,2
day,H_youregettingpinched,2
day,H_orpunched,2
vulnerable,H_galaxy,2
vulnerable,H_samsung,2
vulnerable,H_html,2
vulnerable,H_vulnerability,2
tuesday,H_fcblive,2
smh,H_,2
pakistani,H_mullahcult,2
fault,H_avb,2
fault,H_avbout,2
morn,H_nolie,2
lanka,H_cricket,2
well,H_one,2
termer,H_notoptimal,2
the,H_womensday,2
ponder,H_australia,2
ponder,H_cricket,2
vulnerable,H_gaffaw,2
vulnerable,H_fb,2
yesterday,H_laliga,2
yesterday,H_ligabbva,2
yesterday,H_fcb,2
yesterday,H_rmfc,2
challenge,H_fml,2
odd,H_mccann,2
defected,H_syria,2
ryan,H_gop,2
angeles,H_gobears,2
win,H_,2
lane,H_nascar,4
school,H_slowyourroll,2
monday,H_pissed,2
monday,H_dreamsandnightmares,4
tomorrow,H_fml,2
homer,H_mets,2
the,H_headies,2
bad,H_godpunishu,2
lmao,H_,2
tues,H_gh,2
row,H_nhllockout,2
session,H_bnppo,2
say,H_october,2
lies,H_bahrain,2
theatre,H_badmovie,2
monday,H_fmlll,2
monday,H_ihateschool,2
else,H_lackofexperienceshows,2
filthiness,H_bumblebrag,2
morning,H_fuck,2
morning,H_sleeping,2
morning,H_tonight,2
forever,H_footballboyfriendprobz,2
the,H_bofa,2
sunday,H_ncaa,2
toll,H_fat,2
now,H_stomachbleeding,2
thursday,H_help,2
up,H_thisbetterbeajoke,2
for,H_northglennsucksmassivecock,2
indeed,H_fantasyfootballproblems,2
in,H_huskers,2
coast,H_africa,2
though,H_weareallcammysmith,2
though,H_weareallcammysmithredarmybanner,2
takeaway,H_memories,2
tweeter,H_fucklife,2
it,H_prep,2
off,H_edl,2
ok,H_norestforthewicked,2
videos,H_wtf,2
these,H_iditarod,2
not,H_standdown,2
now,H_wewillnotletthisgo,2
live,H_homs,2
tlxhah,H_,2
kunitz,H_fb,2
first,H_soccer,2
first,H_local_to,2
first,H_education,2
the,H_uoncareersroadshow,2
that,H_redsox,2
syrup,H_win,2
for,H_rttt,2
tomorrow,H_edreform,2
springs,H_bestteacherever,2
tomorrow,H_iphone,2
tomorrow,H_apple,2
tomorrow,H_yerbabue,2
umno,H_wanita,2
watch,H_tunisia,2
the,H_august,2
downtown,H_tunis,2
downtown,H_womenrights,2
via,H_dst,2
dpn,H_syria,2
pattys,H_bg,2
pattys,H_bewarethegolfcarts,2
your,H_sweepstakes,2
have,H_romnesia,2
to,H_schoolsfunding,2
info,H_gonski,2
thursday,H_un,2
sept,H_publicpolicy,2
in,H_nfl,2
second,H_mlb,2
second,H_bos,2
comedy,H_partners,2
tomorrow,H_breakingnews,2
running,H_nikeplus,2
on,H_thelivingroom,2
london,H_boxing,2
london,H_boxingheads,2
april,H_htafc,2
tomorrow,H_halloween,2
tomorrow,H_horrorsquad,2
tomorrow,H_bayarea,2
out,H_,2
ten,H_maction,2
th,H_atlanticforum,2
burke,H_regionpride,2
burke,H_iguardedyouinpractice,2
fransisco,H_iphone,12
march,H_ohwaitthatsmydreamwishlist,2
game,H_lmd,2
reactions,H_yuga,2
rd,H_arpreps,2
with,H_araneta,2
with,H_sunday,2
with,H_pba,2
with,H_basketball,2
with,H_bff,2
with,H_tween,2
with,H_igers,2
with,H_igfame,2
afternoon,H_lookalikealert,2
code,H_smartphone,2
running,H_mlb,2
running,H_col,2
sports,H_miaafb,2
it,H_worldie,2
francisco,H_giants,2
is,H_smartdaughter,2
is,H_sillydad,2
jan,H_rideshare,2
nature,H_doworkshop,2
in,H_trendsetta,2
at,H_con,2
at,H_hallowfreakend,4
oreo,H_cupcakes,2
after,H_s,2
display,H_apple,2
display,H_new,2
but,H_cfc,2
day,H_ncaaf,2
gear,H_invisiblechildren,2
gear,H_kony,2
seriously,H_stonehill,2
beating,H_,2
beating,H_newhaven,2
be,H_actvotes,2
amazon,H_news,2
brien,H_pennstate,2
coverage,H_uncareingworld,2
going,H_boldblackbeautiful,2
winning,H_abosheshey,2
his,H_hotwife,2
of,H_wideawake,2
day,H_buzzkill,2
tomorrow,H_mcfc,2
vs,H_getafe,2
nights,H_firstworldpains,2
nov,H_dcu,2
commi,H_manipur,2
think,H_paranormal,2
on,H_atheism,2
beat,H_uconn,2
taumata,H_,2
annan,H_fpannan,2
rates,H_purdue,2
before,H_graphexpo,2
the,H_bowltothewall,2
report,H_streetstyle,2
now,H_bundesliga,2
me,H_quasimodo,2
the,H_springboks,2
pm,H_bokke,2
howard,H_leggggoo,2
haha,H_not,2
was,H_tweatup,2
hen,H_whatweightgain,2
something,H_ufo,2
something,H_nasa,2
something,H_mothership,2
for,H_sandy,2
ranked,H_,2
work,H_noworkforme,2
in,H_victoria,2
nd,H_defendourcoast,2
nd,H_bcpoli,2
nd,H_cdnpoli,2
out,H_listen,2
out,H_raonair,2
credit,H_,2
lcc,H_syria,2
show,H_pfw,2
show,H_givenchy,2
show,H_alexandermcqueen,2
show,H_par,2
at,H_thefactory,2
coach,H_philly,2
coach,H_sports,2
night,H_hmu,2
smith,H_,2
th,H_phonearena,2
festival,H_tbf,2
the,H_whitesox,2
new,H_blues,2
mail,H_bcfc,2
ausedo,H_teamdanny,2
sunday,H_seattle,2
dinner,H_newshoes,2
dinner,H_newjackets,2
dinner,H_sameswag,2
nd,H_nopipelines,2
nd,H_notankers,2
nd,H_tarsands,2
sigh,H_,2
tlsxhah,H_,2
via,H_nufc,2
vegas,H_ufc,2
karm,H_yum,2
saturday,H_dallas,2
saturday,H_news,2
here,H_sfn,2
here,H_neuroscience,2
sunday,H_buffalo,2
sunday,H_bills,2
practice,H_travelnews,2
experts,H_sabudget,2
cracker,H_bulls,2
won,H_,2
details,H_toonami,2
grand,H_big,2
the,H_nats,2
the,H_mets,2
hbk,H_dx,2
through,H_hbk,2
nd,H_vkscores,2
ta,H_soccernet,2
ta,H_espn,2
byrdak,H_mats,2
and,H_nats,2
materials,H_privateequity,2
night,H_kpop_stream,2
diego,H_chargers,2
malcom,H_floyd,2
denver,H_broncos,2
leggoo,H_bwoy,2
the,H_eur,2
the,H_aud,2
the,H_cad,2
for,H_cdos,2
tomorrow,H_htc,2
to,H_ics,2
with,H_jellybean,2
lunchtime,H_wba,2
peru,H_askdongho,2
to,H_cali,2
to,H_ohwell,2
the,H_chiefs,2
quarter,H_nflfantasy,2
tops,H_girlytrucker,2
part,H_youknowyolo,2
raised,H_nonitodonaire,2
de,H_sanantonio,2
pandora,H_pandora,2
of,H_svu,2
argus,H_mystery,2
argus,H_n,2
races,H_fingerscrossed,2
career,H_survivorseries,2
crucial,H_breadhead,2
november,H_boxing,2
quarterback,H_jets,2
stuff,H_politics,2
runaways,H_battleborn,2
runaways,H_thekillers,2
th,H_bucketlist,2
business,H_gopack,2
business,H_wolfblood,2
business,H_ncsuvsunc,2
genera,H_jobs,2
grade,H_pms,2
grade,H_legend,2
hurdle,H_nodoubt,2
go,H_,2
new,H_abarth,2
monaco,H_travel,2
monaco,H_addict,2
going,H_rt,2
way,H_wetnwyde,2
dalton,H_voteonedirection,2
weekly,H_bass,2
weekly,H_party,2
open,H_ssgolf,2
the,H_huntsville,2
movie,H_weekend,2
know,H_wetnwyde,2
the,H_orlando,2
the,H_pirates,2
on,H_mets,2
petraeus,H_sc,2
big,H_ppr,2
big,H_fantasyfootball,2
versus,H_titans,2
sea,H_hollywood,2
sea,H_news,2
pm,H_noda,2
house,H_fkbs,2
new,H_redsox,2
come,H_uofr,2
come,H_urpsci,2
thursday,H_mustfollow,2
basketball,H_needssleep,2
basketball,H_goingtobealongday,2
isles,H_fact,2
senator,H_senat,2
about,H_realscience,2
next,H_marcorubio,2
from,H_texas,2
from,H_etsy,2
morning,H_biggirlproblems,2
the,H_uct,2
the,H_daso,2
thursday,H_teamfollowback,4
limited,H_practiceupdate,2
limited,H_chargers,2
tonight,H_apologiesinadvance,2
down,H_latism,2
monster,H_hitstick,2
mcgrady,H_spm,2
saturday,H_houstontx,2
commercials,H_,2
jakart,H_mufc,2
download,H_lightwork,2
tho,H_steppingstones,2
tomorrow,H_womenforobama,2
like,H_futuregrequestion,2
sev,H_sports,2
smackdo,H_wwe,2
smackdo,H_wwf,2
smackdo,H_tna,2
pm,H_scfafootball,2
williams,H_fantasyfootball,2
instead,H_datenight,2
feature,H_georgecarlin,2
and,H_paulmooney,2
drive,H_donate,2
drive,H_money,2
programme,H_coys,2
tomorrow,H_springfest,2
reserve,H_,2
tomorrow,H_dnc,2
aug,H_miaklose,2
aug,H_rock,2
aug,H_london,2
maybe,H_ithoughtitwasclever,2
former,H_stlblues,2
the,H_nyj,2
the,H_pats,2
the,H_isthisreallyreal,2
ohmygod,H_,2
from,H_youku,2
site,H_china,2
takes,H_applynow,2
takes,H_lookingforthenextfashionstar,2
romney,H_romneyisajokefactory,2
there,H_nola,2
in,H_wcc,2
pm,H_gotoreros,2
open,H_fsn,2
again,H_libor,2
again,H_,4
sheetrock,H_moneymakin,2
on,H_vote,2
about,H_ice,2
winner,H_,2
winner,H_swagcorner,2
sellers,H_,2
the,H_amazonuk,2
fun,H_lefooding,2
fun,H_benefit,2
for,H_beachreach,2
top,H_,2
mon,H_kingturnezbet,2
afte,H_ncaa,2
at,H_infosec,2
the,H_marlies,2
tournament,H_gowarriors,2
fight,H_boxing,2
hilltop,H_godons,2
hilltop,H_aimhigher,2
play,H_gomaine,2
to,H_projecttx,2
pm,H_hutt,2
life,H_cityswag,2
addo,H_easterncape,2
moines,H_landexpo,2
party,H_yall,2
ladbrokes,H_buyingmoney,2
energy,H_ncpol,2
news,H_teamgrimmy,2
in,H_capetown,2
hurdle,H_rebelfitz,2
hurdle,H_hondarebel,2
hurdle,H_springer,2
hurdle,H_championhurdler,2
dot,H_truelove,2
roses,H_theglorydays,2
booth,H_,2
falkirk,H_nutcases,2
night,H_longstory,2
devan,H_allrounder,2
now,H_may,2
after,H_ncaa,2
if,H_un,2
games,H_olympics,2
again,H_jammin,2
at,H_jamesbb,2
at,H_saucerpass,2
