M_jackstirling,serge,2
M_dj,jg,2
M_,ers,2
M_lisahochstein,key,2
M_apgphoto,oooh,2
M_astrochologist,anything,2
M_genesis,tryst,2
M_strokemyego,royal,2
M_juanmata,is,2
M_grandvincenzo,on,2
M_jbmclendon,and,2
M_tbsveryfunny,has,2
M_nater,driguez,2
M_elifyk,hi,2
M_nicoleandrews_,no,2
M_lenakoncha,the,2
M_hope_forhippies,hell,2
M_stevenb,october,2
M_amberrblack,amber,2
M_nickjonas,in,2
M_nickjonas,birthday,2
M_nbcofchicago,for,2
M_ariaclemente,wow,2
M_maziing,everyday,2
M_bline,rasta,2
M_theeconomist,tomorrow,2
M_teamstradley,mines,2
M_albertaoilfire,another,2
M_heeydems,do,2
M_shootingrocks,cof,2
M_gagns,nice,2
M_yvette_elena,most,2
M_amianatyransky,frankie,2
M_jshapmma,who,2
M_lore_x,dec,2
M_real_liam_payne,saturday,6
M_timocchipinti,were,2
M_mittromney,come,2
M_juliecbirch,if,2
M_,qualcomm,2
M_youtube,video,24
M_gonzaldr,somebody,2
M_youtube,just,2
M_no,likeme_nac,2
M_swirv_nation,hellyeaa,2
M_rinithyme,he,2
M_nickjonas,happy,2
M_marissssyy,we,2
M_bryn,renner,2
M_chasericemusic,playing,2
M_christoferdrew,happy,2
M_zararugosa,good,2
M_strombo,happy,2
M_busyphilipps,wow,2
M_noheroeshere,glad,2
M_schuy_g,and,2
M_sophietump,results,2
M_roanmair,you,2
M_thementalistcbs,can,2
M_vdoozer,saw,2
M_the,level,2
M_kcrw,members,2
M_anne_litt,will,2
M_ufc,on,2
M_t_ina_,looks,2
M_benthepcguy,only,2
M_ian_walters_,in,2
M_garbage,all,2
M_thereidreport,if,2
M_,the,72
M_cheryl,wood,2
M_chere,cofield,2
M_vanessa,maddox,2
M_,north,2
M_wayierotoroway,ahah,2
M_,nowfm,2
M_jenniferhudson,just,2
M_lilpeterr,tomorrow,2
M_,dscoop,2
M_real_liam_payne,hello,2
M_espnstatsinfo,jeremy,2
M_rosiepierri,my,2
M_fancystepdad,with,2
M_theprincerupert,and,2
M_jakecausey,next,2
M_justinbieber,for,2
M_nery_lr,cool,2
M_frankiegavin,out,2
M_alesso,is,2
M_davidguetta,at,2
M_lilyeliza,bruce,2
M_itsjustinmartin,in,2
M_cmpunk,what,2
M_northernbeauty_,do,2
M_,fm,2
M_s_ephen,good,2
M_kvaldez,no,2
M_blondiemua,hahaha,2
M_maherzain,dr,2
M__courtssx,tomorrow,2
M_tenariio,lol,2
M_edwardsali,oh,2
M_nickjonas,may,2
M_reaganpitt,movie,2
M_joebrusuelas,listen,2
M_,shadesofdreyy,2
M_raysgameday,twilight,2
M_ingredientsrec,was,2
M_theellenshow,congratulations,2
M_jmadams,haha,2
M_cherielulu,oh,2
M_meagan_cassidy,no,2
M_alexisnews,you,2
M_wftda,champs,2
M_navyvet,queen,2
M_white_choc,lat,2
M_onthenikdrum,go,2
M_heffrondrive,congratulations,2
M_foreverflailing,well,2
M_wakemenssoccer,for,2
M_jarediero,aw,2
M_getsiyli,in,4
M_dtlr,will,2
M_djpharris,rock,2
M_blackburnrovers,job,2
M_nickiminaj,cant,2
M_danicook,ah,2
M_arianacurdles,lol,2
M_giselleco,oh,2
M_janineturner,yes,2
M_miamiheat,tomorrow,2
M_keimtime,you,2
M_thomaserdbrink,if,2
M_wardchanning,hey,2
M_ama_la_lettura,would,2
M_dabieberbreezy,queen,2
M_rlbrown,better,2
M_sarawoof,looks,2
M_,fort,4
M_youtube,this,2
M_russellhoward,and,2
M_kylieminogue,all,2
M_ew,axl,2
M_jarsuperstar,is,2
M_creativetimes,eleanor,2
M_late_show,david,2
M_happinessjean,jean,2
M_alexrubens,ever,2
M_thatalexday,reminds,2
M_lakeshow,it,2
M_avrillavigne,please,2
M_justinbieber,so,2
M_punkinpwincess,david,2
M_jordanlmcneese,kendrick,2
M_caplannfl,another,2
M_mlttr,mney,2
M_ollyofficial,have,2
M_d,mdom,2
M_stevendeknight,keep,2
M_wordsofcolour,we,2
M_kateupton,near,2
M_wdoss_,cant,2
M_tthomasxoxo,win,2
M_applelotte,absolutely,2
M_loveadamseyes,don,2
M_joetribe_,runner,2
M_marvramrod,were,2
M_dickiev,stick,2
M_nolimitcattleco,we,2
M_vaughters,and,2
M_gabrielpanduro,we,2
M_redsonfire,perhaps,2
M_ukbieberday,justin,2
M_jakeclemons,you,2
M_jordygenevieve,hahaha,2
M_ollyofficial,and,2
M_themgeorge,in,2
M_toquiwa_jp,at,2
M_itsmekatsumi,cupid,2
M_hannahnablsi,you,2
M_ninersfans,this,2
M_themgeorge,is,2
M_russellhoward,on,2
M_nkeylock,yes,2
M_nickiminaj,dublin,2
M_jennettemccurdy,if,2
M_ben_hatton,rumour,2
M_treenyweeny,haha,2
M_ashweeboo,hi,2
M_bob_stauffer,imo,2
M_mazzallon,it,2
M_kingsbu,in,2
M_stevestreza,if,2
M_childish_marino,lololololololol,2
M_mayhemmiller,nick,2
M__joe_ross,starting,2
M_materialgirl,it,2
M_beyonce,performing,2
M_kielder_obs,on,2
M_scorpio,thank,2
M_thecivilwars,just,2
M_chico_a_dusty,going,2
M_jlin,ha,2
M_therock,so,2
M_cm,punk,2
M_realrominarey,way,2
M_scubaselia,fancy,2
M_lukeymoore,good,2
M_,hull,2
M_misskahi,and,2
M_ssosso_,finally,2
M_trentbridge,going,2
M_dalykobos,happy,2
M_mizzousoccer,as,2
M_wwe,im,2
M_dgenerationx,ok,2
M_kaycegilman,sparks,2
M_joehaden,hey,2
M_jennettemccurdy,follows,2
M_cwell,strong,2
M_pea_starks,in,2
M_dwindass,will,2
M_kellyalbrecht,life,2
M_matt_law_sm,he,2
M_kfreberg,via,2
M_eleanorjcalder,hi,2
M_eleanorjcalder,hello,2
M_beacaresosa,for,2
M_redboy,tbf,2
M_goicehogs,one,2
M_eurohawks_,is,2
M_ellevarner,can,2
M_louisvillejoke,december,2
M_nettyrossetti,haha,2
M_peteabe,hold,2
M_jennettemccurdy,happy,2
M_darnellmayberry,cole,2
M_machinegunkevin,aw,2
M_taggartjoel,ah,2
M_coryjane,all,2
M_planetjedward,have,2
M_jtidwell,lowry,2
M_davos,this,2
M_styleofsam,oh,2
M_willblackwriter,thank,2
M_headshotzombie,happy,2
M_hull,another,2
M_thomas_edison,doing,2
M_stephenfry,cant,2
M_treesmellsnice,is,2
M_,ticket,2
M_jiklopdave,well,2
M_ibgdrgn,today,2
M_smiley_jedi,brilliant,2
M_jennettemccurdy,wow,2
M_alinaa_z,deaaall,2
M_codysio,im,2
M_ritaora,good,2
M_thefalcoholic,why,2
M_carney,print,2
M_plumpytm,getting,2
M_mollyleach,lauren,2
M_temasekpoly,sony,2
M_carrieunderwood,at,2
M_dylanevz,your,2
M_bryanwilley,if,2
M_,ogalo,2
M_matrimonyband,come,2
M_olearychris,then,2
M_michaelroston,future,2
M_thebandblake,on,2
M_trwinchester,how,2
M_alfredoflores,follow,14
M_amandawanxo,and,10
M_sue_bryce,hey,2
M_nicdawes,such,2
M_supergirlmac,sarah,2
M_siriusxmarea,great,2
M_bruce_arthur,some,2
M_im_lowie,dam,2
M_quikgunz,and,2
M_naylakigro,katie,2
M_geoffstults,on,2
M_kimaniah,tomorrow,2
M_tjvictoriacnd,may,2
M_hoeshateveziaa_,im,2
M_rihanna,rihan,2
M_lovinjakemore,you,2
M_jscribe,we,2
M_jodiianto,lmaooo,2
M_felliiiisha,come,2
M_drexelclublax,tomorrow,2
M_brooklyncured,sausages,2
M_,everam_ber,2
M_davidprice_,tonight,2
M_the,scoops,2
M_,dar,2
M_akram,arabi,2
M_benjm,best,2
M_thewovenword,is,2
M_ericwfoster,going,2
M_tokyoeyepatch,but,2
M_thenameiscasie,today,2
M_gussysews,in,2
M_wanepillow,great,2
M_thewinningweiss,no,2
M_steljesbusiness,ah,2
M_njhoranhugs,haha,2
M_mytigermytiming,have,2
M_shabelyyy,aki,2
M_estelledarlings,said,2
M_cassadeepope,she,2
M_rspcayork,with,2
M_mrsiveson,for,2
M_ashhellaflush,haha,2
M_,its,2
M_ebow,go,2
M_d,phresh,2
M_thatkid,im,2
M_hadyaaiesa,make,2
M_,jackie,2
M_jimirsay,that,2
M_beckypallack,in,2
M_deantet,the,2
M_gregbag,av,2
M_katielmo,haha,2
M_mindlessbhavior,hey,2
M_abbiepincott,there,2
M_jmause,at,2
M_dynamitetm,oh,2
M_byclive,london,2
M_lettersfromgena,alan,2
M_svmixradio,the,2
M_maechoy,revision,2
M_acousticcrowds,dm,2
M_emmward,you,2
M_joebiden,but,2
M_thmazing,also,2
M_sep,th,2
M_brianmacleodrlp,thanks,2
M_padrebrey,good,2
M_pimpmamanayy,good,2
M_playmatesmusic,live,2
M_skyavenue,fairground,2
M_jmc,eybar,2
M_booksellercrow,she,2
M_loserboy,well,2
M_ashatoashes,ash,2
M_jascurtissmith,did,2
M_jennykeast,elimination,2
M_lynn_townley,haha,2
M_mkosinskinbc,endymion,2
M_roeconn,show,2
M_richardroeper,to,2
M_tomdreesencomic,at,2
M_cdandme,this,2
M_pastorshaemun,excited,2
M_useclear,for,2
M_pisceslikejosh,wookiee,2
M_joshgroban,what,2
M_samwallaceindy,cole,2
M_talkmaster,you,2
M_ram_ananananan,average,2
M_kweddlee,and,2
M_courtknee_eat,for,2
M_,pm,66
M_dennisdmz,hey,2
M_sum_loser,just,2
M_tigerwoods,closed,2
M_al_pro_,best,2
M_chrisashton,gutted,2
M_alex_baran,ahh,2
M_toneitup,it,2
M_bobmcbobbob,optimism,2
M_gsf_,lmfao,2
M_mrlandualet,nice,2
M_rachelbowerx,no,2
M_jaymohr,mr,2
M_ivan_dotcom,pokito,2
M_toevlug_priest,may,2
M_tomarchitects,cesena,2
M_wicricnews,site,2
M_levi_tation,throwing,2
M_djdannyavila,just,2
M_addismom,feb,2
M_,sylvia,2
M_aaronfingj,if,2
M_ritaora,us,2
M_betrescue,selection,2
M_,yankee,2
M_breekaye,haha,2
M___pencilpusher,agree,2
M_craigoyok,haha,2
M__c_lavender_,to,2
M_xlandonabx,reggie,2
M_usccb,lifting,2
M_kea_nerdette,big,2
M_foufa_b,better,2
M_coltonsmithmma,has,2
M_serious_sound,yeah,2
M_milamic,ever,2
M__rondongq,damn,2
M_onlygirlriri,same,2
M_cnblue_,im,2
M_finefoodgirl,sbs,2
M_davidarchie,josh,2
M_lizpellington,roll,2
M_pikeyessex,just,2
M_bluenunuk,we,2
M_joshuaplethora,br,2
M_jiyoung_min,oppa,2
M_barackobama,thanks,2
M_smokers_lane,happy,2
M__favs,he,2
M_gavin_mcinnes,hipster,2
M_kruddmp,federal,2
M_jasonmarkcook,great,2
M_emmabanfield,lol,2
M_therock,wins,2
M_wwe,title,2
M_romanista_,after,2
M_nathanrodger,we,2
M_mozidesigner,haha,2
M_kathrynrhian,ah,2
M_youngmensociety,see,2
M_tylermedeiros,should,2
M_ghostcrawler,thanks,2
M_bcama,event,2
M_angelpike,call,4
M_heatherpaace,because,2
M_nikkisarai_,how,2
M_tohitmaker,yo,2
M_katietd,kath,2
M_sheemalv,hey,2
M_wyeoak,and,2
M_theroots,tomorrow,2
M_winduprecords,hi,2
M_j,ybyrdswyf,2
M_peckbros,just,2
M_kelceywebb,just,2
M_tnvanderlaan,have,2
M_jrazzle,oh,2
M_cimbclassic,champ,2
M_sfgiants,fan,2
M_brittanymariep,dethklok,2
M_trisigma,last,2
M_teamnightkids,glad,2
M_casslachelle,boo,2
M_orjan_nilsen,endymion,2
M_elliegoulding,do,2
M_degrassihaha,going,2
M_p,_da_prince,2
M_lakers,sacramento,2
M_fairmontpacific,rim,2
M_keriilynnbabe,well,2
M_insidejmoss,good,2
M_therealmarymary,it,2
M_conceptofficial,boys,2
M_example,sunday,2
M_nas,brought,2
M_longman,lrj,2
M_officialkat,you,2
M_athariyyah,london,2
M_mycloset_italia,cesena,2
M_happinessbrand,fam,2
M_wdbj,weather,2
M_bbc,lsx,2
M_jessradio,hope,2
M_eskscheerteam,all,2
M_tuptuppalace,tuesday,2
M_digitalncl,wednesday,2
M_harthanson,seems,2
M_hannahraff,your,2
M_theblackseeds,massive,2
M_deniessesters,mallshow,2
M_mzhemingway,true,2
M_gillian_filan,isn,2
M_ericthuney,you,2
M_suprefan,you,2
M_johncena,and,2
M_cmpunk,along,2
M_wwe,superstars,2
M_mshannahmaree,and,2
M_besitos_xoxo,damn,2
M_darren,ha,2
M_castillesevern,thanx,2
M_muathleticstpp,kickball,2
M_sharpee_jess,thanks,2
M_love,steps,2
M_,man,2
M_epithemiou,hey,2
M_t_yeon,eonni,2
M_cherylcole,can,2
M_,surfcomber,2
M_kellymonaco,in,2
M_thesaturdays,at,2
M_ronanishliu,congratulations,4
M_mygoldmusic,can,2
M_popshifter,crazypants,2
M_tonigfanpage,flowers,2
M_abronsartsctr,friday,2
M_giruaro,silly,2
M_major_peter,or,2
M_foofighters,can,2
M_jimmydykeslive,on,2
M_kerrycupcake,you,2
M_samicorrado,pretty,2
M_jrmahathir,cakap,2
M_punchestownrace,oscars,2
M_ernasty,great,2
M_funfunfunfest,is,2
M_smitty_lp,come,2
M_coachdoty,and,2
M_tanduayrhumph,wow,2
M_tanduayrhunph,rock,2
M_m,com,2
M_jessicaeven,alright,2
M_piersmorgan,come,2
M_smcclain,better,2
M_,laurel,2
M_hannabananas,tomorrow,2
M_joehahn_lp,bc,2
M_amyleeev,veruca,2
M_annie_cutler,good,2
M_iglevine,is,2
M_jenmorrisonlive,oh,2
M_ellenbobellen,st,2
M_jhonnyc,destructo,2
M_gabrielmaturan,catch,2
M_sharmaro,sharon,2
M_cherlloyd,at,2
M_remittancegirl,what,2
M_king,george,2
M_adrian__one,thanks,2
M_kibsta,was,2
M___cosmonauts__,at,2
M_louroberg,hey,2
M_louisechall,love,2
M_dcfcspoonz,jacob,2
M_,am,18
M_makeupsfx,in,2
M_thecyclr,its,2
M_nomusamtshali,thanks,2
M_brandonbarash,everybody,2
M_demigodv,to,2
M_jimmy_choo,glam,2
M_daniel_dennehy,just,2
M_teafortree,goon,2
M_,bdr,12
M_bencrawfordnz,depends,2
M_bsu_stdtaff,join,2
M_paulakrebs,on,2
M_joewood,bren,2
M_x,_destinie,2
M_kapoorkkunal,looking,2
M_barrefaeli,could,2
M_lysscarto,watch,2
M_cherylcole,lmao,2
M_killerjayify,lol,2
M_kelly_phelan,nice,2
M_mssarahredshaw,our,2
M_,popscene,2
M_dougwead,doug,2
M_michellephan,gasp,2
M_tellsbells,cup,2
M_rainn,is,2
M_greatnonprofits,top,2
M_onedirection,april,2
M_alexahorannxx,aww,2
M_jangleton,come,2
M_kyusslives,may,2
M_dingle_berry,good,2
M_cherylcole,im,2
M_dcpl,open,2
M_deniessejoaquin,all,2
M_waymobomber,cool,2
M_lldubs,wishin,2
M_wale,can,2
M_ugodofwutang,holy,2
M_slaniesse,happy,2
M_timmyhillracer,good,2
M_rafvdvaart,hope,2
M_tressawill,good,2
M_bk_worker,hello,2
M_kwamedidit,friday,4
M_jamielynndrohan,will,2
M_,icn,4
M_kjomd,haha,2
M_clubglow,november,2
M_amyleeev,now,2
M_jbags,good,2
M_,oneil,4
M_niallofficial,huum,2
M_o_delaisse,reading,2
M_arronohare,hi,2
M_marilyndenisctv,show,2
M_jbaconsulting,we,2
M_rkhooks,thanks,2
M_comedycentral,may,2
M_eolivet,so,2
M_simonmac,just,2
M_ashram,wow,2
M_irbsevens,results,2
M_misspawee,yes,2
M_boldacademy,team,2
M_harrisstyle,going,2
M_colliinnn,and,2
M_missjillscott,it,2
M_collinraye,for,2
M_young_coco_,hahaha,2
M_johnleebrandon,about,2
M_jackalltimelow,can,2
M_alltimelow,to,2
M_maria,bitch,2
M_allimartens,haha,2
M_eleanorc_crew,get,2
M_anathehabibti,that,2
M_teenystweeting,see,2
M_twoglovesgolf,awesome,2
M_jessgallagher,pick,2
M_fourtv,tonight,2
M_shawndizzle,really,2
M_josielong,lots,2
M_jimmiejohnson,do,2
M_danicaposadas,aww,2
M_ravenrenee_,hahaaa,2
M_sambraik,won,2
M_gamewank_jim,james,2
M_guanacotruck,hanging,2
M_hillyhill,oh,2
M__northpolecold,hope,2
M_specialkbrook,good,2
M_catherinem,yes,2
M_erinsfoodfiles,have,2
M_opkitchen,gave,2
M_,for,2
M_heffrondrive,happy,2
M_jeromepugmire,nd,2
M_tsl_lemag,match,2
M_justinbieber,days,2
M_josephd,ha,2
M_nataliealana,it,2
M_gavinrossdale,good,2
M_myrtlegail,will,6
M_daniellejbrear,yeah,2
M_sararosinsky,hey,2
M_graceonbroadway,just,2
M_btraymartin,my,2
M_dirk_,_kuyt,2
M_jamespearceecho,has,2
M_teentripper,ate,2
M_waffl,lif,2
M_keyvo,ya,2
M_inawarriors,end,2
M_jill_kolencik,alright,2
M_nknight,saw,2
M_williscorto,ferry,2
M_berniepleskoff,no,2
M_mollyorangette,and,2
M_delanceyseattle,opening,2
M_darren,haha,2
M_queen__bambi,aw,2
M_justinbieber,on,2
M_jamiekilstein,you,2
M_daisyyloera,okay,2
M_skinnyz,mbie,2
M_dhonts,great,2
M_patmessenger,great,2
M_scrwd,thank,2
M_evergreenchmbr,kickball,2
M_clamatadore,just,2
M_foreverbaybay,just,2
M_foodprincess,wonderful,2
M_jaypfrancis,irene,2
M__ms_r,have,2
M_chadlindberg,dude,2
M_nokia,you,2
M_jenniwoww,jersey,2
M_barcastuff,alexis,2
M__ashleyylovee_,end,2
M_deltaupsilon,boise,2
M_,andonlywalshy,2
M_harryrippon,yeah,2
M_example,will,2
M_davidheartbreak,wwooo,2
M_dustinwstout,today,2
M_liltunechi,carter,2
M_pick_n_mikz,lmao,2
M_anniesibonney,can,2
M_caroljs,yes,2
M_coupleboobs,nicki,4
M_caramelbonitaa,yeah,2
M_jamcompadre,and,2
M_ninadobrev,you,2
M_infinitesadd,deus,2
M_kareembynature,loool,2
M_lilkrm,steve,2
M_graceellisxo,can,2
M_leighfrancis,best,2
M_tna_gunner,been,2
M_missedgehead,on,2
M_yuki_,_j,2
M_huda_shami,he,2
M_alan_hicks,is,2
M_cheytiffy,morning,2
M_mod_tr,chic,2
M_rastas,jesus,2
M_aderadoesit,going,2
M_recite_films,excellent,2
M_ashpashh_,if,2
M_steventdennis,today,2
M_mollyjmccook,we,2
M_ljessiharrisl,kevin,2
M_frontrowbrian,anderson,2
M_mr_stickball,dec,2
M_peterfacinelli,good,2
M_tomfelton,first,2
M_nuckheadjj,glad,2
M_sara__rodrigo,its,2
M_bnardwilliams,good,2
M_leighfrancis,celebrity,8
M_pezthedrummer,photo,2
M_just,jerrah,2
M_sunnyvegas,nice,2
M_tankdogc,steelers,2
M_dimaahhh,lol,2
M_credo_liyo,if,2
M_jayy_ballin,tomorrow,2
M_demonrust,its,2
M_jordanknight,hope,2
M_britneyspears,so,2
M_taylormomsen,hey,2
M_i,y_xoxo,2
M_nokiaknowings,in,2
M_ctvnationalnews,sept,2
M_immaculate_nat,at,2
M_neilmorgan,don,2
M_jemmlou,in,2
M_tpolamalu,congrats,2
M_migz_silva,september,2
M_tobeymonster,lady,2
M_maddow,whoo,2
M_teamjorchel,retweet,6
M_afairclub,sold,2
M_sn,ki,4
M_cerysmatthews,version,2
M_funnyusername,four,2
M_usaeaglesrugby,beat,2
M_bitten,meeting,2
M_darealmrc,nfl,2
M_mango,today,2
M_drcasio,for,2
M_sfleming,looking,2
M_zaidjilani,the,2
M_cinema,kung,2
M_then,er,2
M_supermac,omfg,2
M_tamartorello,oh,2
M_blitzmegaplex,kung,22
M_irenenell,good,2
M_followimran,four,2
M_c,insider,2
M_gimmiedatboom,steelers,2
M_irenie_m,irene,2
M_cgblasi,very,2
M_sebroche,congrats,2
M_jcpatrick,so,2
M_nicegirll,good,2
M_askjillian,thanks,2
M_tomfeltonsmrs,now,2
M_corywho,alright,2
M_,me,2
M_katechambers,oh,2
M_kayelalovesyou,channel,2
M_shatteredyuuki,yeah,2
M_fearnecotton,also,2
M_spaikin,want,2
M_jamescrosby,watched,2
M_cmpunk,saves,2
M_cwood,day,2
M_example,on,2
M_laurenbuckenham,guess,2
M_victoriacoren,oh,2
M_dpbne,how,2
M_sgtslap_ahoe,pretty,2
M_rinecho,good,2
M_xxfranchizexx,lmfao,2
M_richswaggamoss,goin,2
M_kev_d,because,2
M_brontorawks,if,2
M_,st,6
M_colinmochrie,congrats,2
M_tebeza,wish,2
M_antoniobrown,got,2
M_androidpolice,sept,2
M_cjonesy,dunno,2
M_imthereal_ld,espn,2
M_thecraplab,lmao,2
M_pnut,after,2
M_martinamcgowan,good,2
M_therealpodvader,need,2
M_dawnchere,looking,2
M_terrancewilson,anticipating,2
M_ndalberth,amanda,2
M_,fromtheedge,2
M_mikedavis,pls,2
M_craigyferg,the,2
M_officialkat,on,4
M_youngcules,nolito,2
M_maliagotmonae,my,2
M_nfl,twitterverse,4
M_qubetubers,live,2
M_pondemoz,wow,2
M_serenawilliams,doesn,2
M_bjaofficial,surprise,4
M_jimrome,aaron,2
M_jrgessler,for,2
M_johnalessio,great,2
M_drysdalebjj,thanks,2
M_dee,lv,2
M_yorikirii,quieter,2
M_d_degea,the,2
M_bany_avenger,off,2
M__mongoose,just,2
M_the_lort_got,my,2
M_misslisadc,moves,2
M_arsenalladies,tonight,2
M_amy_veranda,this,2
M_bcole,and,2
M_antmaley,check,2
M_tom_howarth,and,2
M_jikiboy,nigeria,2
M_aliciajohncock,haha,2
M_adelaide_fc,are,2
M_tommacwriter,good,4
M_kevinhart,real,4
M_ashmalvarado,st,2
M_klew,sanchez,2
M_surreycricket,looking,2
M_tinroom,tonight,2
M_clarke_casey,yess,2
M_joejonas,just,2
M_realtrevorellis,comedy,2
M_ayepeemaxin,am,2
M_cainmma,detroys,2
M_mark_sanchez,here,2
M_vah_raflatahugs,wow,2
M_raindraingga,milan,2
M_mtnng,good,2
M_,godfrey,2
M_o,ie_owl,2
M_roxyreynolds,in,2
M_julia_white,you,2
M_mark_sanchez,and,2
M_nickmangold,for,2
M_olbagofdonuts,sensationalism,2
M_dasha_vu,its,2
M_nfgfans,dexter,2
M_realjordanfg,hey,2
M_rachvardon,aladdin,2
M_real_colsylvia,you,2
M_elite_rickito,oh,2
M_earnestpugh,fans,2
M_swp,gets,2
M_craigyferg,lovely,2
M_pritypinkyy,th,2
M_kmaiadanyelle,she,2
M_jaymee,yeah,2
M_justsilvia_,it,2
M_hughhefner,make,2
M_kelseyspajamas,for,2
M_swp,just,2
M_first_and_,th,2
M_richellesampson,at,2
M_tomfelton,last,2
M_georgeyboy,have,2
M_gibbstack,hi,2
M_pretavoyager,new,2
M_jennymccarthy,best,2
M_julieklausner,matt,2
M_sidlowe,sanchez,2
M_justinbieber,concerts,2
M_the_overtones,looks,2
M_zlzlml,hello,2
M_dianakander,married,2
M_steffmcshane,hiya,2
M_realdonaldtrump,quote,2
M_snytv,tonite,2
M_antwannettebond,true,2
M_jamesdowdeswell,all,2
M_nathanthewanted,would,2
M_myturtleneck,cool,2
M_havokgrimey,yes,2
M_missmariejames,party,2
M_justinbieber,please,2
M_nancyseeger,lol,2
M_lemondear,it,2
M_mbculturedays,nuit,2
M_audrey_emm,romo,2
M_aquinobanana,and,2
M_aliyacakes,and,2
M_justinbieber,if,2
M_madisonstapp,haha,2
M_ashhleeyx,aw,2
M_gaga_magnifique,haha,2
M_queenymotsoane,lol,2
M_thecrossbarrsl,it,2
M_georgea_may,and,2
M_caroline_mariee,off,2
M_aksumler,hope,2
M_luvvieig,welcome,2
M_sciam,guest,2
M_thenewdeal,wisconsin,2
M_ohhsheeeila,wat,2
M_pamelamars,th,2
M_lostalone,lads,2
M_sylvaind,tin,2
M_nick,astonishing,2
M_tpdho,yea,2
M_hairydm,morning,2
M_msolveig,we,2
M_,dearborn,2
M_jamesmaslow,te,2
M_elianacwg_,lives,2
M_frenchtwistdc,dc,2
M_milansolo,thanks,2
M_justinbieber,is,6
M_jessykarh,pray,2
M_zachbraff,watched,2
M_espnstatsinfo,red,2
M_smr_j_star,kevin,2
M_alanbrun,have,2
M_,gerardpique,2
M_franhalsall,you,2
M_spikelee,come,2
M_mark_ingram,cause,2
M_duhimwinning,an,2
M_picbadges,august,2
M_scuzztv,this,2
M_joenbc,and,2
M_andrewripp,on,2
M_karmalitam,haha,2
M_fawsl,of,2
M_kimlittle,and,2
M_harlingj,im,2
M_farrukhsiddiqui,preparations,2
M_itsjessikah,that,2
M_millerlite,coming,2
M_strikeupthecool,and,2
M_coronasfinest,ooo,2
M_swimfanatic,thanks,2
M_hotspur,don,2
M_marlitah,pretty,2
M_coolrayj,pulled,2
M_jfsain,jk,2
M_onekybabydoll,wisconsin,2
M_tomkitchin,check,2
M_scotonsunday,today,2
M_deeds,going,2
M_bdutt,th,2
M_kisscorona,good,2
M_chrisbrown,hey,2
M_justinbieber,tomorrow,2
M_uncsangam,for,2
M_karlsentk,thanks,2
M_eurostaruk,experience,2
M_jared_akins,trying,2
M_robbakerashton,heading,2
M_lostalone,lad,2
M_roddywhitetv,good,2
M_lagalaxy,thanks,2
M_emmebeea,comes,2
M_mortreport,aaron,2
M_mcr_ellamae,hahahhahaha,2
M_bronzy_brwnskn,lol,2
M_oliviawilde,cowboys,2
M_gr,imperfection,2
M_onesimo,can,2
M_aarongoodwin,pretty,2
M_milleniumlady,taken,2
M_ammunitiondepot,good,2
M_sallydubats,may,2
M_rbkd,rui,2
M_tapi,first,2
M_atlhustlerclub,so,2
M_woodysgamertag,woody,4
M_jaredgriffith,ohh,2
M_terrencejones,and,2
M__eryflores,march,2
M_x,kaelyn,2
M_lazofficial,has,2
M_indomienoodlez,may,2
M_mikeisthestig,not,2
M_fizzer,nice,2
M_cox,game,2
M_nfl,presented,2
M_,kwames,2
M_cavillafuertee,hi,2
M_marybwelch,tomorrow,2
M_hot,countdown,2
M_huntinglife,thanks,2
M_springsteen,bringing,2
M_mzmocha_barbiee,girl,2
M_packinsider,as,2
M_basrfc,are,2
M_chelseaindo,happy,2
M_oomzee,just,2
M_parkiesc,everythings,2
M_bieberbucks,march,2
M_taysmith_,maria,2
M_kirsty_,my,2
M_mieshatate,will,2
M_nestacks,it,2
M_robyn_bryant,well,2
M_,sm,2
M_,it,4
M_,moa,2
M_vegan_punk,ayup,2
M_ksiggystyle,good,2
M_quozhappens,gallery,2
M_nvme,gonna,2
M_pandomonthly,he,2
M_boro,rd,2
M_the_millfield,nov,2
M_neilholkham,going,2
M_cavillafuertee,cav,2
M_mtnorquay,would,2
M_ea,conference,2
M_kendricklamar,listening,2
M_djjanice,hi,2
M_foofighters,would,2
M_martinamcbride,just,2
M_davetaylor,hey,2
M_forevertheday,will,2
M_sarahsilvester,hello,2
M_muhommadusman,thanks,2
M_onedirection,concert,2
M_hannahlanase,only,2
M_ryandepouw,lorenzo,2
M_aw_er_the_place,hey,2
M_kcommons,ffs,2
M_,dc,10
M_simcity,will,2
M_stevieryan,march,2
M_digitalslg,well,2
M_owyposadas,see,4
M_yingullmann,whatever,2
M_yo_bfkeeper,haha,2
M_premierleague,make,2
M_familycycling,rode,2
M_specialized,yesterday,2
M_women_of_christ,jesus,2
M_kevindixie,you,2
M_stancollymore,espanyol,2
M_mtracey,fluke,2
M_kendo_,and,2
M_mikejrga,beed,2
M_woolimboys,oppa,2
M_wakaflockabsm,to,4
M_owyposadas,tccic,2
M_masseffect,oh,2
M_schmidtsrevenge,tomorrow,2
M_chata_boo,dude,2
M_sharethis,happy,2
M_wightcartipper,it,2
M_williamdcarter,may,2
M_snap_kaka_pop,just,2
M_mike_enotiades,you,2
M_,shan,2
M_peymanaassad,yesterday,2
M_maryytaylorr,tomorrow,2
M_carlajd,it,2
M_nickiminaj,was,2
M_galtsgirl,well,2
M_scooterbraun,im,2
M_netanyahu,dear,2
M_ranzkyle,see,2
M_theactionsband,august,2
M_jassy_baby,transcript,2
M_sherwoodhonda,you,2
M_ianwright,really,2
M_amackin,love,2
M_haralabob,what,2
M_adhunter,love,2
M_matt_edmeades,sheffield,2
M_r,kenbruce,2
M_team_barrowman,friday,2
M_,barbican,4
M_o,adypeace,2
M_austinmahone,morning,2
M_limmengkeong,hahaha,2
M_drlrca,dr,2
M_barbicancentre,were,2
M_queestoy_loco,it,2
M_aplace,thoughts,2
M_heatherlblythe,yup,2
M_benstanners,it,2
M_tom_seagul,because,2
M_alan_hinton,nd,2
M_vikki_loveee,ill,2
M_oatmeal,inman,2
M_bwwings,in,2
M_chicserullyses,hello,2
M_offensive_liam,she,2
M_d_lombardozzi,will,2
M_ohohmario,why,2
M_hoyatic_kay,oh,2
M_johnjamesuy,why,2
M_scotty_robs,do,2
M_akielbeatz,will,2
M_mittromney,may,2
M_edshow,is,2
M_pearljam,tonight,2
M_jroyaal,dongwoo,2
M_unevenlemming,ooh,2
M_naca,you,2
M_stillsanna,dongwoo,2
M_invictafights,miesha,2
M_henrywinter,shotton,2
M_bangz_inyamouth,woosahhhh,2
M_ssbike,yep,2
M_thedylanholland,you,2
M_naisy,in,2
M_mashupstanleyt,don,2
M_tomhanks,youve,2
M_drlindseyduncan,speak,2
M_nickhughesaw,nice,2
M_kendricklamaar,bro,2
M_garysnowpatrol,will,2
M_edsheeran,again,2
M_hollyparkracing,today,2
M_cmcrunk,indeed,2
M_santaanitapark,today,2
M_kenadeelee,fca,2
M_mosseyj,this,2
M_realblackcoffee,back,2
M_philkitro,what,2
M_hensley_shana,awesome,2
M_kandi,it,2
M_marklocko,with,2
M_ochagreen,the,2
M_bffworld,at,2
M_chasefreespirit,awww,2
M_,barsoffire,2
M_bettemidler,should,2
M_,big,2
M_zooarchaeologis,cool,2
M_sjr,you,2
M_brighteyesband,is,2
M_justinbieber,national,2
M_krisbear,yesss,2
M_bteband,touring,2
M_holden_racing,what,2
M_pauleyp,best,2
M_greeneye_,thank,2
M_thskit,on,2
M_husseinmarhoon,perhaps,2
M_chestersshop,this,2
M_mariadbk,yup,2
M_thefpshow,are,2
M_freak_franchise,make,2
M_,playnation,2
M_jonnymcgailey,cheers,2
M_idieshoop,let,2
M_girl,music,2
M_ryanbertrand,met,2
M_ktvee,love,2
M_tinamanihuruk,come,2
M_sms_serpong,jan,2
M_sternshow,check,4
M_nytimes,prime,4
M_lukeisahamster,tomorrow,2
M_dynamomagician,in,2
M_ohstrawn,warriors,2
M_iamduffybear,we,2
M_indianastatevb,at,2
M_busydee,you,2
M_abeer_farhat,vanessa,2
M_chr,st,2
M_jimgellatly,come,2
M_thewantedmusic,arrw,2
M_gbarlowofficial,is,2
M_fashionablylost,penny,2
M_thereisarose,ommmgggggg,2
M_oliverlaaance,can,2
M_gbarlowofficial,awesome,2
M_only,noah,2
M_sammy_ameobi,gets,2
M_oliverlaaance,love,2
M_dune,glad,2
M_,ajmccarron,2
M_griffithsgenna,tenby,2
M_revjcmitchell,thought,2
M_arrington,noticed,2
M_bellaelly,ps,2
M_timtebow,love,2
M_theonlyayrton,looking,2
M_novomix,good,2
M_thinktastic,are,2
M_cerysmatthews,saw,2
M_rosskelly,booked,2
M_angeledujr,it,2
M_rosewoodordie,by,2
M_kellymonaco,excited,4
M_dickiev,verlander,2
M_mrduncanjames,great,2
M_houstontexans,are,2
M_wildthyme,yup,2
M_vh,we,2
M_nyjets,debut,2
M_iamladyaurora,apologies,2
M_finallevel,coco,2
M_owlcity,wow,2
M_owlcity,hey,2
M_mlbastian,that,2
M_kales,those,2
M_trujohnson,love,4
M_iamcmoneybx,for,2
M_linsey_g,so,2
M_peterburnsradio,curtis,2
M_harrypotterfilm,deathly,2
M_,special_,2
M_hulkhogan,hulk,2
M_qbpick,tomorrow,2
M_karenchristian,gm,2
M_superskin,after,2
M_gnev,on,2
M_fauowlathletics,be,2
M_allthingspll,lucy,2
M_us,kim,2
M_tomfelton,hope,2
M_tomfelton_usa,and,2
M_tfeltonchicago,are,2
M_blueraider,make,2
M_smilelikemiley,there,2
M_pacificapatch,this,2
M_markballas,love,2
M_andrewsikora,the,2
M_mnfootng,it,2
M_dariusbutler,have,2
M_s,nyc,2
M_tvguidemagazine,these,2
M_vl_delp_ham_,jenelle,2
M_mybeautyisbrown,lmfao,2
M_thehuwdavies,you,2
M_joeeewilliams,that,2
M_rosanne_,nooooooooo,2
M_paperchasinal,damn,2
M_nfl_uk,was,2
M_chrischris__,the,2
M_meganwitmer,that,2
M_buckbelue,why,2
M_oilersnow,gagner,2
M_tcswagg,nooooooooo,2
M_ahmedthalib,waheed,2
M_zachmtv,on,2
M_megnicolelewis,are,2
M_jenscibs,they,2
M_yvettenbrown,damn,2
M_jemelehill,ray,2
M_matt,is,2
M_waterloord,it,2
M_moorestu,only,2
M_raggyrach,next,2
M_theamazingsalah,you,2
M_pyaghoobians,so,2
M_,loeb,2
M_mona_elashry,those,2
M_oprah,behind,2
M_mikejefferiesl,that,2
M_jamesjammcmahon,get,2
M_donbroco,on,2
M_zachjayl,you,2
M_jamesduffy,of,2
M_greysonchance,it,2
M_sportsaholic,began,2
M_ivancartercsn,billy,2
M_jakescarr,best,2
M_refriedbrean,and,2
M_vanessacaterina,damn,2
M_laurensanders_x,do,2
M_backyardbetty,just,2
M_thexfactor,boring,2
M_itv,let,2
M_chicagobears,can,2
M_bballsource,he,2
M_charles_sings,lorenzo,2
M_elytheethiopian,th,2
M_bullandfox,as,2
M_manubiebz,yeah,2
M_tylerkhounthy,why,2
M_neilharmantimes,just,2
M_hotspurkeeno,yeah,2
M_ihsanomi,seriously,2
M_amreadertoo,mostly,2
M_nodoubt,tune,2
M_vh,tomorrow,2
M_rsherman_,people,2
M_c_lassyy,listen,2
M_carolinemanzo,do,2
M_jrhodespianist,no,2
M_sobotucker,however,2
M_politicalpwnage,awww,2
M_negigurigleek,no,2
M_markhalperin,arrogant,2
M_rioferdy,relaxing,2
M_edfrankovic,so,2
M_talkmaster,hope,2
M__justanother,smh,2
M_from_a_balcony,haha,2
M_jakemcwavynyc,you,2
M_jaggerhope,oiler,2
M_mcmwiti,really,2
M_cletisstump,brain,2
M_chrislong,look,2
M_kbutter,dook,6
M_harrysilk,aston,2
M_cheringbiebs,my,2
M_sherbetgal,we,2
M_iiamneeson,all,2
M_wsj,the,2
M_michael,sos,2
M_muterundumo,good,2
M_literallyfedup,white,2
M_essedarius,but,2
M_sadulsterclown,what,2
M_gothamschools,for,2
M_djrobbanks,drop,2
M_boxnationtv,just,2
M_bigdaddybunce,ruined,2
M_chewbekahh,but,2
M_djmizuhara,right,2
M_,upton,2
M_tyga,rd,2
M_octobersown,just,2
M_jagobrown,in,2
M_rattlecans,the,2
M_dannyislington,nah,2
M_prince_nyc,lol,2
M_raiders_spurs,reggie,2
M_ticketsnow,allowd,2
M_harthanson,for,2
M_caltrain_news,about,2
M_lstreetz,bout,2
M_wheeler_afc,pls,2
M_mtlgazette,gary,2
M_btvhoops,no,2
M_kali_boricua,real,2
M_cluckingb,ll,2
M_yosp,why,2
M_pameatsbabies,if,2
M_desdemonaous,the,2
M_topcity,yep,2
M_moomnaliaqat,no,2
M_vytrannyxo,tomorrow,2
M_piercetehv,il_,2
M_jas_stringer,and,2
M_asht,nizzle,2
M_susan_leperaxo,tomm,2
M_picesbaby,when,2
M_dudwithnozah,akin,2
M_dammit_ben,he,2
M_itv,sort,2
M_bpshow,bill,2
M_geeeasy,smh,2
M_rselectronics,no,2
M_siclancy,didn,2
M_johndepetroshow,let,2
M_scllystitches,she,2
M_bstewart,any,2
M_sunnyjim,yeah,2
M_liz_,so,2
M_craigfots,statham,2
M_llcoolj,these,2
M_spikeeskin,also,2
M_zinsernyt,not,2
M_nickiminaj,you,2
M_,santos,2
M_ditatriemeiliza,smthing,2
M_peter_owen,bulls,2
M_nonegiven,that,2
M_dorcov,yup,2
M_bleufootednewby,ah,2
M_imjustanerd,we,2
M_magwer,and,2
M_asajoseph,so,2
M_yazbanz,yes,2
M_qldfire,rosedale,2
M_libertysarmy,and,2
M_iidontrespectit,martin,2
M_becker_boris,it,2
M_rolandt,as,2
M_kruddmp,listed,2
M_iam_shanaeware,sorry,2
M_gullitr,couldn,2
M_drphil,watching,2
M_callme_jacob,omg,2
M_happymonkeyshoe,id,2
M_jimmeyotoole,reviews,2
M_mperillo,watching,2
M_farrrahsage,are,2
M_theghostinside,and,2
M_steviey,it,2
M_bradgagnon,that,2
M__brendonsmall,the,2
M_gd_girlsdesire,awww,2
M_realtaeyang,you,2
M_s,sh,2
M_getmoneya,fuck,2
M_dula,fr,2
M_o,touch,2
M_gb,scummy,2
M_kimmieleanne,said,2
M_darien_smalling,the,2
M_ebgamescanada,may,2
M_,steveburton,2
M_literallyfedup,dead,2
M_marco_ten,didn,2
M_iflwranglers,down,2
M_chase_diss,no,2
M_claaralou,unfortunately,2
M_shoehorn,can,2
M_nba,gets,2
M_danapixie,we,2
M_flybirds,they,2
M_theeeop,yeh,2
M_rfelich,if,2
M_gclaffey,gundogg,2
M_,sugar,2
M_chadfu,final,2
M_ie,since,2
M_tash_jade,that,2
M_pgatour,tiger,2
M_danspeerin,really,2
M_,johnrobbie,2
M_farhanmohamed,last,2
M_buckwoody,this,2
M_windows,handy,2
M_mervlukeba,if,2
M_daggy,obama,2
M_amish_man,he,2
M_itsthesituation,wtf,2
M_pwire,boehner,6
M_nellebekillinem,final,2
M_barackobama,don,2
M_thehill,boehner,4
M_nowiknoevrythng,republicans,2
M_telegraphsport,gavin,2
M_hartspub,ru,2
M_leighacton,what,2
M_mrxtrabusy,is,2
M_hollyconway,pavol,2
M_hamhann,haha,2
M_borowitzreport,comparing,2
M_lord_voldemort,apparently,2
M_,news,2
M_misterjorgensen,is,2
M_itsthesituation,watched,2
M_buccigross,pavol,2
M_wpbf,news,2
M_apolishgirl,also,2
M_thefakecnn,republicans,2
M_kingkc,what,2
M_speakerboehner,tell,2
M_jussobrooklyn,idk,2
M_drdrewhln,conrad,2
M_kingof_diamones,maybe,2
M_dragonflyjonez,republicans,2
M_executiveotaku,o_o,2
M_colbertreport,why,2
M_whitehouse,republicans,2
M_derekblasberg,uh,2
M_djkristal,final,2
M_sovernnation,boehner,2
M_charliemax,democrats,2
M_stillawake,are,2
M_beleidy,good,2
M_wwe,you,2
M_arodsf,no,2
M_helenlewis,fire,2
M_liltunechi,cannot,2
M_kingjames,in,2
M_giteau_rugby,to,2
M_jedthian,on,2
M_philipwkleung,grown,2
M_followmissak,remembering,2
M_microsoft,failed,2
M_morinvirtue,obama,2
M_writersblock__,we,2
M_linka,hey,2
M_morgan_u,have,2
M_magog,ehm,2
M_sesdsports,according,2
M_yoginijane,while,2
M_m,kte,2
M_xxxbibijones,sorry,2
M_samuelruback,wilshere,2
M_elrufai,the,2
M_rheagraceb,gandhi,2
M___bigasschoppa,one,2
M_sardesairajdeep,why,2
M_adamschefter,at,2
M_paulm,haha,2
M_jimmytraina,the,2
M_justincrew,is,2
M_flintoff,reminded,2
M_thetallesttrees,if,2
M_bourneyr,wait,2
M_tayyl,rgang,2
M_greg_sherwood,today,2
M_sorstrappo,picture,2
M_ohsoorels,oh,2
M_susanlambe,yeah,2
M_si_peterking,here,2
M_acmilandrew,you,2
M_ed,andonly,2
M_supergirlonline,who,2
M_xd,the,2
M_mikemassaroespn,is,2
M_nascarnowespn,at,2
M_johngtlw,sat,2
M_conortorr,sanchez,2
M_bkuhhneer,tony,2
M_lyricandmelody,demi,2
M_foxnews,amanda,2
M_rustysprouts,too,2
M_seanzha,it,2
M_smartfootball,feel,2
M_adamschefter,so,4
M_a_arshavin_fans,the,2
M_etonoldboys,hello,2
M_oliverporter,obviously,2
M_justin_kaoma,dope,2
M_mnvikingsguy,is,2
M_gordonmutugi,iebc,2
M_nufc_stats,martin,2
M_stuwaldy,will,2
M_gdisano,that,2
M_whats__goody,lhh,2
M_jaalbert,read,2
M_brokenpromize,negative,2
M_originalkingd,so,2
M_producerkal,the,2
M_brentalfloss,in,2
M_baltcops,marching,2
M_rioferdy,runako,2
M_bhhopppps_,and,2
M_usnews,too,2
M_qweenrobin,well,2
M_desboobs,breakout,2
M_s,litair,2
M_persianfarzad,bitch,2
M_alexandhispants,revelations,2
M_beingselfmadee,man,2
M_andrewilamb,chesters,2
M_pretty_tee,whoever,2
M_jordilass,you,2
M_vh,india,2
M_jmanziel,instead,2
M_kelbel_x,st,2
M_steveyc,knicks,2
M_karlousm,fuck,2
M_princessmassey,lmao,2
M_minhazmerchant,moily,2
M_,xy,2
M_skysports,he,2
M_woodysgamertag,your,2
M_jacintopatricio,yes,2
M_paulusbrewer,the,2
M_ddlovato,isn,2
M_sean_bridge,no,2
M_rkprater,just,2
M_xaralind,doesn,2
M_joe_sardelli,sorry,2
M_annoyingassrob,yeah,2
M_verumserum,vandals,2
M_investwatchdog,interested,2
M_god,doing,2
M_vbspurs,this,2
M_erickaxx,were,2
M_strikeforce,why,2
M_queensarmsbar,not,2
M_bbcworld,madoff,2
M__mariaaaaaaah,that,2
M_hannnn_ox,that,2
M__maleven,one,2
M_briteanna,and,2
M_reality_touch,hamid,2
M_wheres_mymojo,stfu,2
M_ijustinariana,aww,2
M_niallofficial,australian,2
M_yahoosports,it,2
M_ugus_sacks,or,2
M_lazofficial,how,2
M_danggem,cafe,2
M_soundersfc,in,2
M_kingmonkey,it,2
M_gdavies,ah,2
M_markbinda,sunday,2
M_christpa,best,2
M_plain_pete,yah,2
M_ken,thefool,2
M_arakha,oooh,2
M_howarderickson,my,2
M_tonyipi,dead,2
M_mob_eman,my,2
M_heathernoel,curtis,2
M_pjmedia_com,no,2
M_addicted,haley,2
M_ramythe,lite,2
M_door,be,2
M_trevorjavier,the,2
M_toozany,is,2
M_juice,strange,2
M_lala_cox,there,2
M_ppppolls,you,2
M_sunnyclifford,we,2
M_wef,annual,2
M_jordon_atkins,me,2
M_hotspurrelated,im,2
M_donna_butlin,nope,2
M_inadio,teaser,2
M_mysticvalley,mitch,2
M_rodneyondrums,me,2
M_biebergomeztour,aww,2
M_fruitpunchtoday,lol,2
M_vikingdane,thinking,2
M_xbecx,it,2
M_sumeetkulkarni,season,2
M_hilciajsu,your,2
M_dwhy,we,2
M_kdbowe,but,2
M_wfan,paterno,2
M_,spartacus,2
M_,spy,2
M__allbelongs,me_,2
M_bbberb,not,2
M__sherwood,he,2
M_kevins,matching,2
M_stevebeuerlein,preparing,2
M_seconcbs,this,2
M_goatmilkstuff,hello,2
M_morningmika,my,2
M_hayleyrose,booked,2
M_rhayne_mac,was,2
M_mokbpresents,bring,2
M_do,lounge,2
M_supremejuice_,go,2
M_multiplexer,how,2
M_justsidi,yes,2
M_daivdharvey,also,2
M_sarahjenne,nd,2
M_lancefischel,dana,2
M_,friday,2
M_danaehite,what,2
M_corrreen,bullet,2
M_immortaltech,dublin,2
M_clownpeople,yeah,2
M_echelleprakash,st,2
M_johnytyh,close,2
M_treysongz,coming,2
M__witnessmyrise,uhmmm,2
M_ng,ruth,2
M_ima_pancake,are,2
M_bornin_asia,no,2
M_cmpunk,holds,2
M_giants,have,2
M_canadaluvsadam,yes,2
M_takaflocka_,all,2
M_rbusch,the,2
M_bucksadschool,morning,2
M_giox,nigga,2
M_,chirping,2
M_nfl,ur,2
M_danferdm,on,2
M_hollypaterson_x,was,2
M_oirisheye,hey,2
M_alexarthur,borefest,2
M_taylorswift,won,2
M_jukakooikerjack,we,2
M_liamgib,we,2
M_durfc,chaps,2
M_saraademiri,it,2
M_bacana,mt,2
M_wingoz,the,2
M_thattallguydj,you,2
M_anzstadium,sat,2
M_cassieheath,next,2
M_karabellespn,would,2
M_realmickfoley,hey,2
M_fazachary,miss,2
M_abityab,lagu,2
M_billphill,may,2
M_ps,rs,2
M_,middletown,2
M_loganmdelaney,mine,2
M_pvoelkel,in,2
M_aaron_lw,well,2
M_lindalukita,chinese,2
M_domeqwwfv,may,2
M_stephyyboo,lol,2
M_jklittle,next,2
M_stripesrecords,is,2
M_muchmusic,have,2
M_cass_tar,is,2
M_mack_mays,movies,2
M_t_m_birch,caught,2
M_patwgr,if,2
M_ben_higham,we,2
M_caitrob,going,2
M_dubstephh_,down,2
M_beystanfolife,yea,2
M_frecklejuice,promise,2
M_insidetheleague,we,2
M_roblowe,the,2
M_theatreeagles,production,2
M_cryerrovers,any,2
M_bethfishreads,do,2
M_dannys,nice,2
M_amyknelson,groundhog,2
M_carlsbergsports,would,2
M_camurria,can,2
M_,former,2
M_ibelieb,justin,2
M_westhamjoe,again,2
M_mattlduff,not,2
M_danstapleton,diablo,2
M_espnnfl,rivers,2
M_jonathancape,in,2
M_telegraphmag,tomorrow,2
M_noraineanciano,feb,2
M_whiteyvdaprince,ya,2
M_saltandhepper,preview,2
M_bamberwove,haha,2
M_honeylkcocaine,live,2
M__bertab_,ask,2
M_judybuenviaje,good,2
M_kdtrey,and,2
M_oceanaswansea,is,2
M_yael_averbuch,scoring,2
M_cmpunk,and,2
M_cmpunk,is,2
M_agiamba,capello,2
M_drinkmysuccess,who,2
M_wiz,yes,2
M_seanpeterbudge,you,2
M__missrachel,tf,2
M_patiencemaddox,hey,2
M_jeffmarek,perron,2
M_tomcole,catches,2
M_cyclingsam,bosses,2
M_iron_sheik,see,2
M_josecanseco,should,2
M_kylebrandt,on,2
M_jimrome,show,2
M_cianaf,capello,2
M_alznyc,charity,2
M_hallenissen,this,2
M_,gej,2
M_mebebree,from,2
M_doctorgc,okay,2
M_mariemireles,well,2
M_joshcribbs,you,2
M_kevins,neild,2
M_starlitstyles,he,2
M_latifahdee,yesssss,2
M_castlenikki,is,2
M_real_liam_payne,guess,2
M_taraunnixonygrt,the,2
M_uberfacts,played,2
M_catmscully,some,2
M_crazycougar,not,2
M_hcd_news,is,2
M_bobwildman,hi,2
M_roblowe,to,2
M__schoolboyj,you,2
M_superskin,van,2
M_janehamsher,ice,2
M_forlornlove,no,2
M_cartermatic_,hell,2
M_,northern,2
M_kellyestaloca,february,2
M_goldberg,do,2
M_keith_er,for,2
M_bumight,plix,2
M_fiveholerumors,well,2
M_theatreeages,production,2
M__byronwong,gonna,2
M_selectlounge,to,2
M_danawhite,tell,2
M_joshkoscheck,vs,2
M_mrddyer,mate,2
M_webwych,qeii,2
M_yeproc,celebration,2
M_caldobain,will,2
M_kolaptimusprime,he,2
M_ashleyhare,im,2
M_aaronlinzy,hello,2
M_goal_intl,ac,2
M_coreybbrooks,lorenzo,2
M__kevcastillo,monday,2
M_rtedigital,reporter,2
M_pushplayjt,the,2
M_okcthunder,should,2
M_jharden,for,2
M_fckyeahalyssa,aye,2
M_hockeyyinsiderr,gagner,2
M_jgoody,for,2
M_swiftexpert,is,2
M_freddiefans,you,2
M_mrscheddies,mid,2
M__beeniee,if,2
M_ca_radio,that,2
M_remi_walker,same,2
M_buberzionist,yes,2
M_willz,real,2
M_parkcrest,church,2
M_bobrobertsjr,sat,2
M_,or,2
M_vision,lb,2
M_barbara_holm,have,2
M_adesto,stasera,2
M_,king,2
M_godssgift__,lmao,2
M_lin_manuel,tomorrow,2
M_wawa,has,2
M_travisporter,live,2
M_sglatt,riri,2
M_ozingarmc,alsip,2
M_jadeybugg,if,2
M_ashleyjudd,hi,2
M_theprawnguy,this,2
M_iconsgrille,come,2
M_aldercc,home,2
M_newtoncricket,away,2
M_mw,what,2
M_rockstargames,bring,2
M_dvfoos,no,2
M_,ramlila,4
M_q,rocks,2
M_russellthevoice,russell,2
M_simon_reeve,got,2
M_baby_boomer,yeah,2
M_leonelwell,check,2
M_mrdavidhaye,timeline,2
M_isawn_f,an,2
M_chelss_lewis,wppi,2
M_,st_love,2
M_davidarchie,we,2
M_georgiakington,and,2
M_queenofcol,going,2
M_ny_sexylady,tomorrow,2
M_kiranks,those,2
M_kinagrannis,two,2
M_freddiegibbs,show,2
M_,reggie,2
M_showyousuck,boldy,2
M_tsn,radio,2
M_thekaufmanshow,for,2
M_asampson,first,2
M_,new,4
M_byekandace,and,2
M_paulslim,and,2
M_jimboflynn,is,2
M_paul_wongjh,bro,2
M_amvanimere,are,2
M_beingpiper,leaving,2
M_bluerodeo,th,2
M_,elon,2
M_,bayford,2
M_,parkave_abc,2
M_da,crows,8
M_,gatha_,2
M_invinceable_,yeah,2
M_bloodbubble,im,2
M_superemz_,you,2
M_,blue,2
M_,in,2
M_dmoney_os,yo,2
M_andrewpeterson,yes,2
M__patrickrath,the,2
M_,brooklyn,2
M_kady,if,2
M__tweetinassnupe,well,2
M_jkashinfluence,injures,2
M_seoulsausage,when,2
M_mrbbutterfield,what,2
M_tiffzero,hey,2
M_eczemasupport,we,2
M_ayumiimariie,we,2
M_elizeviola,oh,2
M_anabanana,do,2
M_ournameisfun,presale,2
M_robertpidgeon,night,2
M_robertmarawa,mondays,2
M_maddelinesmith,hayyyuy,2
M_dannancarrow,as,2
M_billybragg,had,2
M_llcoolj,if,2
M_kchenoweth,with,2
M_itsleicesss,aww,2
M_netrootsuk,st,2
M_badmantips,commentator,2
M_jl_nicegirl,there,2
M_kahrayz,the,2
M_halestormsports,vitali,2
M_norwaymonster,st,2
M_taaaneex,yea,2
M_ebertchicago,slow,2
M_chris_cordaro,st,2
M_timcross_,introduced,2
M_countrygirl_,we,2
M_kenyawalters,riri,2
M_realkatwiiiiams,imagine,2
M_jen_bennings,wish,2
M_djphife,on,2
M_kevinlabonte,watching,2
M_wzzz,going,2
M_lowereastscribe,aas,2
M_respectmycurvez,imma,2
M_strapupshawty,hey,2
M_frankgravagna,real,2
M_hannahcollisson,aged,2
M_brupe,yes,2
M_pauldalglish,starting,2
M_stewartstarlit,ever,2
M_radio,studio,4
M_stevenash,bringing,2
M_,glasshouse,2
M_,nj,2
M_,tomorrow,2
M_kingswaggyy,yeaa,2
M_marionjoseph,going,2
M_oohheeyitssarah,are,2
M_brianaauerbach,me,2
M_crream,have,2
M_jesssicaannn,oh,2
M_bitchymctits,grow,2
M_mhammond_,bury,2
M_j_duerden,no,2
M_evoookanivooo,be,2
M_donjuan,that,2
M_bethelderkin,nov,2
M_charliehilton,will,4
M_alexsulima,lol,2
M_ddingle,nick,2
M_moogb,crows,2
M_virginamerica,friday,2
M_nsrgarret,the,2
M_ruanlouw,are,2
M_paulosamaniego,account,2
M_blackberryhelp,for,4
M_magicantonio,merson,2
M_showoffziggler,you,2
M_yenkeseijunkawa,lives,2
M_southcoastplaza,october,2
M__thelondonlook,do,2
M_ohiou,homecoming,2
M_gregabedard,fans,2
M_markazmuaadh,asalaamu,2
M__justkel,so,2
M_merinodav,can,2
M_takersgirl,im,2
M_labourbroomhill,free,2
M_tom_watson,talking,2
M_bobbyledew,november,2
M_cgendrolis,we,2
M_surnell,also,2
M_phuckmerobyn,you,2
M_,teaneck,2
M_audiovixen,wait,2
M_shoutheyband,at,2
M_alisonboner,yeah,2
M_,rgcruz,2
M_lyndajumilla,take,2
M_mosher_monica,hey,2
M_wildwoodchicken,your,2
M_abieetulaoliver,my,2
M_mrdavidhaye,david,2
M_baddgirlcouture,she,2
M_carolinakidz,and,2
M_trilla_guapo,this,2
M_,club,20
M_babbleemporium,flying,2
M_elaineafrika,lemme,2
M_eliw,get,2
M_trythev,al,2
M_thirdmanrecords,sixteen,2
M_speaknofashh,my,2
M_atkinsncbrewfan,are,2
M_taecyeonbiased,guys,2
M_midanispeaks,same,2
M_rowdycity,nba,2
M_phillehh,playing,2
M_ntrl_racing,for,2
M_andygoldstein,champion,2
M_joshwolfcomedy,one,2
M_rihannadaily,rihanna,2
M_om_nom_nomigon,pondering,2
M_dynamomagician,were,2
M_,nd,2
M_taylorswift,is,2
M_psych,ticdreams,2
M_cascadianow,most,2
M_captnbarbosa,for,2
M_frankmaloney,chisora,2
M_thijmenk,you,2
M_mydearwriter,what,2
M_super_novarn,look,2
M_ldunne,you,2
M_judydeirdre,just,2
M_mswarburg,not,2
M_johnvoce,in,2
M_cjcherryh,screen,2
M_tedontv,head,2
M_tartanterrors,we,2
M_njrod,here,2
M_primus,knocking,2
M_fmkirbycenter,tuesday,2
M_therevivaltour,in,2
M_lsqtheatre,tickets,2
M_mac_b_from_tn,yeah,2
M_akerr,they,2
M_shelleytweddle,awwwww,2
M_djyuzi,now,2
M_bostonradio,how,2
M_archuletaphils,for,2
M_sbsondemand,bring,2
M_ericamlake,at,2
M_shalaneflanagan,my,2
M_rebekahtaleh,we,2
M_aidilizwann,cause,2
M_djkoldstone,we,2
M_websterhall,im,2
M_hiddi,of,2
M_,thebeatmtl,2
M_built,dtough,2
M_blove,thursday,2
M_general_sms,follow,2
M_sportsrv,he,2
M_sweetspotnation,son,2
M_pinoy_archies,watch,2
M_mrdavidhaye,hey,2
M_jamieedgerly,tomorrow,2
M_kirstycameron,yo,2
M_stephanietannz,if,2
M_tendersociety,pancake,2
M_julieabbott,same,2
M_heartthrobesco,oh,2
M_koladeg,we,2
M_tokimonsta,hey,2
M_megggdanna,you,2
M_alpha_khan,you,2
M_dallasmavs,tip,2
M_,secsofsummer,2
M_patrick_amstrel,account,2
M_bobbyllew,check,2
M_,stoneys,2
M_heykevinliu,tomorrow,2
M_tyga,ay,2
M_thoroughmas,we,2
M_krystalwelchhh,krystal,2
M_s,mple_jack,2
M_,_shadesofclay,2
M_petekthehill,were,2
M_spiderholster,please,2
M_katec,thursday,2
M_leedsstudent,the,2
M_princess_saraw,it,2
M_,washington,2
M_onedirection,will,2
M_capitalofficial,london,2
M_kidlatdakila,chanot,2
M_cspanwj,all,2
M_sireddiebaby,if,2
M_tancredipalmeri,hi,2
M_yo_navaz,you,2
M_eugenia__,so,2
M_artsbcdotorg,plan,2
M_faonews,in,2
M_russell_packer,there,2
M_maejae,dis,2
M_adrianysan,and,2
M_froda,for,2
M_olaideolutayo__,omdayss,2
M_kstewshair,lol,2
M_,whitney,2
M_justfranj,in,2
M_frankyworrall,and,2
M_westendredbacks,in,2
M_,adrienne,4
M_coachwhitmsm,lowering,2
M_joeybadass_,december,2
M_,set,12
M_mrdeejaywatts,to,2
M_motogp,in,2
M_foreverjeti,tiffany,2
M_iansmithcomedy,and,2
M_jessicasteere,we,2
M_freeformers_uk,are,2
M_robinsavagepics,not,2
M_mo_mac_,wanna,2
M_nekehnekeh,she,2
M_smithsonianmag,tomorrow,2
M_iwetbiebersbed,rita,2
M_mattwoodruff,he,2
M_omar_quraishi,hmm,2
M_smcsfo,hi,2
M_,kisw,2
M_hotkyle,yep,2
M_ravensburgerpc,enter,8
M_swannydmp,did,2
M_johnmoug,come,2
M_mattsjustlookin,derby,2
M_damonwilliam,our,2
M_richwilson,randall,2
M_att,today,2
M_allcourtsport,hey,2
M_philtufnell,can,2
M_hornseyclub,vs,2
M_,hornsey,2
M_the_riches,we,2
M_tremontmusic,hall,2
M_iampolo__,lmaooo,2
M_kriswhittle,may,2
M_pafc,going,2
M_hitmansteviej,yall,2
M_bon,president,2
M_rob,strong,2
M_charcyb,anyone,2
M_gregstiemsma,check,2
M_sandra_lang,nope,2
M_tunein,hope,2
M_tgood,ima,2
M_belluvaz,on,2
M_jasminealexis,for,2
M_lb_az,thinking,2
M_thekingcrawlers,if,2
M_supertibbz,ahh,2
M__westsidebg,so,2
M_,rich,4
M_dubonew,plz,2
M_afirdauz,ktorg,2
M_tpbadam,umm,2
M_iamkatieduke,did,2
M_uconnvb,wins,2
M_sadlertx,already,2
M_leopard_chic,dang,2
M_ilardo,just,2
M_deshaan,im,2
M_jowyang,see,2
M_getapairof_jays,he,2
M_toshamakia,june,2
M_raheem_ordie,tomorrow,2
M_,anacervantes,2
M_jazzpastord,back,2
M_ohitsjustmynina,did,2
M_blount_kidd,in,2
M_itsliviep,klub,2
M_jacobjetswagg,hahahhah,2
M_dogzillahotdogs,will,2
M_genuine_rp,true,2
M_c,_max,2
M_stayschemin_rns,who,2
M_milli_tam,tell,2
M_carrieunderwood,and,2
M_hunterhayes,sunday,2
M_partymiami,the,2
M_arshtcenter,get,2
M_nielson,sellout,2
M_edmontonoilers,attendance,2
M_lataco,playground,2
M_kbolton,goon,2
M_,tok,2
M__oglena,going,2
M_alviniaviray,all,2
M_,landaco,2
M_brandibelt,we,2
M_louisck,is,2
M_smartkid,the,2
M_real_trademark,you,2
M_rican_amor,who,2
M_simonborchardt,exactly,2
M_fffabfffab,well,2
M_taxslayerracing,if,2
M_heffronlove,it,2
M_,calistoga,2
M_i_am_lovedx,yea,2
M_jearnhardt,tweeting,2
M_ginimartinez,just,2
M_echoeren,will,2
M_gabebachinelo,bro,2
M_,yourfreedom,2
M_moto_,fall,2
M_squirtwiddowson,ha,2
M_joannanadin,you,2
M_sammieelouisa,apaz,2
M_thegoodmad,perform,2
M_chuggaaconroy,hey,2
M_sio_noble,ah,2
M_a_collier,the,4
M_jonbudabellygrl,we,2
M_curtclendenin,an,2
M_dunkinboston,because,2
M_abbigilstonx,remember,2
M_davia,seriously,2
M_puckchk,did,2
M_humfthecocker,mommy,2
M_iiamadam,every,2
M_nova,on,2
M_tarbuckdavid,ok,2
M_neeama_jedwardx,under,2
M_siralex,they,2
M_sarahndavies,brand,2
M_wendytabusalla,together,2
M_kwiltj,let,2
M_mllesorbet,which,2
M_noreinsgirl,myself,2
M_zachbussey,that,2
M_gothamgirls,to,2
M_thestarkknight,lmbo,2
M_chrisgethard,and,2
M_dantencer,oct,2
M_samtwomiller,see,2
M_dj_orion,are,2
M_mlbazfallleague,rising,2
M_mlb,teams,2
M_hpbasketball,pekovic,2
M_nonamalone,boss,2
M_the_outfits,come,2
M_mindykaling,is,2
M_keithlaw,do,2
M_walkerantoine,november,2
M_curelounge,get,2
M_xavieremir,since,2
M_kystatefair,deep,2
M_getsomegaming,aftermath,2
M_thealumni,will,2
M_russpatt,half,2
M_shutdownthesun,these,2
M_nataliegrace,may,2
M_nctbury,anyone,2
M_spinenumber,then,2
M_mecrazymatt,fa,2
M_racingraphael,live,2
M_augustaannette,tomorrow,2
M_bigshaoon,also,2
M_onedirection,at,2
M_,ouachita,2
M_,ocs,2
M_montgomery,will,2
M_dkudlacek,whos,2
M_iflwranglers,are,2
M_loovemedo_,th,2
M_djyoungcee,and,2
M_mrsdirection,ugh,2
M_postcodelottery,the,2
M_josselitooo,nah,2
M_big_naenae,naww,2
M_yancyfaith,trudat,2
M_tommybenson,yd,2
M_rene,go,2
M_laurenlaverne,dutch,2
M_,pocket,2
M_tressayeomans,yes,2
M_georgemonbiot,on,2
M_jack_beedle,saw,2
M_normaseaeagles,norma,2
M_ellertonzahra,fashion,2
M_wayne_hay,will,2
M_bookitgabe,attn,2
M_thefourthperiod,evgeni,2
M_youngdriver,st,2
M_barneyronay,on,2
M_endhits,playing,2
M_lukechandler,th,2
M_bbcautumnwatch,driving,2
M_portlandpirates,they,2
M_tblaqsta,mxm,2
M_thelitplatform,an,2
M_broadwaybabyto,currently,2
M_natalieeelouise,one,2
M_jackieee_leen,lol,2
M_evelynnsuee,when,2
M_fluorksa,yes,2
M_teamtorbayjeds,wouldn,2
M_colourpurple,ive,2
M_bigbooty_lee,just,2
M_mlbazfallleague,are,2
M_annecurtissmith,with,2
M_vicegandako,last,2
M_boogiexlove,both,2
M_dougbenson,leonard,2
M_,jays,2
M_justinrsutton,agreed,2
M_lacountyfair,is,2
M_jacobbl,my,2
M_kayladanielle__,are,2
M_jojoc,watching,2
M_beniboi,th,2
M_nickscholer,have,2
M_alluringmbeauty,ari,2
M_edbookfest,but,2
M_edwritersconf,is,2
M_seth_eggleston,nice,2
M_r,uk,2
M_double,jg,2
M_isandbach,one,2
M_,_magda,2
M_,and,2
M_koking_bailey,randall,2
M_dalexandereal,devon,2
M_foxnews,on,2
M_hernandezz__,hey,2
M_ishufflezbigg,idk,2
M_ironheid,in,2
M_jf_gnarly,and,2
M_juliiaxxx,jaa,2
M_gravyboatamy,ignore,2
M_millerjr,obama,2
M_,harold,2
M_saraannwylart,indeed,2
M_sortastatuesque,yep,2
M_hollyjoanna_,yes,2
M_herald_st,and,2
M_maureenpaley,are,2
M_timeoutlondon,freebie,2
M_emilydixon_,november,2
M_tom_gb,do,2
M_brittsallbones,fany,2
M_carriebark,is,2
M_reganohara,game,2
M_acritesoulja,have,2
M_devan_noblit,it,2
M_johnfernpalma,you,2
M_mikejoy,how,2
M_spencermorgan,they,2
M_nikkibeachmiami,jason,2
M_jaxicandy,not,2
M_sky,com,2
M_lnt_music,is,2
M_saigonheat,com,2
M_surfcomber,march,2
M_perthwildcats,to,2
M_zurr,will,2
M_j_breitenbach,oh,2
M_nascarespn,for,2
M_kevinharvick,starts,2
M_tsharklv,st,2
M_keltron,your,2
M_monichoni,go,2
M_kylepetty,pit,2
M_ptmediaweb,we,2
M_thetalk_cbs,watch,2
M_cattleyanectar,yep,2
M_shesruthless,you,2
M_bencuzzupe,tippett,2
M_mattjonescbb,will,2
M_tcfever,and,2
M_pabsty,member,2
M_mr_knight,klub,2
M_lastcaress,hey,2
M_blakemeacake,don,2
M_kyletucker_cj,feel,2
M_jenstevensdub,golf,2
M_binarydad,some,2
M_erieotters,are,2
M_monstershockey,day,2
M_,ricks,2
M_petervecsey,millsap,2
M_rladeer,tomorrow,2
M_thewebbcup,th,2
M_,twickers,2
M_vomitsherminddx,britney,2
M_tujukutu,kung,4
M_kris_ten,we,2
M_quizderek,elvis,4
M_dcdebbie,dear,2
M_jason_pollock,republicans,2
M_threeuk,rumour,2
M_darrenvescovi,what,2
M_krmullins,remember,2
M_johnashimself,either,4
M_tonygrace,tonight,2
M_galamolabi,who,2
M_raiders,the,2
M_jesseseedath,yushin,4
M_realtwoineyylo,last,2
M_brittanyannmma,update,2
M_zingbot_,all,4
M_iphoneplaza,verizon,2
M_jimwexell,source,2
M_thequietus,pj,2
M_dandelionfuzz,mta,2
M_sportscenter,real,2
M_omar_quraishi,obama,2
M_servetheway,michael,2
M_nickrexum,so,2
M_nickhexum,apparently,2
M_oitslauren,hey,2
M_skinnycuh,they,4
M_chrisinkingston,real,2
M_princecbn,is,2
M_gabbz,me,2
M_nodqdotcom,we,2
M_fauxjohnmadden,with,2
M_markgurman,looks,2
M_vittoriotafur,any,2
M_gamespot_au,drop,2
M_barcastuff,new,2
M_dwyanewade,movie,2
M_johnboehner,with,2
M_van_gucci,you,2
M_theladyjane,this,2
M_thinkprogress,these,2
M_nicolemonster,gaga,2
M_latimesbooks,steve,2
M_evanpdonohue,concert,2
M_mike_kavouras,wouldn,2
M_ashaladawn,yeah,4
M_karlajorge,conrad,2
M_mikeabarber,we,2
M_ppapanicolaou,excuse,2
M_mrlovis,thrown,2
M_brittanyduffygp,were,2
M_vancan,lokomotiv,2
M_jessespector,names,6
M_mollysportstv,our,2
M__loveebreezyy,yo,2
M_truthh,wants,2
M_brendenwood,tiger,2
M_tomcrowe,why,2
M_tvd_olivia,the,2
M_realmadridfc_,real,2
M_joefooty,will,2
M_stephenemm,for,2
M_bpgulfleak,bp,2
M_zavvionline,deus,2
M_yungbrodee,cabana,2
M_suzanne_moore,am,2
M_missmjlover,michael,2
M_rubbdingyrapids,you,2
M_johnintoronto,former,2
M_howardeskin,steve,2
M_hardcandymusic,revisit,2
M_danishbelieber,lol,2
M_lucirmas,time,2
M_hantzleyxa,yo,2
M_jedbigbrother,it,2
M_thescore,former,2
M_claviusrobinsky,am,2
M_nidge,uk,2
M__justrediculous,you,2
M_jamiedupree,the,2
M_rob_scotland,getting,2
M_emlovesthesats,she,2
M_lilfamemonsterx,my,2
M_deanofcomedy,heading,2
M_muslimsrcoming,tour,2
M_cronaldoteam,according,2
M_d_hiatus,what,2
M_racingfreak,just,2
M_mjteenfans,if,2
M_tdlautner,so,2
M_bsubronconation,program,2
M_themtn,will,2
M_pinkysibbs,for,2
M_igotbitchesyeah,drenched,2
M_sheen_watch,charlie,2
M_rugbyworldcup,five,2
M_groovybruce,do,2
M_gagainfo,for,2
M_thebootgirls,come,2
M_tan_network,foreign,2
M_kyle_chris_mma,my,4
M_brightideasnz,was,2
M_mj_dictionary,michaeling,2
M_psychosix,smoker,2
M_drofdarb,damn,2
M_ids_broncobeat,boise,2
M_mtarecordsuk,check,2
M_,bit,2
M_jennrunschi,what,2
M_qbkilla,good,2
M_iamoshun,truth,2
M_samyoungman,boehner,2
M_jamiedupree,tweeted,2
M_monstarust,nope,2
M_amnewyork,after,2
M_deannajefferson,our,2
M_osurugby,the,2
M_usaeaglesrugby,take,2
M_sprow_espn,the,2
M_carly_coughlan,big,2
M_benjy,free,2
M_verizonzone,new,2
M_,wh,2
M_thinkprogress,golf,2
M_fauxjohnmadden,start,2
M_qmagazine,with,2
M_mercuryprize,tracks,2
M_isoledmysole,imma,2
M_zavvionline,the,2
M_ian_holyman,can,2
M_stouds,how,2
M_charitybangs,hey,2
M_wwe,please,2
M_ctvnews,lt,2
M_ryanlochte,are,2
M_sloanfatale,new,2
M_tvdfansonline,vampire,2
M_gaga_indonesia,lady,2
M_amaikara,suengyeon,2
M_victoriamiringu,clemson,2
M_k,azzi,2
M_wdwnt,rumors,4
M_therealmoconnor,safest,2
M_time,andy,2
M_thejournal_ie,amanda,2
M_kevinmcanally,and,2
M_downwithtyranny,after,2
M_kerkymcfc,more,2
M_gma,andy,6
M_,minutes,6
M_joelmchale,you,2
M_mariners,guti,2
M_est_in_,nigga,2
M_yasminn_gunner,thats,2
M_misscarter_x,did,2
M_davecatanese,raises,2
M_richwilkersonjr,wish,2
M_sherinet,state,2
M_abaosto,no,2
M_pmwenzel,looks,2
M_,dupdates,2
M_htgth,there,2
M_morvie,he,2
M_prettychicshop,and,2
M_blushshop,open,2
M_elelibs,there,2
M_cxclausen,if,2
M_floridadma,register,2
M_stephstackk,keen,2
M_ninab,eigh,2
M_ageofben,im,2
M_itastelikcandy,whoaa,2
M_alabamabuzztap,crimson,2
M_michellemalkin,wisconsin,4
M_billiejoeluver,if,2
M_spin,jane,2
M_nfl,free,2
M_thee_lolamonroe,going,2
M_adamschefter,according,2
M_carribugbee,hard,2
M_stop,watched,2
M_royphilpott,after,2
M_ryanruocco,but,2
M_mattbedfordd,well,2
M_jennyvrentas,revis,2
M_reignofsuccess,st,2
M_mickrathbone,what,2
M_boostedtrg,sanchez,2
M_ohhsuzannah,yeah,2
M_mr_marty,united,2
M_espn_colin,you,2
M_ap,cbs,4
M_ravensbuzztap,baltimore,2
M_wernickvt,tech,2
M_vtrel,it,2
M_discojr,all,2
M_mayameme,at,2
M_a_bautista,wow,2
M_adamschefter,awaiting,2
M_realscottsnyder,everybody,2
M_rickyrozay,was,2
M_nyjets,this,2
M_k_mapp,smh,2
M_da_underdog,broncos,2
M_tpm,two,2
M_accesswinnipeg,thanks,2
M_und_com,wsoc,2
M_simongreening,morning,2
M_timmyhbass,today,2
M_billyliucci,where,2
M_richardkingson,went,4
M_iheardavoicesay,is,2
M_,home,2
M_colinudoh,nigeria,2
M_vincefoss,according,2
M_wobler_,months,2
M_sandeepmakam,rally,2
M_bteacher,qfe,2
M_tonykatz,gandhi,2
M_savagebeaute,going,2
M_shanewilmoth,nd,2
M_jamestambone,then,2
M_abestwickespn,knowing,2
M_leonkilledparis,may,2
M_lord_sugar,what,4
M_michael_r_grant,remember,2
M_,jets,4
M_j_hussain,will,2
M_breakingnews,andy,4
M_johnny_shah,comedy,2
M_mr_highnotes,yall,2
M_pink_funk,end,2
M_jasonlacanfora,free,4
M_rossoneriblog,joleon,2
M_quinnrp,mhm,2
M_bullock_nffc,will,2
M_pinkelephantpun,tomorrow,2
M_merlinuward,good,2
M_redarmy,therefore,2
M_huffpostukent,we,2
M_gulfcoasttider,but,2
M_oluwashina,nigeria,2
M_gabrielst,the,2
M_djlogansama,after,4
M_theboltonnews,pls,2
M_reoracer,leaving,2
M_namrata_joshi,what,2
M_recobeco,the,2
M_pip_girl,welcome,2
M_mhigginsjets,what,2
M_olejp,im,2
M_robertfreedland,so,2
M_newarkpanto,some,2
M_kellylatimer,if,2
M_jasondlp,and,2
M_terryfoster,no,2
M_,towerfm,2
M_philmcnulty,was,2
M_voodoodollzchwk,do,2
M_laurenscottyxo,oh,2
M_adamschefter,wr,2
M_netflix,with,2
M_arsenal,the,2
M_greendaysoul,if,4
M_teenyecosse,is,2
M_espn,espn,2
M_senorwinces,jumping,2
M_the,thvirtue,2
M_lordhebe,hours,2
M_jayzboy,justin,2
M_,sttouchfooty,2
M_imjusttez,cowboys,2
M_adamschefter,nfl,2
M_missdcdarling,we,2
M_,reply,2
M_limeflowertea,ikr,2
M_,merlinmedia,2
M_matthewberrytmr,ryan,2
M_cfcmedialab,tonight,2
M_wfaasports,tonight,2
M_ummera,west,2
M_sdotbell,son,2
M_robstaton,from,2
M_accsports,touche,2
M_accsports,umm,2
M_mrsmommymatters,september,2
M_vbg,it,2
M_gridler,what,2
M_selenagomez,hey,2
M_lordvash,he,2
M_chris_tiu,to,2
M_devonrw,come,2
M_rahulcyrus,yes,2
M_bahdvibez,please,2
M_knbr,till,2
M_marvictoria_,even,2
M_charliemoontm,we,2
M_dj_dna,wow,2
M_bostonbreakers,breakers,2
M_walkonyourknees,right,2
M_robbiesavage,what,2
M_johndoee,dantrai,2
M_officialneya,comedy,2
M_sistersncloth,yes,2
M_jim_alexander,for,2
M_jonathonlittle,is,2
M_si_peterking,ok,2
M_rioferdy,if,2
M_,spurs,2
M_unhedmc,is,2
M_paddy_malone,louis,2
M_productiveouts,if,2
M_kyledake,plz,2
M_sologoldis,shaq,2
M_normaroyston,auditions,2
M_sardesairajdeep,st,2
M_jencattle,did,2
M_timesnow,how,2
M_,jett,2
M_grupoedebe,will,2
M_bett_show,with,2
M_misterhsk,did,2
M_streetfeastldn,this,2
M_keitholbermann,my,2
M_davidshuster,replace,2
M_slamsonite,honda,2
M_insidehoops,it,2
M_live_ladbrokes,from,2
M_adrianagee,anyone,2
M_ladbrokes,any,2
M_cii_meexposedx,the,2
M_donsantillan,km,2
M_bravolacy,david,2
M_,white,2
M_nick_hendren,prob,2
M_southsideasylum,no,2
M_cumbedance,for,2
M_mittromney,want,2
M_rbertrandfan,they,2
M_danieljmartin_,has,2
M_am,thezone,2
M_tv,nz,2
M_scottiepippen,who,2
M_,airport,2
M_stuartbroad,sat,2
M_cheonsa_jia,grrrr,2
M___japonessa,im,2
M_darnellmvp,check,4
M_farhanmahfuz,and,2
M_mallory,vanessa,2
M_dropsquad,french,2
M_bennyt,check,2
M_ndtvprofit,st,2
M_itsdevinmiles,show,2
M_nfl,like,2
M_,on,2
M_phsamsungmobile,my,2
M_y,lyfe,2
M_official_rfu,danny,2
M_akumakata,kenot,2
M_martyrslive,with,2
M_fantasygaffer,got,2
M_nbcnews,will,2
M_mallofamerica,make,2
M_erin_hanson,if,2
M_sexslaves,at,2
M_mahesha,ying,2
M_steven_chivingt,yoo,2
M_obeygiantstore,check,2
M_rbkd,this,2
M_presleyautumn,gay,2
M_daisia__vu,wellllll,2
M_riri,next,2
M_courtneyolson,courtney,2
M_spenceh,phew,2
M_omg_sheloca,did,2
M_mcilroyrory,has,2
M_wellsfargogolf,that,2
M_em_fost,rd,2
M_,kinder,2
M_theshannonburke,after,2
M_caodiane,or,2
M_bbcquestiontime,from,2
M_bonecrusher,yeah,2
M_frenchmontana,dmv,2
M_zakadamz,decent,2
M_maddow,ole,4
M_sfj,making,2
M_frank_ocean,piece,2
M_dannychoo,when,2
M_retrocr,how,2
M_newgirlonfox,schmidt,2
M_sir_roozy,ur,2
M_msjconnolly,chasing,2
M_megan_gunderson,tomorrow,2
M_liveandswingin,gig,2
M_mcloviiin,you,2
M_jfrench,did,2
M_stallion_frame,wait,2
M_rioferdy,harold,2
M_,west,2
M_,xavier,2
M_,uni,2
M_shh_itsassecret,wednesday,2
M_irishrep,on,2
M_austin_ormond,boom,2
M_live_ladbrokes,tomorrow,2
M_breaglee,nba,2
M_katewwfc,last,2
M_ayah_moro,no,2
M_tomcruise,prototype,2
M_ho_two_ts,wow,2
M_torontoist,night,2
M_,imbizo,2
M_rissahope,you,2
M_,cherry,2
M_masterliam,this,2
M_danlanois,singing,2
M_cheornoks,in,2
M_smashingpumpkin,fairfax,2
M_ashlynwatts,he,2
M_wmua,wed,2
M_rosegeorgiax,number,2
M_dicanio,check,2
M_kbcchannel,independent,2
M_alan_tonge,still,2
M_venkymarg,wait,2
M_alyssatbh,rich,2
M_jcrclarksonesq,why,2
M_solispaola,hey,2
M_fxknchris,lol,2
M_markbritball,bbl,2
M_cheshirejets,franchise,2
M_woodysgamertag,when,2
M_cielamara,christian,2
M_thefpshow,fps,2
M_geetiga,no,2
M_t,ht_h,2
M_cbus_matt,is,2
M_cr,news,2
M_marvi_memon,was,2
M_,java,2
M_queensoshi,what,2
M_dcdotnerd,th,2
M_thebeat,fm,2
M_mcgeecraig,come,2
M_all_bangla_news,bpl,2
M_nikcamelia,cian,2
M_eiizxc,rui,2
M_manutd,saf,2
M_chipscoggins,mr,2
M_rmadridinfo,pic,2
M_mariadevii,maria,2
M_seanmichaels,you,2
M_mieshasarmy,just,2
M_asoggycarrot,yeah,2
M_tsmithnd,with,2
M_janellesofcpke,nov,2
M_,ppl,2
M_djshowtime,on,2
M_horseracing,beg,2
M_breederscup,you,2
M_youtube,playlist,4
M_kandi,what,2
M_anfieldfm,hi,2
M_isenberg,this,2
M_jenningsnufc,have,2
M_youtube,how,2
M_archerdevil,two,2
M_pgpackersnews,shield,2
M_,bar,2
M_im_joegrizzly,bro,2
M_roman_oday,wrecking,2
M_oficial,oscar,2
M__addrriiaannnaa,yea,2
M_tutus,trying,2
M_tobias,tomorrow,2
M_leahkeenan,your,2
M_doosh,can,2
M_maryrobinette,at,2
M_fantomk_music,quartet,2
M_david_md,free,2
M_teensara,hahaha,2
M_jhaneen,one,2
M_wireshire,us,2
M_dribblepasshoot,ouch,2
M_gm,ek,2
M_stolenspaceldn,at,2
M_socayute,for,2
M_,deedee,2
M_codeofconduct,the,2
M_pipmyride,wait,2
M_dcyoungrebel,french,2
M_way_too_dope_,they,2
M_joespnut,maybe,2
M_kandi,hi,2
M_rajeevnath,you,2
M_joshsteen,we,2
M_jungphil,just,2
M_tollybandz,live,2
M_indystarsports,colts,2
M_indystatefair,victims,2
M_derrickward,monday,2
M_thatboyjacob,good,2
M_hillmcgill,does,2
M_djbamboozle,well,2
M_letsgotribe,must,2
M_whosyourtiger,verlander,2
M_sfgiantsfan,nyj,2
M_osunnyg,hou,2
M_daveearl,monday,2
M_sky,insider,2
M_mortystv,do,2
M_rosaacosta,noticed,2
M_detroitlionsnfl,gettin,2
M_kugrlover,most,2
M_pierregarcon,come,2
M_jjuueellzz,down,2
M_firecore,can,2
M_heavensbasement,the,2
M_journalrecord,blog,2
M_karaotr,you,2
M_nvsofficial,saw,2
M_fatimasule,that,2
M_jonasbrothers,at,2
M_trirob,just,2
M_killa_,if,2
M_pacers,looks,2
M_benmaller,can,2
M_,neb,2
M_,ou,2
M_eminem,concert,2
M_summerworks,at,2
M_bullbeggar,jan,2
M_clintstoerner,as,2
M_king_johnson,put,2
M_djt,you,2
M_marteenhanna,hi,2
M_smith,_mitch,2
M_kateydulles,haha,2
M_tweetmesohard,cannot,2
M_,lost,2
M_t,h_uhh,2
M_dapitbull,you,2
M_samix,sami,2
M_justinbieber,hi,2
M_itsthegwebb,sunday,2
M_itspetem,thanks,2
M_jason_omara,will,2
M_surveyormag,event,2
M_charlieismemate,sweden,2
M_rodimusprime,may,2
M_debbiewooters,do,2
M_babybaileybear,he,2
M_heavyoilcountry,right,2
M_spdetore,tell,2
M_derrickwalton,gonna,2
M_dailybuzztv,friday,2
M_lifeloveshop,and,2
M_thewantedmusic,if,4
M_mrspippasykesx,ill,4
M_berlingeekettes,get,2
M_skyshaw,hahaha,2
M_daphnebeauty,last,2
M_bradstrat,super,2
M_hpotterheads,in,2
M_zaynmalik,can,2
M_boyd_,it,2
M_craigspratt,yeh,2
M_sephora,cinderalla,2
M__changsuns,prepix,2
M_thescript,st,4
M_avalard,have,2
M_dianaanoann,the,2
M_georgeguzman,from,2
M_lararamos,april,2
M_lfc,it,2
M_drphi,cuba,2
M_emrusciano,not,2
M_cnn,has,2
M_foxsportsfowler,was,2
M_melgreighot,marni,2
M_kourtpinkerton,so,2
M_jlsterx,hey,2
M_firstaffection,we,2
M_ladyupminster,true,2
M_dcunited,fans,2
M_,rfk,2
M_iloveerika_x,but,2
M_tomfoolery,yes,2
M_streffsoccer,so,2
M_chris__smith_,tells,2
M_briannafrost,my,2
M_ellezirk,convince,2
M_bigmacfishes,definitely,2
M_emma_duerr,apples,2
M_ditzkoff,can,2
M_wakeywakey,can,2
M_,any,2
M_itsaishaamiri,forget,2
M_kelseyrprice,yea,2
M_teamgb,shirt,2
M_lonelyplanet,the,2
M_ssalo,as,2
M_maccosmetics,completely,2
M_jaackkemp,wooooooo,2
M_michellekrusiec,hey,2
M_dankretchman,th,2
M_teeaaaceex,asap,2
M_thecab,gonna,2
M_ishawnsta,righhttt,2
M_evanmatheney,you,2
M_dionwaiters,good,2
M_,smart,6
M_sallysquirrel,lol,2
M_savetatton,perfect,2
M_this_is_caz,brilliant,2
M_hitmanholla,yo,2
M_stevebartram,remember,2
M_duckydoestv,covering,2
M_isobelcarr,it,2
M_farkaseyeblack,is,2
M_jonheymancbs,what,2
M_mapher,internet,2
M_ryancharlie,hahaha,2
M_hyungjun,hyung,2
M_timeslive,black,2
M_paigetaylor_,december,2
M_yewmadcunt,goodnight,2
M_,free,2
M_htbchurch,with,2
M_mercyministries,on,2
M_beourguestmike,thanks,2
M_candyrules,ohh,2
M_natebias,and,2
M_chuckragan,in,2
M_richeisen,some,2
M_neiltyson,posted,2
M_iconiacforever,lol,2
M_itsalissaxx,omg,2
M_ajaydevgn,himmatwala,2
M_gretawire,interesting,2
M_paulryanvp,were,2
M_aupaceltic,jason,2
M_thoorryy,aka,2
M_swissvodoochild,next,2
M_nathanthewanted,is,2
M_quadecooper,good,2
M___astoldbydeee,omg,2
M_katvontease,hmm,2
M_odettbodnar,on,2
M_reem_h_jun,take,2
M_dvdbits,have,2
M_sltcloud,at,2
M_trainitright,good,2
M_ayedollasign,dallas,2
M_harrymccracken,looks,2
M_sherry_khan,in,2
M_,mama,2
M_lta,yeah,2
M_maddow,get,2
M_,wisconsin,2
M_rmueksch,is,2
M_,mitcham,2
M_samhoff,omgosh,2
M_jedlewison,for,2
M_naktash,we,2
M__cosatu,cosatu,2
M_dmupentecost,yeah,2
M_kahanuka,hahah,2
M_kenyakona,with,2
M_mashamba,at,2
M_boy_rick,haha,2
M_countingcrows,show,2
M_rebeccaharrisdr,for,2
M_datnigga_tj,nigga,2
M_derbycq,to,2
M_vaultnightclub,thursday,2
M_youtube,when,2
M__l,gov_,2
M_arnezjcomedy,sold,2
M_yung,ix,2
M_krissoutar,lol,2
M_johnstownhawks,tickets,2
M_stirredshaken,photo,2
M_spotlightworkpa,love,2
M_craigemersonmp,coming,2
M_perryh,thanks,2
M_joeygraceffa,you,2
M_hpself,thank,2
M_lindseykmiller,changed,2
M_youtube,thanks,2
M_khushal,haha,2
M_digiadvansouth,thx,2
M_rossmbrown,seriously,2
M_syddie,yes,2
M_kokotheturtle,strolls,2
M_bedders,my,2
M_gotmalkin,tickets,2
M_chuckragan,tear,2
M_davidwildwest,so,2
M_mkipley,nd,2
M_best_coast,and,2
M_,cafe,2
M_hannahpool,more,2
M_shortchick,lol,2
M_itsarob,on,2
M_adamramsay,that,2
M_ameliabrfeg,ow,2
M_diarmuidm,lfc,2
M_msanimalbrown,robert,2
M_irelandmarchand,miss,2
M_thewantedmusic,video,2
M_exeter,ac,2
M_tawney_beth,well,2
M_samcraggscbc,hope,2
M_liltunechi,fan,2
M_bonni,see,2
M_andyroddick,is,2
M_hyungjun,hi,2
M_bbbso,see,2
M_loumongello,listen,2
M_,east,6
M_hugofeijo,that,2
M_martynshaw,when,2
M__djpei,prob,2
M_denardx,is,2
M_ricothezombie,would,2
M_bucks,rookie,2
M_nbasummerleague,game,2
M_hornets,on,2
M_famouslyalone,and,2
M_heathergro,yessss,2
M_leeegabrielle,will,2
M_steveaoki,here,2
M_drake,back,2
M_jimdoyle,just,2
M_gmail,com,2
M_marnilittle,hey,2
M_andywoodruff,do,2
M_josephcasciaro,why,2
M_ali_speaks,tomorrow,4
M_scottcrenshaw,coming,2
M_destineehooker,come,2
M_thewantedmusic,well,2
M_kent_ba,thx,2
M_nandosnialler,guess,2
M_iamdavebriggs,see,2
M_mrssole,lol,2
M_ljfb_,to,2
M_j,thaad,2
M_dandundas,council,2
M_strideso,thanks,2
M_markschlereth,peyton,2
M_oddsbuster,hopefully,2
M_dean,fancy,2
M_eagles,fire,2
M_nicoleharrisf,eden,2
M_the_bear_,oh,2
M_samuel_k,went,2
M_bossiecasonceo,see,2
M_hyungjun,kim,2
M_marniwasserman,marni,2
M_quandafckndon,well,2
M_jrtayl,it,2
M_loveee_lexie,one,2
M_fare,ahh,2
M_rickbozich,that,2
M_dcunited,will,2
M_iraheatbeat,jordan,2
M_cllrjsaunders,the,2
M_fan,walker,2
M_trucker_ty_,is,2
M_fionasalsa,hi,2
M_elizabettymiles,marni,2
M_ericfishertwc,for,2
M_ddlovato,congrats,2
M_buffalobills,mario,2
M_panchobancho,thanks,2
M_abtballet,in,2
M_pinklemontee,dec,2
M_excusemewwe,welcome,2
M_missjfish,congrats,2
M_kellymonaco,why,2
M_shawnmichaels,mra,2
M_lifebites,nina,2
M_conanobrien,yes,2
M_kitsgirl,ah,2
M_lets_cupcake,kyocera,2
M_sweetbabyliebs,ahhh,2
M_robynnn_b,just,2
M_jeannedesutun,terra,2
M_haanann,kita,2
M_realtaeyang,st,2
M_richardm,is,2
M_mlbnetwork,jay,2
M_xsamanthastyles,sydney,2
M_shaggyspoutine,is,2
M_patchingsart,will,2
M_,city,6
M_firehawkz,he,2
M_,nikki,2
M_djjasonvernau,via,2
M_aaahc_quality,accreditation,2
M_msirishgleek,oh,2
M_karlrove,great,2
M_cmusoftball,for,2
M_ibgdrgn,oppa,2
M_thefictiondesk,okay,2
M_shalenko,awww,2
M_cd,dong,2
M_,hammerstein,2
M_musicregistry,great,2
M_gemma_lordan,don,2
M_rachael_burns,it,2
M_dwill_wku,over,2
M_byrnekatelyn,hahah,2
M_jacksierra,say,2
M_sweeneytodduk,last,2
M_chewb,tomorrow,2
M_statebaseball,today,2
M_kdtrey,better,2
M__truelyfavored,thank,2
M_camkinley,deron,2
M_advice,sports,2
M_fit_tamara,glad,2
M_realbkbrown,bobbi,2
M_jimbocameron,one,2
M_wearefarmers,saw,2
M_thedlv,how,2
M_yungralphworld,the,2
M_wnsource,more,2
M_jsmithready,oooo,2
M_alexiaeyy,its,2
M_suresh_mb,yes,2
M_mikebellafiore,after,2
M_steven_bonnell,hey,2
M_harry_styles,tomorrow,2
M_griersonleitch,review,2
M_bfrasor,thanks,2
M_owainglynevans,ty,2
M_chelsea_sarabia,omg,2
M_villagebrewery,and,2
M_elitehomeav,at,2
M_,keppel,2
M_d,ctorwho_,2
M_emmakilduff,yeah,2
M_chloephillipa,gazza,2
M_tara_smiles,not,2
M_wildcatdolls,dance,2
M_doremigirl,posterous,2
M_laydeemarz,nancy,2
M_intlobject,until,2
M_mezajudy,thats,2
M_juneyeu,hey,2
M_gustav_wood,manchester,2
M_gregy,winning,2
M_,loganhenderson,2
M_mtv,yeah,2
M_djpaulyd,voice,2
M_,wsix,2
M__whosthatjess,her,2
M_americansone,this,2
M_themembox,at,2
M_teen_top,chunji,2
M_polesel,now,2
M_r_roddy_piper,wow,2
M_beastieboys,in,2
M_natty_lik,yes,2
M_louis_tomlinson,tomorrow,2
M_jimparedes,yes,2
M_jethronaldo,the,2
M__baileyrobinson,she,2
M_rwaus,forums,2
M_discomundial,thanks,2
M_kayafestival,co,2
M_miryoakajohoney,unnie,2
M_julianathelady,people,2
M_paddypower,well,2
M_eldermars,easy,2
M__smileemptysoul,good,2
M_thedevilwolf,this,2
M_chartersss,bring,2
M_vaughtsviews,good,2
M_shawnmichaels,is,2
M_laurenktjones,that,2
M_boilerroomtv,tomorrow,2
M_pariahbeats,chika,2
M_q,would,2
M_theroxy,this,2
M_ideenyc,and,2
M_a_g_h,nd,2
M_veechow,thanhnii,2
M_,mgm,6
M_nermtheboz,you,2
M_grabmywerner,should,2
M_thejimmyv,haha,2
M_markdefeo,it,2
M__killtom,sat,2
M_,rogue,2
M_theboyswifties,god,2
M_blockheadliv,october,2
M_adafruit,blog,2
M_i_am_f,if,2
M_elishahelton,hahahaha,2
M_fridayology,sounds,2
M_rawritsana,give,2
M_be_ggdeeryoona,up,2
M_darren_healy,myself,2
M_aomahonycork,good,2
M_rte_co,to,2
M_,work,2
M_sclarke,cool,2
M_richardm,on,2
M_brendan,thanks,2
M_joeycoulter,have,2
M_mscutiepie,we,2
M_,double,2
M_djsabby,loving,2
M_johncena,hi,2
M_michielopperman,tomorrow,2
M_tanenbaum,awesome,2
M_mmadnesstiff,then,2
M_annargh,unfortunately,2
M_gazgshore,will,2
M_kenny_wallace,good,2
M_footiebettingfc,quevega,2
M_juniorbiano,yeah,2
M_laurynita,yeah,2
M_sometimesrhymes,so,2
M_wtju,fm,10
M_seekmagicblog,no,2
M_,frankie,2
M_teen_top,it,2
M_badchoreo,is,2
M_damo_dee,going,2
M_ariennaminx,and,2
M_gulianarancic,so,2
M_danhill,haha,2
M_probablymolly,yes,2
M_ksiolajidebt,soundboard,2
M_robertlusetich,on,2
M_monsterenergy,in,2
M_harry_styles,heard,2
M_bonn_beau,noooo,2
M_llcoolj,for,2
M_sidelinescouts,in,2
M_gelatinousbones,were,2
M_lancemcalister,excitement,2
M_kevinmitchell,win,2
M_emilybeasley,emilyyyy,2
M_mattbarkley,scant,2
M_mrchrisrene,who,2
M_theroxy,th,2
M_priyankachopra,ramcharan,2
M_marinaharss,great,2
M_richholly,hope,2
M_nytimes,reports,2
M_bakedfoxxx,fuck,2
M_,colne,2
M_mollyascott,bollo,2
M_leemazin,for,2
M_nadiamarychurch,preaching,2
M_catdowlingmusic,then,2
M_thevrkills,can,2
M_missmay_,okay,2
M_victorialynn,shes,2
M_backspin_mag,oct,2
M_rapsunited,nation,2
M_vi,backed,2
M_therickwilson,more,2
M_neilpressimone,the,2
M_leonthomas,still,2
M_ollyofficial,on,2
M_aya,tay_,2
M_mg_indy,reggie,2
M_niallofficial,tomorrow,2
M_extremeflamingo,its,2
M_lilsquab,club,2
M_realwizkhalifa,since,2
M_miryoakajohoney,the,2
M_richeisen,you,2
M_,nbcsnl,2
M_proverbs,you,2
M_earthdefendah,may,2
M_jujublovelove,happy,2
M_maliharamlan,haha,2
M_iansomerhalder,good,2
M_jeremyonmarz,just,2
M_ryanbruce,haha,2
M_keijhohyun,oo,2
M_notdanica,if,2
M_profofgoonism,september,2
M__,shades_,2
M_bdd,every,2
M_ayooitsdock,your,2
M_,crufts,2
M_d,mous,2
M_danielcharles,ah,2
M_miprepzone,just,2
M_disneyhyperion,didn,2
M_sullycnbc,didn,2
M_harrietollerton,cant,2
M_sqorgar,and,2
M_appletweets,apple,2
M_connor_howieson,went,2
M_gethenian,the,2
M_allie_cat,it,2
M_,everlove,2
M_nike_wearer,the,2
M_shestaymia,lux,2
M_espngreeny,big,2
M_connormcmanusx,it,2
M_zwelinzima,do,2
M_unpredictagwapz,get,2
M_cnbc,didn,6
M_dixon_messenger,colton,2
M_,dnc,4
M_an_artnews,sadly,2
M_j,neverlose,2
M_skinny_minix,retard,2
M_sledheadmove,when,2
M___takiyah,hmm,2
M_liltunechi,kissing,2
M_lewiscrs,didn,2
M_kdizzle,dude,2
M_jonathantepe,might,2
M_shazzer,poor,2
M_valderie,there,2
M_kellehn,he,2
M_zwelinzima,could,2
M_hamilton_elle,swing,2
M_elsarcasmmm,lol,2
M_kingjames,lmao,2
M_monzzz,were,2
M_byron_miller,it,2
M_mc_squ,zzy,2
M_fresh_prince,__,2
M_jjwinter,dancing,2
M_anthonyli,you,2
M_ahisraell,lies,2
M_markbpeterson,apples,2
M_malmal,if,2
M_benjbaur,done,2
M_rock_kendy,but,2
M_sandralaville,sounds,2
M_tonyrusciano,hearing,2
M_fredmacpherson,we,2
M_tina__tubs,does,2
M_cw_network,bummed,2
M_brownhillsbob,double,2
M_datakcy,what,2
M_senfeinstein,blame,2
M_crystallakemike,nobody,2
M_,dshottamale,2
M_laurensackett,nooooo,2
M_meekmill,just,2
M_funkmasterflex,eva,2
M_arifazmin,even,2
M_vtti,right,2
M_moanajkidd,the,2
M_racheljwc,michael,2
M_djdannyf,never,2
M_fuller_saints,you,2
M_moilifestyle,no,2
M_nupeykollins,douglas,2
M_dylan_pritchett,that,2
M_ladysmaug,can,2
M_mukurowl,we,2
M_cheetoss_,ugly,2
M_dont__kay_me,omg,2
M_clbrooks_,tomorrow,2
M_pjforest,what,2
M_meow_x,unfortunately,2
M_notthegolfer,could,2
M_kaseykahne,will,2
M_jcfsports,bias,2
M_lzone,yeah,2
M_kakaty,found,2
M_kenzzzzxo,so,2
M_save_us_gsm,so,2
M_mcvcinspiresme,once,2
M_swish_kk,and,2
M_mccsmarty,no,2
M_amreen_taher,ya,2
M_defiantlionuk,to,2
M_justindsweeney,byu,2
M_nflfantasy,major,2
M_tswift_nz,and,2
M_ingrid_wien,asa,2
M_kris,if,2
M_liebetreuebrai,lol,2
M_gracey_,hope,2
M_morgaineyou,when,2
M_superbasslovato,cause,2
M_nba,our,2
M_mariam,japan,2
M_nba,my,2
M_joeandevan,ev,2
M_venomdjsk,vampires,2
M_t_moniquexoxo,they,2
M_ootereoo,hey,2
M_youtube,got,2
M_nickelodeontv,may,2
M_shotmylover,then,2
M_cherylmunro,sorry,2
M_darrellissa,sir,2
M_muccas,sylvia,2
M_bluevino,may,2
M_mattmahony,they,2
M_barackobama,clinton,2
M_tabhaverkamp,that,2
M_hstringfellow,yes,2
M___aniko,you,2
M_rosstheboss,and,2
M_kstew,at,2
M_b,gfootball,2
M_marnilittle,marni,2
M_jesse_hogan,have,2
M_niyishandle,tweet,2
M_kevinpp,was,2
M_rosecitytravel,sorry,2
M_nafi_,usually,2
M_c_chewy,which,2
M_prospecthospice,call,2
M_kingrj,aren,2
M_lobodude,you,2
M_kyletmanmusic,nov,2
M_,yerba,4
M_danninolan,for,2
M_jmotte,fyi,2
M_neiltyson,the,2
M_communitech,is,2
M_,gregory,2
M_mikarublackline,yo,2
M_jgreeds,we,2
M_reylynn,and,2
M_imthesportsdude,remember,2
M_brookingsinst,on,2
M_nrhinds,in,2
M_watchj,you,2
M_quotessimpson,father,2
M_paleycenter,thats,2
M_awsumlala,and,2
M_govchristie,do,2
M_j,da_b,2
M_atehnicole,we,2
M_natle,gonna,2
M_joey,barton,2
M_,derful_updates,2
M_spikealbrecht,is,2
M_atiqahyojin,babe,2
M_dandeliongirl,calling,2
M_iam_san_tana,pro,2
M_amaaandapleasee,your,2
M_bmeyrose,will,2
M_philtonks,are,2
M_oneyoungworld,kofi,2
M_sarahtingle,our,2
M_th,nstatsguy,2
M_biznasty,point,2
M_faithfullly,hey,2
M_glawbhs,will,2
M_mattperekupka,you,2
M_mattywills,announcing,2
M_apartmentlist,sound,2
M_mr_pentz,guess,2
M_nehal_c,its,2
M_sallydaisy,is,2
M_oddisee,is,2
M_katielamica,we,2
M_,american,4
M_likeimreffinit,im,2
M_maceewatson,if,2
M_hostelworld,for,2
M_,island,2
M_vivicas,will,2
M_toofancy,words,2
M_fucked_hard_,nd,2
M_misscelestestar,which,2
M_kempite,why,2
M_mabine_seabe,cadres,2
M_lauinla,will,2
M_georgeguzman,and,2
M_emilydistefano,my,2
M_,party,2
M_kingmatt,that,2
M_nbcdfwweather,don,2
M_twentyy_fifthh,what,2
M_findhitarth,you,2
M_pinckashtronaut,tell,2
M_sarah,pcc,2
M_hawkeyenation,wasn,2
M_harveyishere,game,2
M_sullivanhallnyc,check,2
M_fine_boy_kzo,shege,2
M_basadeed,they,2
M_katyakaramel,friday,2
M_titonation,idk,2
M_sabrinamaree,okay,2
M_shannonleto,back,2
M__yukisohma,are,2
M_carloga,do,2
M_vaultnightclub,tomorrow,2
M_jassy,what,2
M_foreignpressctr,live,2
M_un,secretary,2
M_olafurarnalds,where,2
M_sugaonmy_cookie,supposed,2
M_arujinik,hey,2
M_rajasthanroyals,stay,2
M_jessicamerizan,for,2
M_foreveranangel,yeah,2
M_jeffsammut,ron,2
M_andreaxx,andreaaa,2
M_skysportsboxing,is,2
M_khjbelinda,he,2
M_papacaloy,sleepy,2
M_overthowed,life,2
M_long_ally,right,2
M_maddow,show,2
M_ghincapie,came,2
M_eviplist,and,2
M_tonetoneinherre,gangsta,2
M_cyrusthewanted,are,2
M_,sp,2
M_brookingsfp,this,2
M_ashmayo,me,2
M_kraftcheze,for,2
M_donovanskyfox,why,2
M_hhroadguy,please,2
M_inplayradio,arsenal,2
M_francoishougi,and,2
M_naomiaklein,maude,2
M_sambolitho,finds,2
M_kenyakona,this,2
M_lindsay_devore,ddo,2
M_popjustice,how,2
M_jonesonthenba,gerald,2
M_eddysega,john,2
M_hot_,do,2
M_yaris_sanchez,and,2
M_sunniandthecity,host,2
M_,bidden,2
M_icandy,umm,2
M_anupampkher,lal,2
M_waterlution,toronto,2
M_caplannfl,tom,2
M_,clubsbl,2
M_,gladstone,2
M_claraamfo,travelling,2
M_rootsports_nw,http,2
M_bennogk,on,2
M_danny,ausedo,2
M_invisible,sets,2
M_pgallamerican,game,2
M_mazjobrani,returns,2
M_shannonleto,who,2
M_chelseafc,fans,2
M_kirstenlholz,presidents,2
M_playbill,imelda,2
M_callmehype,play,2
M_coach_heath,whose,2
M_cainmma,vs,2
M_junior_cigano,part,2
M_bwwings,boneless,2
M_cvillenews_desk,and,2
M_japanfoundation,shishi,2
M_thamesfestival,in,2
M_matt_fiddes,if,2
M_lisaannwalter,tonight,2
M_,kl,6
M_deadmantakagi,daylight,2
M_clarknova,for,2
M_,bring,2
M_torixp,are,2
M_ashleydp,looks,2
M_karlesbarkley,what,2
M_shawnmichaels,can,2
M_hardyz_g,yay,2
M_tifosiguy,really,2
M_kare,morning,2
M_thedlnation,yea,2
M_vzwsupport,are,2
M_rushinconcert,driving,2
M_kingmidas,lol,2
M_ashbenson,at,2
M_latenitereading,hoosier,2
M_,thplanet,2
M_vertigoclubkl,on,2
M_mysteryjets,at,2
M_stageclubkl,on,2
M_morefmradio,chris,2
M_mrchrisrene,to,2
M_pjmonaghan,hey,2
M_ilseabenavides,october,2
M_galoppsport,se,4
M_creamteam,yo,2
M_supcuts,on,2
M_fabulous_miami,multi,2
M_youtube,yellow,2
M_mrnickclark,it,2
M_syriancommando,the,2
M_nabeelrajab,case,2
M_laila_,it,2
M_ayy_yo_gorgeous,what,2
M_therealttunie,sharon,2
M_mandiieekillaaa,are,2
M_peterjamesuk,in,2
M_sco_bigloretta,also,2
M_kristielupus,try,2
M_aolsen,you,2
M_kaitshannanigan,you,2
M_nathanclev,defending,2
M_robhill,lol,2
M_reeddeming,wait,2
M_d_copperfield,when,2
M_megmalik,wait,2
M_danicamckellar,wayne,2
M_randolphpermejo,november,2
M_mtv,the,2
M_northstandchat,despite,2
M_valerietxw,nope,2
M_leedsunited,yes,2
M_mzmarina,see,2
M_liquids,with,2
M_samuelaiken,that,2
M_shaneruane,overturn,2
M_clairehuggy,very,2
M_slumdogkaran,speaking,2
M_fiatusa,getting,2
M_andyclarke,any,2
M_paddypower,today,2
M_yunglysol,the,2
M_future_roots,has,2
M_bassfaceyeg,weekly,2
M_rickyrozay,will,2
M_efesque,center,2
M_claytonsmarlow,what,2
M_drseandaner,at,2
M_mhdfrzn,july,2
M_rajan_sr,is,2
M_peeeeekabooo,serious,2
M_calvin,harris,2
M_neyo,all,2
M_rickyrozay,live,2
M_castlepalooza,playing,2
M_realskipbayless,eddie,2
M_justjimwilldo,ah,2
M_loud_nospeaker,we,2
M_capitalweather,the,2
M_nickpp,ever,2
M_,claytons,4
M_timthrock,talks,2
M_wabi_tv,at,2
M_remmid,examines,2
M_matthew,head,2
M_boylesports,going,2
M_,yale,2
M_jonandary,for,2
M_nvdox,anyone,2
M_adclayton,haha,2
M_kris,with,2
M_markudall,mark,2
M_mopheadash,as,2
M_iamhypenation,vol,2
M_oceanrecords,lets,2
M_cancillajoey,for,2
M_mainanyc,rob,2
M_wweuniverse,cena,2
M_,dupdatescanada,2
M_bhayescurtin,check,2
M_juliannemoorefc,reagan,2
M_martman,if,2
M_gerihalliwell,struts,2
M_bccare,on,2
M_whiebs,tackles,2
M_aggybum,the,2
M_theramon,how,2
M_giginow,to,2
M_daverosin,please,2
M_just_jewulz,got,2
M_youtube,via,2
M_,th,2
M_datpiffmixtapes,jumpcity,2
M_saracalii,any,2
M_joegibbsracing,what,2
M_moegger,will,2
M_anatomy,of,4
M_,living,4
M_scott,shaw,2
M_hs_soshified,at,2
M_,generations,2
M_scgauchos,next,2
M_lbccvikings,in,2
M_djflowe,bret,2
M_itsomaaar,lol,2
M_k_rae_d,spend,2
M_chriswaddle,dec,2
M_shefaliiipatel,call,2
M_serinnahvb,kl,2
M_robdoci,yeah,2
M_mia_klose,album,2
M_oliviachiarelli,listen,2
M_belindayardley,can,2
M_taytaystalker,yeah,2
M_angelayee,don,2
M_athrash,they,2
M_meta,malsous,2
M_chloeed,in,2
M_vogueitalia,on,2
M_rcw_md,last,2
M_cobthfc,stay,2
M_groovy,nola,2
M_usdvolleyball,vs,2
M_espnu,at,2
M_usdtoreros,rb,2
M_pacegallery,tonight,2
M_kellymonaco,had,2
M_askairasia,flight,2
M_ridingthepine,with,2
M_fbhw,vips,2
M_ybcully,well,2
M_tifosiguy,father,2
M_cherrybelleindo,nov,2
M_evo,ill,2
M_iamabigcas,yessss,2
M_waddleandsilvy,so,2
M_blakes_ht,if,2
M_wyattish,tonight,2
M_king_bailey,we,2
M_leevaleac,sorry,2
M_miatakeover,tix,2
M_vancitybuzz,hey,2
M_raiseit,ryp,2
M_zachsaltern,oh,2
M_cvillenews_desk,podcast,2
M_inner_geekoid,snow,2
M_senjohnmccain,july,2
M_jennquan,yeah,2
M_afifplc,the,2
M_haysteed,junior,2
M_jenhamson,and,2
M_joshjensen,always,2
M_garylineker,gazza,2
M_mdirmeikis,hey,2
M_probablymolly,brentley,2
M_hazmaterial,let,2
M_evrfc,the,2
M_johnmuttimer,retweet,2
M_shortychorizo,so,2
M_jdingo,sooo,2
M_miriaflavell,why,2
M_oaklandscollege,in,2
M_y,news,2
M_schullzz,hi,2
M_thisisellenb,marami,2
M_the_jdoss,the,2
M_rusher_,ever_,2
M_beach_rusher,thing,2
M_un,if,2
M_celticfestvan,on,2
M_robneyer,in,2
M_murphyslaw,pcc,2
M_princeofpirates,st,2
M_amirsalimi,it,2
M_jameslepp,will,2
